point_id	community_id	sample_id	sample_key	method	method_label	metric	metric_label	distance_value	contrast_vs_jaccard	contrast_vs_weighted_jaccard	contrast_vs_braycurtis	contrast_vs_gunifrac_a0.0	contrast_vs_gunifrac_a0.5	contrast_vs_gunifrac_a1.0	PC1	PC2	PC3
mock-12|Mock 3|ASV|jaccard	mock-12	Mock 3	mock-12|Mock 3	ASV	DADA2	jaccard	Jaccard	0.4054054054054054	0.0	-0.17590621383731075	-0.0043474530288173385	0.23517145662302777	0.35803182761567	0.3665856330308985	-1.7755603658218124	-0.35674543838113915	1.1560518071069736
mock-12|Mock 3|ASV|weighted_jaccard	mock-12	Mock 3	mock-12|Mock 3	ASV	DADA2	weighted_jaccard	Weighted Jaccard	0.5813116192427161	0.17590621383731075	0.0	0.17155876080849342	0.4110776704603385	0.5339380414529807	0.5424918468682092	-3.9445607232653295	-0.35604564246696624	1.1268394500703627
mock-12|Mock 3|ASV|braycurtis	mock-12	Mock 3	mock-12|Mock 3	ASV	DADA2	braycurtis	Bray-Curtis	0.4097528584342227	0.0043474530288173385	-0.17155876080849342	0.0	0.2395189096518451	0.3623792806444873	0.3709330860597158	-1.82916635828661	-0.35672814319979695	1.1553298351691415
mock-12|Mock 3|ASV|gunifrac_a0.0	mock-12	Mock 3	mock-12|Mock 3	ASV	DADA2	gunifrac_a0.0	gUniFrac 0.0	0.1702339487823776	-0.23517145662302777	-0.4110776704603385	-0.2395189096518451	0.0	0.1228603709926422	0.1314141764078707	1.124206290219262	-0.3576810052430646	1.1951062123256786
mock-12|Mock 3|ASV|gunifrac_a0.5	mock-12	Mock 3	mock-12|Mock 3	ASV	DADA2	gunifrac_a0.5	gUniFrac 0.5	0.0473735777897354	-0.35803182761567	-0.5339380414529807	-0.3623792806444873	-0.1228603709926422	0.0	0.008553805415228502	2.639128263613267	-0.3581697724318955	1.2155093632138287
mock-12|Mock 3|ASV|gunifrac_a1.0	mock-12	Mock 3	mock-12|Mock 3	ASV	DADA2	gunifrac_a1.0	gUniFrac 1.0	0.0388197723745069	-0.3665856330308985	-0.5424918468682092	-0.3709330860597158	-0.1314141764078707	-0.008553805415228502	0.0	2.744600416065439	-0.3582038014633278	1.2169298748169195
mock-12|Mock 3|OTU|jaccard	mock-12	Mock 3	mock-12|Mock 3	OTU	UPARSE	jaccard	Jaccard	0.5625	0.0	0.454777457810011	0.5055725437512427	0.1467491972398708	0.5306765111305376	0.5475768824015805	-4.67558572891701	2.615609658535026	1.3855004020370338
mock-12|Mock 3|OTU|weighted_jaccard	mock-12	Mock 3	mock-12|Mock 3	OTU	UPARSE	weighted_jaccard	Weighted Jaccard	0.107722542189989	-0.454777457810011	0.0	0.0507950859412317	-0.3080282605701402	0.0758990533205266	0.09279942459156951	0.9320187270544824	2.613800447820472	1.4610242916139653
mock-12|Mock 3|OTU|braycurtis	mock-12	Mock 3	mock-12|Mock 3	OTU	UPARSE	braycurtis	Bray-Curtis	0.0569274562487573	-0.5055725437512427	-0.0507950859412317	0.0	-0.35882334651137193	0.0251039673792949	0.0420043386503378	1.5583442965696281	2.6135983731306354	1.469459719526664
mock-12|Mock 3|OTU|gunifrac_a0.0	mock-12	Mock 3	mock-12|Mock 3	OTU	UPARSE	gunifrac_a0.0	gUniFrac 0.0	0.4157508027601292	-0.1467491972398708	0.3080282605701402	0.35882334651137193	0.0	0.3839273138906668	0.4008276851617097	-2.866104106157421	2.6150258560280233	1.409870717622194
mock-12|Mock 3|OTU|gunifrac_a0.5	mock-12	Mock 3	mock-12|Mock 3	OTU	UPARSE	gunifrac_a0.5	gUniFrac 0.5	0.0318234888694624	-0.5306765111305376	-0.0758990533205266	-0.0251039673792949	-0.3839273138906668	0.0	0.0169003712710429	1.8678871662109522	2.6134985036978367	1.4736286800319316
mock-12|Mock 3|OTU|gunifrac_a1.0	mock-12	Mock 3	mock-12|Mock 3	OTU	UPARSE	gunifrac_a1.0	gUniFrac 1.0	0.0149231175984195	-0.5475768824015805	-0.09279942459156951	-0.0420043386503378	-0.4008276851617097	-0.0169003712710429	0.0	2.0762761169374073	2.613431270082234	1.476435287421469
mock-12|Mock 3|TAC|jaccard	mock-12	Mock 3	mock-12|Mock 3	TAC	TAC	jaccard	Jaccard	0.4848484848484848	0.0	0.378342831443794	0.4286002823670785	0.0654619178694783	0.4519669598647122	0.4698865173748461	-3.8516163838897293	2.526105145954068	1.104886799932719
mock-12|Mock 3|TAC|weighted_jaccard	mock-12	Mock 3	mock-12|Mock 3	TAC	TAC	weighted_jaccard	Weighted Jaccard	0.1065056534046908	-0.378342831443794	0.0	0.0502574509232845	-0.3128809135743157	0.0736241284209182	0.0915436859310521	0.813515783622877	2.5246000099965342	1.1677173596569925
mock-12|Mock 3|TAC|braycurtis	mock-12	Mock 3	mock-12|Mock 3	TAC	TAC	braycurtis	Bray-Curtis	0.0562482024814063	-0.4286002823670785	-0.0502574509232845	0.0	-0.3631383644976002	0.0233666774976337	0.0412862350077676	1.4332120788181297	2.524400074144098	1.1760635037078147
mock-12|Mock 3|TAC|gunifrac_a0.0	mock-12	Mock 3	mock-12|Mock 3	TAC	TAC	gunifrac_a0.0	gUniFrac 0.0	0.4193865669790065	-0.0654619178694783	0.3128809135743157	0.3631383644976002	0.0	0.3865050419952339	0.4044245995053678	-3.0444423781484837	2.5258447231886656	1.1157579162815319
mock-12|Mock 3|TAC|gunifrac_a0.5	mock-12	Mock 3	mock-12|Mock 3	TAC	TAC	gunifrac_a0.5	gUniFrac 0.5	0.0328815249837726	-0.4519669598647122	-0.0736241284209182	-0.0233666774976337	-0.3865050419952339	0.0	0.0179195575101339	1.7213334063086367	2.5243071160553305	1.1799439563133796
mock-12|Mock 3|TAC|gunifrac_a1.0	mock-12	Mock 3	mock-12|Mock 3	TAC	TAC	gunifrac_a1.0	gUniFrac 1.0	0.0149619674736387	-0.4698865173748461	-0.0915436859310521	-0.0412862350077676	-0.4044245995053678	-0.0179195575101339	0.0	1.9422893679931854	2.5242358278793446	1.182919817714206
mock-12|Mock 3|TIC|jaccard	mock-12	Mock 3	mock-12|Mock 3	TIC	TIC	jaccard	Jaccard	0.4848484848484848	0.0	0.378342831443794	0.4286002823670785	0.06504981355757883	0.4532354743768203	0.4699536853088338	-3.8541840093454147	2.525719377098001	1.1080360539535934
mock-12|Mock 3|TIC|weighted_jaccard	mock-12	Mock 3	mock-12|Mock 3	TIC	TIC	weighted_jaccard	Weighted Jaccard	0.1065056534046908	-0.378342831443794	0.0	0.0502574509232845	-0.31329301788621516	0.0748926429330263	0.0916108538650398	0.8109481581671901	2.524214241140471	1.1708666136778687
mock-12|Mock 3|TIC|braycurtis	mock-12	Mock 3	mock-12|Mock 3	TIC	TIC	braycurtis	Bray-Curtis	0.0562482024814063	-0.4286002823670785	-0.0502574509232845	0.0	-0.3635504688094997	0.024635192009741798	0.0413534029417553	1.4306444533624425	2.524014305288033	1.1792127577286888
mock-12|Mock 3|TIC|gunifrac_a0.0	mock-12	Mock 3	mock-12|Mock 3	TIC	TIC	gunifrac_a0.0	gUniFrac 0.0	0.419798671290906	-0.06504981355757883	0.31329301788621516	0.3635504688094997	0.0	0.3881856608192415	0.404903871751255	-3.052091429554481	2.5254605937795946	1.1188387330480682
mock-12|Mock 3|TIC|gunifrac_a0.5	mock-12	Mock 3	mock-12|Mock 3	TIC	TIC	gunifrac_a0.5	gUniFrac 0.5	0.0316130104716645	-0.4532354743768203	-0.0748926429330263	-0.024635192009741798	-0.3881856608192415	0.0	0.016718210932013505	1.734407118189276	2.523916300752907	1.1833038697420448
mock-12|Mock 3|TIC|gunifrac_a1.0	mock-12	Mock 3	mock-12|Mock 3	TIC	TIC	gunifrac_a1.0	gUniFrac 1.0	0.014894799539651	-0.4699536853088338	-0.0916108538650398	-0.0413534029417553	-0.404903871751255	-0.016718210932013505	0.0	1.9405499524662446	2.523849791813586	1.1860802261657655
mock-12|Mock 3|zOTU|jaccard	mock-12	Mock 3	mock-12|Mock 3	zOTU	UNOISE3	jaccard	Jaccard	0.5116279069767442	0.0	-0.04193824043277328	0.1289169061120235	0.059307654322153125	0.471605901355626	0.4898257935075375	-2.5744370984252853	0.615222075771697	1.5803343286654503
mock-12|Mock 3|zOTU|weighted_jaccard	mock-12	Mock 3	mock-12|Mock 3	zOTU	UNOISE3	weighted_jaccard	Weighted Jaccard	0.5535661474095175	0.04193824043277328	0.0	0.17085514654479678	0.1012458947549264	0.5135441417883992	0.5317640339403108	-3.0915538989344897	0.6153889158659833	1.5733697375558802
mock-12|Mock 3|zOTU|braycurtis	mock-12	Mock 3	mock-12|Mock 3	zOTU	UNOISE3	braycurtis	Bray-Curtis	0.3827110008647207	-0.1289169061120235	-0.17085514654479678	0.0	-0.06960925178987037	0.3426889952436025	0.360908887395514	-0.9848354047858243	0.6147092142746724	1.601743274985457
mock-12|Mock 3|zOTU|gunifrac_a0.0	mock-12	Mock 3	mock-12|Mock 3	zOTU	UNOISE3	gunifrac_a0.0	gUniFrac 0.0	0.4523202526545911	-0.059307654322153125	-0.1012458947549264	0.06960925178987037	0.0	0.4122982470334729	0.4305181391853844	-1.8431478470810374	0.6149861361009579	1.5901834200378813
mock-12|Mock 3|zOTU|gunifrac_a0.5	mock-12	Mock 3	mock-12|Mock 3	zOTU	UNOISE3	gunifrac_a0.5	gUniFrac 0.5	0.0400220056211182	-0.471605901355626	-0.5135441417883992	-0.3426889952436025	-0.4122982470334729	0.0	0.0182198921519115	3.2406694080389498	0.6133459175867898	1.6586528807531649
mock-12|Mock 3|zOTU|gunifrac_a1.0	mock-12	Mock 3	mock-12|Mock 3	zOTU	UNOISE3	gunifrac_a1.0	gUniFrac 1.0	0.0218021134692067	-0.4898257935075375	-0.5317640339403108	-0.360908887395514	-0.4305181391853844	-0.0182198921519115	0.0	3.4653286268805816	0.613273434609604	1.6616786180656753
mock-13|Mock 4|ASV|jaccard	mock-13	Mock 4	mock-13|Mock 4	ASV	DADA2	jaccard	Jaccard	0.4634146341463414	0.0	-0.10876811531558045	0.06267514928138918	0.016913720490684292	0.27419801069413074	0.2410932876450393	-1.1261354907998449	0.6734748549486088	0.6102367322516722
mock-13|Mock 4|ASV|weighted_jaccard	mock-13	Mock 4	mock-13|Mock 4	ASV	DADA2	weighted_jaccard	Weighted Jaccard	0.5721827494619218	0.10876811531558045	0.0	0.17144326459696962	0.12568183580626474	0.38296612600971125	0.34986140296061974	-2.4672938038094476	0.6739075598601028	0.5921738511886087
mock-13|Mock 4|ASV|braycurtis	mock-13	Mock 4	mock-13|Mock 4	ASV	DADA2	braycurtis	Bray-Curtis	0.4007394848649522	-0.06267514928138918	-0.17144326459696962	0.0	-0.04576142879070488	0.2115228614127416	0.17841813836365011	-0.35332355750516115	0.6732255185981165	0.6206450560862347
mock-13|Mock 4|ASV|gunifrac_a0.0	mock-13	Mock 4	mock-13|Mock 4	ASV	DADA2	gunifrac_a0.0	gUniFrac 0.0	0.4465009136556571	-0.016913720490684292	-0.12568183580626474	0.04576142879070488	0.0	0.25728429020344645	0.224179567154355	-0.9175819383714825	0.6734075682266987	0.6130455565166771
mock-13|Mock 4|ASV|gunifrac_a0.5	mock-13	Mock 4	mock-13|Mock 4	ASV	DADA2	gunifrac_a0.5	gUniFrac 0.5	0.1892166234522106	-0.27419801069413074	-0.38296612600971125	-0.2115228614127416	-0.25728429020344645	0.0	-0.03310472304909148	2.2548456026590022	0.6723840313593153	0.6557721912464963
mock-13|Mock 4|ASV|gunifrac_a1.0	mock-13	Mock 4	mock-13|Mock 4	ASV	DADA2	gunifrac_a1.0	gUniFrac 1.0	0.2223213465013021	-0.2410932876450393	-0.34986140296061974	-0.17841813836365011	-0.224179567154355	0.03310472304909148	0.0	1.8466499252001165	0.6725157296627702	0.6502745628898194
mock-13|Mock 4|OTU|jaccard	mock-13	Mock 4	mock-13|Mock 4	OTU	UPARSE	jaccard	Jaccard	0.2857142857142857	0.0	-0.16494005825399988	-0.005153244209624874	0.0040182030774755795	0.1584552351147471	0.1259111936825423	-0.2888675108142268	0.5458866963761065	0.13546560356202916
mock-13|Mock 4|OTU|weighted_jaccard	mock-13	Mock 4	mock-13|Mock 4	OTU	UPARSE	weighted_jaccard	Weighted Jaccard	0.4506543439682856	0.16494005825399988	0.0	0.159786814044375	0.16895826133147546	0.32339529336874695	0.29085125193654215	-2.3226503858214635	0.5465428663676684	0.10807437180139094
mock-13|Mock 4|OTU|braycurtis	mock-13	Mock 4	mock-13|Mock 4	OTU	UPARSE	braycurtis	Bray-Curtis	0.2908675299239106	0.005153244209624874	-0.159786814044375	0.0	0.009171447287100454	0.16360847932437197	0.13106443789216718	-0.3524092600727704	0.5459071971825542	0.13460981565969002
mock-13|Mock 4|OTU|gunifrac_a0.0	mock-13	Mock 4	mock-13|Mock 4	OTU	UPARSE	gunifrac_a0.0	gUniFrac 0.0	0.2816960826368101	-0.0040182030774755795	-0.16895826133147546	-0.009171447287100454	0.0	0.15443703203727152	0.12189299060506673	-0.23932131388802874	0.5458707110278098	0.13613289768646222
mock-13|Mock 4|OTU|gunifrac_a0.5	mock-13	Mock 4	mock-13|Mock 4	OTU	UPARSE	gunifrac_a0.5	gUniFrac 0.5	0.1272590505995386	-0.1584552351147471	-0.32339529336874695	-0.16360847932437197	-0.15443703203727152	0.0	-0.032544041432204796	1.6649546658176475	0.5452563245223043	0.1617799150437832
mock-13|Mock 4|OTU|gunifrac_a1.0	mock-13	Mock 4	mock-13|Mock 4	OTU	UPARSE	gunifrac_a1.0	gUniFrac 1.0	0.1598030920317434	-0.1259111936825423	-0.29085125193654215	-0.13106443789216718	-0.12189299060506673	0.032544041432204796	0.0	1.2636724372978876	0.5453857923036186	0.1563753978468492
mock-13|Mock 4|TAC|jaccard	mock-13	Mock 4	mock-13|Mock 4	TAC	TAC	jaccard	Jaccard	0.2857142857142857	0.0	-0.16494513496670438	-0.005157473985618777	0.0040182030774755795	0.1584582604979674	0.1259206137467929	-0.28888145482482375	0.5458555045906919	0.1354995546184771
mock-13|Mock 4|TAC|weighted_jaccard	mock-13	Mock 4	mock-13|Mock 4	TAC	TAC	weighted_jaccard	Weighted Jaccard	0.4506594206809901	0.16494513496670438	0.0	0.1597876609810856	0.16896333804417996	0.3234033954646718	0.29086574871349724	-2.3227269279144735	0.5465116947785977	0.10810747977935564
mock-13|Mock 4|TAC|braycurtis	mock-13	Mock 4	mock-13|Mock 4	TAC	TAC	braycurtis	Bray-Curtis	0.2908717596999045	0.005157473985618777	-0.1597876609810856	0.0	0.009175677063094356	0.16361573448358618	0.13107808773241167	-0.35247535906665406	0.545876022224173	0.13464306428656614
mock-13|Mock 4|TAC|gunifrac_a0.0	mock-13	Mock 4	mock-13|Mock 4	TAC	TAC	gunifrac_a0.0	gUniFrac 0.0	0.2816960826368101	-0.0040182030774755795	-0.16896333804417996	-0.009175677063094356	0.0	0.15444005742049183	0.12190241066931731	-0.2393352578986261	0.5458395192423944	0.1361668487429099
mock-13|Mock 4|TAC|gunifrac_a0.5	mock-13	Mock 4	mock-13|Mock 4	TAC	TAC	gunifrac_a0.5	gUniFrac 0.5	0.1272560252163183	-0.1584582604979674	-0.3234033954646718	-0.16361573448358618	-0.15444005742049183	0.0	-0.032537646751174515	1.6649780261020104	0.5452251207012094	0.16181436851895112
mock-13|Mock 4|TAC|gunifrac_a1.0	mock-13	Mock 4	mock-13|Mock 4	TAC	TAC	gunifrac_a1.0	gUniFrac 1.0	0.1597936719674928	-0.1259206137467929	-0.29086574871349724	-0.13107808773241167	-0.12190241066931731	0.032537646751174515	0.0	1.263774646789096	0.5453545630429921	0.15641091327259274
mock-13|Mock 4|TIC|jaccard	mock-13	Mock 4	mock-13|Mock 4	TIC	TIC	jaccard	Jaccard	0.2857142857142857	0.0	-0.16494513496670438	-0.005157473985618777	0.004018203077475524	0.1584582604979674	0.1259206137467928	-0.2888814548248233	0.5458555045906921	0.13549955461847685
mock-13|Mock 4|TIC|weighted_jaccard	mock-13	Mock 4	mock-13|Mock 4	TIC	TIC	weighted_jaccard	Weighted Jaccard	0.4506594206809901	0.16494513496670438	0.0	0.1597876609810856	0.1689633380441799	0.3234033954646718	0.2908657487134972	-2.3227269279144735	0.5465116947785976	0.10810747977935603
mock-13|Mock 4|TIC|braycurtis	mock-13	Mock 4	mock-13|Mock 4	TIC	TIC	braycurtis	Bray-Curtis	0.2908717596999045	0.005157473985618777	-0.1597876609810856	0.0	0.0091756770630943	0.16361573448358618	0.13107808773241159	-0.3524753590666536	0.5458760222241733	0.13464306428656597
mock-13|Mock 4|TIC|gunifrac_a0.0	mock-13	Mock 4	mock-13|Mock 4	TIC	TIC	gunifrac_a0.0	gUniFrac 0.0	0.2816960826368102	-0.004018203077475524	-0.1689633380441799	-0.0091756770630943	0.0	0.15444005742049188	0.12190241066931728	-0.23933525789862656	0.5458395192423944	0.1361668487429099
mock-13|Mock 4|TIC|gunifrac_a0.5	mock-13	Mock 4	mock-13|Mock 4	TIC	TIC	gunifrac_a0.5	gUniFrac 0.5	0.1272560252163183	-0.1584582604979674	-0.3234033954646718	-0.16361573448358618	-0.15444005742049188	0.0	-0.0325376467511746	1.6649780261020108	0.5452251207012095	0.16181436851895167
mock-13|Mock 4|TIC|gunifrac_a1.0	mock-13	Mock 4	mock-13|Mock 4	TIC	TIC	gunifrac_a1.0	gUniFrac 1.0	0.1597936719674929	-0.1259206137467928	-0.2908657487134972	-0.13107808773241159	-0.12190241066931728	0.0325376467511746	0.0	1.2637746467890953	0.5453545630429923	0.15641091327259268
mock-13|Mock 4|zOTU|jaccard	mock-13	Mock 4	mock-13|Mock 4	zOTU	UNOISE3	jaccard	Jaccard	0.3333333333333333	0.0	-0.1651588853890621	0.001338904174772615	-0.056029709271871786	0.19760483360533262	0.1718834422906705	-0.41124338409994105	0.6520124352664364	0.33499228566304823
mock-13|Mock 4|zOTU|weighted_jaccard	mock-13	Mock 4	mock-13|Mock 4	zOTU	UNOISE3	weighted_jaccard	Weighted Jaccard	0.4984922187223954	0.1651588853890621	0.0	0.1664977895638347	0.10912917611719031	0.36276371899439475	0.33704232767973263	-2.4477244931480007	0.6526694758033362	0.30756471376263306
mock-13|Mock 4|zOTU|braycurtis	mock-13	Mock 4	mock-13|Mock 4	zOTU	UNOISE3	braycurtis	Bray-Curtis	0.3319944291585607	-0.001338904174772615	-0.1664977895638347	0.0	-0.0573686134466444	0.19626592943056	0.1705445381158979	-0.39473411151477605	0.6520071087935931	0.33521463452690126
mock-13|Mock 4|zOTU|gunifrac_a0.0	mock-13	Mock 4	mock-13|Mock 4	zOTU	UNOISE3	gunifrac_a0.0	gUniFrac 0.0	0.3893630426052051	0.056029709271871786	-0.10912917611719031	0.0573686134466444	0.0	0.25363454287720444	0.2279131515625423	-1.1021141429381973	0.6522353345078294	0.32568755539683625
mock-13|Mock 4|zOTU|gunifrac_a0.5	mock-13	Mock 4	mock-13|Mock 4	zOTU	UNOISE3	gunifrac_a0.5	gUniFrac 0.5	0.1357284997280007	-0.19760483360533262	-0.36276371899439475	-0.19626592943056	-0.25363454287720444	0.0	-0.025721391314662112	2.025310421321275	0.6512263171858949	0.3678080846363372
mock-13|Mock 4|zOTU|gunifrac_a1.0	mock-13	Mock 4	mock-13|Mock 4	zOTU	UNOISE3	gunifrac_a1.0	gUniFrac 1.0	0.1614498910426628	-0.1718834422906705	-0.33704232767973263	-0.1705445381158979	-0.2279131515625423	0.025721391314662112	0.0	1.7081544451995598	0.6513286428750001	0.36353658989962034
mock-14|Mock 5|ASV|jaccard	mock-14	Mock 5	mock-14|Mock 5	ASV	DADA2	jaccard	Jaccard	0.5416666666666667	0.0	-0.041174974215398175	0.13039178187197376	-0.0011184046286533134	0.33535426833897924	0.31861567295353604	-1.7009522396603909	0.9803969475577297	0.8646872844176094
mock-14|Mock 5|ASV|weighted_jaccard	mock-14	Mock 5	mock-14|Mock 5	ASV	DADA2	weighted_jaccard	Weighted Jaccard	0.5828416408820649	0.041174974215398175	0.0	0.17156675608737193	0.04005656958674486	0.3765292425543774	0.3597906471689342	-2.2086576347269067	0.9805607512011231	0.857849447245662
mock-14|Mock 5|ASV|braycurtis	mock-14	Mock 5	mock-14|Mock 5	ASV	DADA2	braycurtis	Bray-Curtis	0.411274884794693	-0.13039178187197376	-0.17156675608737193	0.0	-0.13151018650062707	0.2049624864670055	0.1882238910815623	-0.09316468447157468	0.9798782186612065	0.8863411601027853
mock-14|Mock 5|ASV|gunifrac_a0.0	mock-14	Mock 5	mock-14|Mock 5	ASV	DADA2	gunifrac_a0.0	gUniFrac 0.0	0.54278507129532	0.0011184046286533134	-0.04005656958674486	0.13151018650062707	0.0	0.33647267296763256	0.31973407758218936	-1.7147426566467918	0.9804013968319902	0.8645015534271523
mock-14|Mock 5|ASV|gunifrac_a0.5	mock-14	Mock 5	mock-14|Mock 5	ASV	DADA2	gunifrac_a0.5	gUniFrac 0.5	0.2063123983276875	-0.33535426833897924	-0.3765292425543774	-0.2049624864670055	-0.33647267296763256	0.0	-0.0167385953854432	2.4341121905830616	0.9790628301228546	0.9203788282622595
mock-14|Mock 5|ASV|gunifrac_a1.0	mock-14	Mock 5	mock-14|Mock 5	ASV	DADA2	gunifrac_a1.0	gUniFrac 1.0	0.2230509937131307	-0.31861567295353604	-0.3597906471689342	-0.1882238910815623	-0.31973407758218936	0.0167385953854432	0.0	2.2277180071023834	0.9791294201562838	0.9175990866373126
mock-14|Mock 5|OTU|jaccard	mock-14	Mock 5	mock-14|Mock 5	OTU	UPARSE	jaccard	Jaccard	0.4444444444444444	0.0	-0.023702168023627457	0.13883646898255364	0.054779308565864715	0.3078704751908851	0.2915999890931618	-1.7097957591567232	0.9499034868790233	0.7199944715023502
mock-14|Mock 5|OTU|weighted_jaccard	mock-14	Mock 5	mock-14|Mock 5	OTU	UPARSE	weighted_jaccard	Weighted Jaccard	0.4681466124680719	0.023702168023627457	0.0	0.1625386370061811	0.07848147658949217	0.3315726432145126	0.3153021571167893	-2.002053831193804	0.9499977796272906	0.7160583047249321
mock-14|Mock 5|OTU|braycurtis	mock-14	Mock 5	mock-14|Mock 5	OTU	UPARSE	braycurtis	Bray-Curtis	0.3056079754618908	-0.13883646898255364	-0.1625386370061811	0.0	-0.08405716041668893	0.16903400620833148	0.15276352011060818	0.002118472184004505	0.9493511630491137	0.7430507377543806
mock-14|Mock 5|OTU|gunifrac_a0.0	mock-14	Mock 5	mock-14|Mock 5	OTU	UPARSE	gunifrac_a0.0	gUniFrac 0.0	0.3896651358785797	-0.054779308565864715	-0.07848147658949217	0.08405716041668893	0.0	0.2530911666250204	0.2368206805272971	-1.034342986523237	0.9496855620230505	0.7290915504806066
mock-14|Mock 5|OTU|gunifrac_a0.5	mock-14	Mock 5	mock-14|Mock 5	OTU	UPARSE	gunifrac_a0.5	gUniFrac 0.5	0.1365739692535593	-0.3078704751908851	-0.3315726432145126	-0.16903400620833148	-0.2530911666250204	0.0	-0.016270486097723302	2.086381511493528	0.9486787063784826	0.7711218424241231
mock-14|Mock 5|OTU|gunifrac_a1.0	mock-14	Mock 5	mock-14|Mock 5	OTU	UPARSE	gunifrac_a1.0	gUniFrac 1.0	0.1528444553512826	-0.2915999890931618	-0.3153021571167893	-0.15276352011060818	-0.2368206805272971	0.016270486097723302	0.0	1.885759319747754	0.9487434341640699	0.7684198386763463
mock-14|Mock 5|TAC|jaccard	mock-14	Mock 5	mock-14|Mock 5	TAC	TAC	jaccard	Jaccard	0.4594594594594594	0.0	-0.008709222965608443	0.15383267336774176	-0.003990942436296552	0.3076028553233164	0.3002410137688284	-1.6869043844222067	1.1716670830288334	0.7273785650558248
mock-14|Mock 5|TAC|weighted_jaccard	mock-14	Mock 5	mock-14|Mock 5	TAC	TAC	weighted_jaccard	Weighted Jaccard	0.4681686824250678	0.008709222965608443	0.0	0.1625418963333502	0.004718280529311891	0.3163120782889248	0.3089502367344368	-1.7942929030730086	1.171701730347505	0.7259322436028613
mock-14|Mock 5|TAC|braycurtis	mock-14	Mock 5	mock-14|Mock 5	TAC	TAC	braycurtis	Bray-Curtis	0.3056267860917176	-0.15383267336774176	-0.1625418963333502	0.0	-0.1578236158040383	0.15377018195557463	0.1464083404010866	0.2099195892307072	1.1710551008029648	0.7529252179015856
mock-14|Mock 5|TAC|gunifrac_a0.0	mock-14	Mock 5	mock-14|Mock 5	TAC	TAC	gunifrac_a0.0	gUniFrac 0.0	0.4634504018957559	0.003990942436296552	-0.004718280529311891	0.1578236158040383	0.0	0.31159379775961293	0.3042319562051249	-1.7361144457499413	1.1716829599279484	0.7267157980459611
mock-14|Mock 5|TAC|gunifrac_a0.5	mock-14	Mock 5	mock-14|Mock 5	TAC	TAC	gunifrac_a0.5	gUniFrac 0.5	0.151856604136143	-0.3076028553233164	-0.3163120782889248	-0.15377018195557463	-0.31159379775961293	0.0	-0.007361841554488019	2.1059730165091017	1.170443367182496	0.7784614929363285
mock-14|Mock 5|TAC|gunifrac_a1.0	mock-14	Mock 5	mock-14|Mock 5	TAC	TAC	gunifrac_a1.0	gUniFrac 1.0	0.159218445690631	-0.3002410137688284	-0.3089502367344368	-0.1464083404010866	-0.3042319562051249	0.007361841554488019	0.0	2.0151982984659105	1.1704726543039004	0.7772389281431631
mock-14|Mock 5|TIC|jaccard	mock-14	Mock 5	mock-14|Mock 5	TIC	TIC	jaccard	Jaccard	0.4594594594594594	0.0	-0.008709222965608332	0.15383267336774187	0.0016691927408006846	0.3175478390523827	0.3065393747905277	-1.737202766406688	1.1445646217844812	0.7650017258818718
mock-14|Mock 5|TIC|weighted_jaccard	mock-14	Mock 5	mock-14|Mock 5	TIC	TIC	weighted_jaccard	Weighted Jaccard	0.4681686824250677	0.008709222965608332	0.0	0.1625418963333502	0.010378415706409017	0.326257062017991	0.315248597756136	-1.8445912850574882	1.144599269103151	0.7635554044289068
mock-14|Mock 5|TIC|braycurtis	mock-14	Mock 5	mock-14|Mock 5	TIC	TIC	braycurtis	Bray-Curtis	0.3056267860917175	-0.15383267336774187	-0.1625418963333502	0.0	-0.15216348062694118	0.1637151656846408	0.1527067014227858	0.15962120724622808	1.1439526395586102	0.7905483787276306
mock-14|Mock 5|TIC|gunifrac_a0.0	mock-14	Mock 5	mock-14|Mock 5	TIC	TIC	gunifrac_a0.0	gUniFrac 0.0	0.4577902667186587	-0.0016691927408006846	-0.010378415706409017	0.15216348062694118	0.0	0.315878646311582	0.304870182049727	-1.7166208917107348	1.1445579813467461	0.765278925039556
mock-14|Mock 5|TIC|gunifrac_a0.5	mock-14	Mock 5	mock-14|Mock 5	TIC	TIC	gunifrac_a0.5	gUniFrac 0.5	0.1419116204070767	-0.3175478390523827	-0.326257062017991	-0.1637151656846408	-0.315878646311582	0.0	-0.011008464261855005	2.1783006225017427	1.143301342475156	0.8177361952803159
mock-14|Mock 5|TIC|gunifrac_a1.0	mock-14	Mock 5	mock-14|Mock 5	TIC	TIC	gunifrac_a1.0	gUniFrac 1.0	0.1529200846689317	-0.3065393747905277	-0.315248597756136	-0.1527067014227858	-0.304870182049727	0.011008464261855005	0.0	2.0425614556014122	1.1433451367115495	0.815908043895403
mock-14|Mock 5|zOTU|jaccard	mock-14	Mock 5	mock-14|Mock 5	zOTU	UNOISE3	jaccard	Jaccard	0.4634146341463414	0.0	-0.05185192899889607	0.11637148797946406	-0.005724718114503424	0.3141402037597516	0.3078852903225788	-1.566535292141919	0.9536644359713498	0.8029646989756325
mock-14|Mock 5|zOTU|weighted_jaccard	mock-14	Mock 5	mock-14|Mock 5	zOTU	UNOISE3	weighted_jaccard	Weighted Jaccard	0.5152665631452374	0.05185192899889607	0.0	0.16822341697836013	0.046127210884392644	0.3659921327586476	0.35973721932147484	-2.205892197616328	0.9538707150291705	0.7943537634668203
mock-14|Mock 5|zOTU|braycurtis	mock-14	Mock 5	mock-14|Mock 5	zOTU	UNOISE3	braycurtis	Bray-Curtis	0.3470431461668773	-0.11637148797946406	-0.16822341697836013	0.0	-0.12209620609396749	0.1977687157802875	0.19151380234311471	-0.1316240771399379	0.9532014830714078	0.8222902553705934
mock-14|Mock 5|zOTU|gunifrac_a0.0	mock-14	Mock 5	mock-14|Mock 5	zOTU	UNOISE3	gunifrac_a0.0	gUniFrac 0.0	0.4691393522608448	0.005724718114503424	-0.046127210884392644	0.12209620609396749	0.0	0.31986492187425497	0.3136100084370822	-1.637123563958771	0.9536872102341738	0.8020140076620825
mock-14|Mock 5|zOTU|gunifrac_a0.5	mock-14	Mock 5	mock-14|Mock 5	zOTU	UNOISE3	gunifrac_a0.5	gUniFrac 0.5	0.1492744303865898	-0.3141402037597516	-0.3659921327586476	-0.1977687157802875	-0.31986492187425497	0.0	-0.006254913437172799	2.306950466993695	0.9524147130293807	0.855133269895295
mock-14|Mock 5|zOTU|gunifrac_a1.0	mock-14	Mock 5	mock-14|Mock 5	zOTU	UNOISE3	gunifrac_a1.0	gUniFrac 1.0	0.1555293438237626	-0.3078852903225788	-0.35973721932147484	-0.19151380234311471	-0.3136100084370822	0.006254913437172799	0.0	2.2298246555453636	0.9524395965327607	0.8540945302136562
mock-15|Mock 6|ASV|jaccard	mock-15	Mock 6	mock-15|Mock 6	ASV	DADA2	jaccard	Jaccard	0.3529411764705882	0.0	-0.24135450133592096	-0.06983313561174037	-0.06196837525401139	0.15157460262276382	0.09161682637800339	0.1977766362112629	0.3571613306632157	0.11755648235397892
mock-15|Mock 6|ASV|weighted_jaccard	mock-15	Mock 6	mock-15|Mock 6	ASV	DADA2	weighted_jaccard	Weighted Jaccard	0.5942956778065092	0.24135450133592096	0.0	0.17152136572418059	0.17938612608190957	0.39292910395868474	0.33297132771392435	-2.778229658554332	0.3581214951179931	0.0774752725341985
mock-15|Mock 6|ASV|braycurtis	mock-15	Mock 6	mock-15|Mock 6	ASV	DADA2	braycurtis	Bray-Curtis	0.4227743120823286	0.06983313561174037	-0.17152136572418059	0.0	0.007864760357728984	0.2214077382345042	0.16144996198974376	-0.6632963912791433	0.3574391431515221	0.10595944751379771
mock-15|Mock 6|ASV|gunifrac_a0.0	mock-15	Mock 6	mock-15|Mock 6	ASV	DADA2	gunifrac_a0.0	gUniFrac 0.0	0.4149095517245996	0.06196837525401139	-0.17938612608190957	-0.007864760357728984	0.0	0.2135429778767752	0.15358520163201478	-0.5663204649886772	0.3574078553019107	0.10726553092361808
mock-15|Mock 6|ASV|gunifrac_a0.5	mock-15	Mock 6	mock-15|Mock 6	ASV	DADA2	gunifrac_a0.5	gUniFrac 0.5	0.2013665738478244	-0.15157460262276382	-0.39292910395868474	-0.2214077382345042	-0.2135429778767752	0.0	-0.059957776244760425	2.0667576124728524	0.3565583315690204	0.1427281423704509
mock-15|Mock 6|ASV|gunifrac_a1.0	mock-15	Mock 6	mock-15|Mock 6	ASV	DADA2	gunifrac_a1.0	gUniFrac 1.0	0.2613243500925848	-0.09161682637800339	-0.33297132771392435	-0.16144996198974376	-0.15358520163201478	0.059957776244760425	0.0	1.3274520742007252	0.35679685757628016	0.13277108668393217
mock-15|Mock 6|OTU|jaccard	mock-15	Mock 6	mock-15|Mock 6	OTU	UPARSE	jaccard	Jaccard	0.3548387096774194	0.0	-0.11622984124224844	0.04673558889785778	0.02960183728793636	0.20854105407813017	0.15537615325657028	-0.7224734824918361	0.6825654909300067	0.2676221393735079
mock-15|Mock 6|OTU|weighted_jaccard	mock-15	Mock 6	mock-15|Mock 6	OTU	UPARSE	weighted_jaccard	Weighted Jaccard	0.4710685509196678	0.11622984124224844	0.0	0.16296543014010623	0.1458316785301848	0.3247708953203786	0.2716059944988187	-2.155638131429156	0.6830278803262165	0.24832010593984746
mock-15|Mock 6|OTU|braycurtis	mock-15	Mock 6	mock-15|Mock 6	OTU	UPARSE	braycurtis	Bray-Curtis	0.3081031207795616	-0.04673558889785778	-0.16296543014010623	0.0	-0.01713375160992142	0.1618054651802724	0.1086405643587125	-0.1462032825173162	0.6823795658654868	0.2753834155639149
mock-15|Mock 6|OTU|gunifrac_a0.0	mock-15	Mock 6	mock-15|Mock 6	OTU	UPARSE	gunifrac_a0.0	gUniFrac 0.0	0.325236872389483	-0.02960183728793636	-0.1458316785301848	0.01713375160992142	0.0	0.1789392167901938	0.12577431596863392	-0.3574699146366291	0.6824477279224685	0.2725380512161353
mock-15|Mock 6|OTU|gunifrac_a0.5	mock-15	Mock 6	mock-15|Mock 6	OTU	UPARSE	gunifrac_a0.5	gUniFrac 0.5	0.1462976555992892	-0.20854105407813017	-0.3247708953203786	-0.1618054651802724	-0.1789392167901938	0.0	-0.05316490082155989	1.848928692393561	0.6817358660157011	0.3022540923649701
mock-15|Mock 6|OTU|gunifrac_a1.0	mock-15	Mock 6	mock-15|Mock 6	OTU	UPARSE	gunifrac_a1.0	gUniFrac 1.0	0.1994625564208491	-0.15537615325657028	-0.2716059944988187	-0.1086405643587125	-0.12577431596863392	0.05316490082155989	0.0	1.1933822715487343	0.6819473683814244	0.2934251145208364
mock-15|Mock 6|TAC|jaccard	mock-15	Mock 6	mock-15|Mock 6	TAC	TAC	jaccard	Jaccard	0.375	0.0	-0.09607743375868699	0.06688927931335409	-0.040122186727028	0.2201741929809379	0.173227256229124	-0.7530817535868061	0.942383878729184	0.3196050190270975
mock-15|Mock 6|TAC|weighted_jaccard	mock-15	Mock 6	mock-15|Mock 6	TAC	TAC	weighted_jaccard	Weighted Jaccard	0.471077433758687	0.09607743375868699	0.0	0.16296671307204108	0.055955247031658994	0.3162516267396249	0.269304689987811	-1.9377584265642835	0.9427660971518392	0.30364965146563583
mock-15|Mock 6|TAC|braycurtis	mock-15	Mock 6	mock-15|Mock 6	TAC	TAC	braycurtis	Bray-Curtis	0.3081107206866459	-0.06688927931335409	-0.16296671307204108	0.0	-0.10701146604038209	0.15328491366758382	0.1063379769157699	0.07169224145800537	0.9421177775873079	0.3307131741433806
mock-15|Mock 6|TAC|gunifrac_a0.0	mock-15	Mock 6	mock-15|Mock 6	TAC	TAC	gunifrac_a0.0	gUniFrac 0.0	0.415122186727028	0.040122186727028	-0.055955247031658994	0.10701146604038209	0.0	0.26029637970796593	0.213349442956152	-1.2478058196327413	0.9425434941385924	0.31294201595181625
mock-15|Mock 6|TAC|gunifrac_a0.5	mock-15	Mock 6	mock-15|Mock 6	TAC	TAC	gunifrac_a0.5	gUniFrac 0.5	0.1548258070190621	-0.2201741929809379	-0.3162516267396249	-0.15328491366758382	-0.26029637970796593	0.0	-0.04694693675181391	1.9617620990423739	0.9415079744771836	0.35616886174361384
mock-15|Mock 6|TAC|gunifrac_a1.0	mock-15	Mock 6	mock-15|Mock 6	TAC	TAC	gunifrac_a1.0	gUniFrac 1.0	0.201772743770876	-0.173227256229124	-0.269304689987811	-0.1063379769157699	-0.213349442956152	0.04694693675181391	0.0	1.382885887825977	0.9416947403327205	0.3483724874811496
mock-15|Mock 6|TIC|jaccard	mock-15	Mock 6	mock-15|Mock 6	TIC	TIC	jaccard	Jaccard	0.375	0.0	-0.09607743375868699	0.0668892793133542	-0.0325343258985073	0.225590520516058	0.1755169386920221	-0.7853183629033628	0.9168753624831363	0.3371682226492157
mock-15|Mock 6|TIC|weighted_jaccard	mock-15	Mock 6	mock-15|Mock 6	TIC	TIC	weighted_jaccard	Weighted Jaccard	0.471077433758687	0.09607743375868699	0.0	0.1629667130720412	0.06354310786017969	0.321667954274745	0.27159437245070905	-1.9699950358808396	0.9172575809057916	0.3212128550877526
mock-15|Mock 6|TIC|braycurtis	mock-15	Mock 6	mock-15|Mock 6	TIC	TIC	braycurtis	Bray-Curtis	0.3081107206866458	-0.0668892793133542	-0.1629667130720412	0.0	-0.0994236052118615	0.1587012412027038	0.10862765937866789	0.039455632141450134	0.9166092613412608	0.3482763777654978
mock-15|Mock 6|TIC|gunifrac_a0.0	mock-15	Mock 6	mock-15|Mock 6	TIC	TIC	gunifrac_a0.0	gUniFrac 0.0	0.4075343258985073	0.0325343258985073	-0.06354310786017969	0.0994236052118615	0.0	0.2581248464145653	0.2080512645905294	-1.1864807946541347	0.9170047916137931	0.3317653188895374
mock-15|Mock 6|TIC|gunifrac_a0.5	mock-15	Mock 6	mock-15|Mock 6	TIC	TIC	gunifrac_a0.5	gUniFrac 0.5	0.149409479483942	-0.225590520516058	-0.321667954274745	-0.1587012412027038	-0.2581248464145653	0.0	-0.0500735818240359	1.9963111711604253	0.9159779108179072	0.3746315429358051
mock-15|Mock 6|TIC|gunifrac_a1.0	mock-15	Mock 6	mock-15|Mock 6	TIC	TIC	gunifrac_a1.0	gUniFrac 1.0	0.1994830613079779	-0.1755169386920221	-0.27159437245070905	-0.10862765937866789	-0.2080512645905294	0.0500735818240359	0.0	1.3788820621736249	0.9161771151962168	0.3663159336208418
mock-15|Mock 6|zOTU|jaccard	mock-15	Mock 6	mock-15|Mock 6	zOTU	UNOISE3	jaccard	Jaccard	0.4054054054054054	0.0	-0.11445353733205621	0.05418283767330029	-0.01650729759621644	0.25156525981055416	0.20457082921739989	-0.892254311026013	0.7565798269283851	0.481301778199037
mock-15|Mock 6|zOTU|weighted_jaccard	mock-15	Mock 6	mock-15|Mock 6	zOTU	UNOISE3	weighted_jaccard	Weighted Jaccard	0.5198589427374616	0.11445353733205621	0.0	0.1686363750053565	0.09794623973583977	0.3660187971426104	0.3190243665494561	-2.3035163578204734	0.7570351497736677	0.4622947316387701
mock-15|Mock 6|zOTU|braycurtis	mock-15	Mock 6	mock-15|Mock 6	zOTU	UNOISE3	braycurtis	Bray-Curtis	0.3512225677321051	-0.05418283767330029	-0.1686363750053565	0.0	-0.07069013526951673	0.19738242213725388	0.1503879915440996	-0.22415628471418572	0.756364274972632	0.4902998025714598
mock-15|Mock 6|zOTU|gunifrac_a0.0	mock-15	Mock 6	mock-15|Mock 6	zOTU	UNOISE3	gunifrac_a0.0	gUniFrac 0.0	0.4219127030016218	0.01650729759621644	-0.09794623973583977	0.07069013526951673	0.0	0.2680725574067706	0.22107812681361633	-1.0957964918595697	0.7566454968053039	0.4785604476879035
mock-15|Mock 6|zOTU|gunifrac_a0.5	mock-15	Mock 6	mock-15|Mock 6	zOTU	UNOISE3	gunifrac_a0.5	gUniFrac 0.5	0.1538401455948512	-0.25156525981055416	-0.3660187971426104	-0.19738242213725388	-0.2680725574067706	0.0	-0.04699443059315428	2.209655090276409	0.7555790416967427	0.5230786661626909
mock-15|Mock 6|zOTU|gunifrac_a1.0	mock-15	Mock 6	mock-15|Mock 6	zOTU	UNOISE3	gunifrac_a1.0	gUniFrac 1.0	0.2008345761880055	-0.20457082921739989	-0.3190243665494561	-0.1503879915440996	-0.22107812681361633	0.04699443059315428	0.0	1.630193259276628	0.7557659964938508	0.5152744047027251
mock-16|Mock 7|ASV|jaccard	mock-16	Mock 7	mock-16|Mock 7	ASV	DADA2	jaccard	Jaccard	0.4368932038834952	0.0	-0.10988810874307842	0.06063784921637627	0.19152240042707946	0.27263286039940277	0.226956092179442	-1.3812326137345623	0.2395601052917525	0.5648307770710407
mock-16|Mock 7|ASV|weighted_jaccard	mock-16	Mock 7	mock-16|Mock 7	ASV	DADA2	weighted_jaccard	Weighted Jaccard	0.5467813126265736	0.10988810874307842	0.0	0.1705259579594547	0.3014105091701579	0.3825209691424812	0.33684420092252043	-2.7362009343134495	0.2399972657981191	0.5465819011691985
mock-16|Mock 7|ASV|braycurtis	mock-16	Mock 7	mock-16|Mock 7	ASV	DADA2	braycurtis	Bray-Curtis	0.3762553546671189	-0.06063784921637627	-0.1705259579594547	0.0	0.1308845512107032	0.2119950111830265	0.16631824296306572	-0.6335414790338365	0.23931887379571787	0.5749007709763087
mock-16|Mock 7|ASV|gunifrac_a0.0	mock-16	Mock 7	mock-16|Mock 7	ASV	DADA2	gunifrac_a0.0	gUniFrac 0.0	0.2453708034564157	-0.19152240042707946	-0.3014105091701579	-0.1308845512107032	0.0	0.0811104599723233	0.03543369175236252	0.9803221370770224	0.23879818454792487	0.5966364797789501
mock-16|Mock 7|ASV|gunifrac_a0.5	mock-16	Mock 7	mock-16|Mock 7	ASV	DADA2	gunifrac_a0.5	gUniFrac 0.5	0.1642603434840924	-0.27263286039940277	-0.3825209691424812	-0.2119950111830265	-0.0811104599723233	0.0	-0.04567676821996078	1.9804494937779575	0.23847550823509361	0.6101063150077717
mock-16|Mock 7|ASV|gunifrac_a1.0	mock-16	Mock 7	mock-16|Mock 7	ASV	DADA2	gunifrac_a1.0	gUniFrac 1.0	0.2099371117040532	-0.226956092179442	-0.33684420092252043	-0.16631824296306572	-0.03543369175236252	0.04567676821996078	0.0	1.4172350146829247	0.23865722106419457	0.6025208748325116
mock-16|Mock 7|OTU|jaccard	mock-16	Mock 7	mock-16|Mock 7	OTU	UPARSE	jaccard	Jaccard	0.323943661971831	0.0	-0.19135124971920514	-0.023125204262029797	0.1682346936800059	0.1795766321298301	0.1345027732176943	-0.5618006721581495	-0.003798823718032623	0.2188278890232678
mock-16|Mock 7|OTU|weighted_jaccard	mock-16	Mock 7	mock-16|Mock 7	OTU	UPARSE	weighted_jaccard	Weighted Jaccard	0.5152949116910361	0.19135124971920514	0.0	0.16822604545717534	0.359585943399211	0.37092788184903525	0.32585402293689947	-2.9212450600754507	-0.0030375838516085414	0.18705060893600595
mock-16|Mock 7|OTU|braycurtis	mock-16	Mock 7	mock-16|Mock 7	OTU	UPARSE	braycurtis	Bray-Curtis	0.3470688662338608	0.023125204262029797	-0.16822604545717534	0.0	0.1913598979420357	0.2027018363918599	0.1576279774797241	-0.8469445293085703	-0.0037068262660727787	0.21498753734546078
mock-16|Mock 7|OTU|gunifrac_a0.0	mock-16	Mock 7	mock-16|Mock 7	OTU	UPARSE	gunifrac_a0.0	gUniFrac 0.0	0.1557089682918251	-0.1682346936800059	-0.359585943399211	-0.1913598979420357	0.0	0.011341938449824202	-0.033731920462311604	1.5126064949691054	-0.004468100537143612	0.24676625362401622
mock-16|Mock 7|OTU|gunifrac_a0.5	mock-16	Mock 7	mock-16|Mock 7	OTU	UPARSE	gunifrac_a0.5	gUniFrac 0.5	0.1443670298420009	-0.1795766321298301	-0.37092788184903525	-0.2027018363918599	-0.011341938449824202	0.0	-0.045073858912135806	1.6524575440885154	-0.004513221411573347	0.24864978433197582
mock-16|Mock 7|OTU|gunifrac_a1.0	mock-16	Mock 7	mock-16|Mock 7	OTU	UPARSE	gunifrac_a1.0	gUniFrac 1.0	0.1894408887541367	-0.1345027732176943	-0.32585402293689947	-0.1576279774797241	0.033731920462311604	0.045073858912135806	0.0	1.0966771997841267	-0.0043339070962087915	0.24116446797597368
mock-16|Mock 7|TAC|jaccard	mock-16	Mock 7	mock-16|Mock 7	TAC	TAC	jaccard	Jaccard	0.3333333333333333	0.0	-0.18872017574228622	-0.01989563150496848	0.165361249032749	0.18846201224582493	0.14392485995311913	-0.61394663933437	0.005712607100083251	0.2587454167412596
mock-16|Mock 7|TAC|weighted_jaccard	mock-16	Mock 7	mock-16|Mock 7	TAC	TAC	weighted_jaccard	Weighted Jaccard	0.5220535090756195	0.18872017574228622	0.0	0.16882454423731774	0.35408142477503524	0.37718218798811115	0.3326450356954054	-2.9409487372841587	0.0064633799410467995	0.227405073307496
mock-16|Mock 7|TAC|braycurtis	mock-16	Mock 7	mock-16|Mock 7	TAC	TAC	braycurtis	Bray-Curtis	0.3532289648383018	0.01989563150496848	-0.16882454423731774	0.0	0.1852568805377175	0.2083576437507934	0.1638204914580876	-0.8592684554570953	0.005791756558953208	0.25544139308960173
mock-16|Mock 7|TAC|gunifrac_a0.0	mock-16	Mock 7	mock-16|Mock 7	TAC	TAC	gunifrac_a0.0	gUniFrac 0.0	0.1679720843005843	-0.165361249032749	-0.35408142477503524	-0.1852568805377175	0.0	0.023100763213075914	-0.021436389079629886	1.4250297017234967	0.0050547615134453145	0.28620659472574517
mock-16|Mock 7|TAC|gunifrac_a0.5	mock-16	Mock 7	mock-16|Mock 7	TAC	TAC	gunifrac_a0.5	gUniFrac 0.5	0.1448713210875084	-0.18846201224582493	-0.37718218798811115	-0.2083576437507934	-0.023100763213075914	0.0	-0.0445371522927058	1.7098721900776668	0.004962861293674754	0.2900428875324476
mock-16|Mock 7|TAC|gunifrac_a1.0	mock-16	Mock 7	mock-16|Mock 7	TAC	TAC	gunifrac_a1.0	gUniFrac 1.0	0.1894084733802142	-0.14392485995311913	-0.3326450356954054	-0.1638204914580876	0.021436389079629886	0.0445371522927058	0.0	1.160709672534432	0.0051400404650263475	0.28264670086122945
mock-16|Mock 7|TIC|jaccard	mock-16	Mock 7	mock-16|Mock 7	TIC	TIC	jaccard	Jaccard	0.3289473684210526	0.0	-0.20005071142799974	-0.030670163413827	0.1611220656366939	0.1841326718259221	0.1395488673904895	-0.5428095628967338	-0.03576889271668703	0.25021637698320237
mock-16|Mock 7|TIC|weighted_jaccard	mock-16	Mock 7	mock-16|Mock 7	TIC	TIC	weighted_jaccard	Weighted Jaccard	0.5289980798490523	0.20005071142799974	0.0	0.16938054801417274	0.36117277706469364	0.3841833832539219	0.33959957881848923	-3.00952210890988	-0.0349730443641478	0.21699439647337201
mock-16|Mock 7|TIC|braycurtis	mock-16	Mock 7	mock-16|Mock 7	TIC	TIC	braycurtis	Bray-Curtis	0.3596175318348796	0.030670163413827	-0.16938054801417274	0.0	0.1917922290505209	0.2148028352397491	0.1702190308043165	-0.9209860579520351	-0.03564687965884398	0.24512305057664185
mock-16|Mock 7|TIC|gunifrac_a0.0	mock-16	Mock 7	mock-16|Mock 7	TIC	TIC	gunifrac_a0.0	gUniFrac 0.0	0.1678253027843587	-0.1611220656366939	-0.36117277706469364	-0.1917922290505209	0.0	0.023010606189228205	-0.021573198246204406	1.4438957975019944	-0.036409873843820155	0.27697356312903926
mock-16|Mock 7|TIC|gunifrac_a0.5	mock-16	Mock 7	mock-16|Mock 7	TIC	TIC	gunifrac_a0.5	gUniFrac 0.5	0.1448146965951305	-0.1841326718259221	-0.3841833832539219	-0.2148028352397491	-0.023010606189228205	0.0	-0.04458380443543261	1.7276266104202265	-0.036501415397938435	0.28079488375759887
mock-16|Mock 7|TIC|gunifrac_a1.0	mock-16	Mock 7	mock-16|Mock 7	TIC	TIC	gunifrac_a1.0	gUniFrac 1.0	0.1893985010305631	-0.1395488673904895	-0.33959957881848923	-0.1702190308043165	0.021573198246204406	0.04458380443543261	0.0	1.1778888516047106	-0.03632405063349189	0.2733909496679115
mock-16|Mock 7|zOTU|jaccard	mock-16	Mock 7	mock-16|Mock 7	zOTU	UNOISE3	jaccard	Jaccard	0.3103448275862068	0.0	-0.21200309556024904	-0.04315376070036958	0.131173666652498	0.1616794719311247	0.12034596100202088	-0.3404023114958391	0.005313614403007375	0.16737440700507328
mock-16|Mock 7|zOTU|weighted_jaccard	mock-16	Mock 7	mock-16|Mock 7	zOTU	UNOISE3	weighted_jaccard	Weighted Jaccard	0.5223479231464558	0.21200309556024904	0.0	0.16884933485987946	0.34317676221274707	0.37368256749137374	0.33234905656226993	-2.954492968205677	0.006157012125168361	0.13216752041891208
mock-16|Mock 7|zOTU|braycurtis	mock-16	Mock 7	mock-16|Mock 7	zOTU	UNOISE3	braycurtis	Bray-Curtis	0.3534985882865764	0.04315376070036958	-0.16884933485987946	0.0	0.17432742735286758	0.20483323263149428	0.16349972170239047	-0.8725070071872734	0.00548529012020009	0.16020795712504066
mock-16|Mock 7|zOTU|gunifrac_a0.0	mock-16	Mock 7	mock-16|Mock 7	zOTU	UNOISE3	gunifrac_a0.0	gUniFrac 0.0	0.1791711609337088	-0.131173666652498	-0.34317676221274707	-0.17432742735286758	0.0	0.030505805278626702	-0.01082770565047711	1.2770262241418264	0.004791774986606462	0.18915812857159628
mock-16|Mock 7|zOTU|gunifrac_a0.5	mock-16	Mock 7	mock-16|Mock 7	zOTU	UNOISE3	gunifrac_a0.5	gUniFrac 0.5	0.1486653556550821	-0.1616794719311247	-0.37368256749137374	-0.20483323263149428	-0.030505805278626702	0.0	-0.04133351092910381	1.6531761116872425	0.004670415783730013	0.1942241603850743
mock-16|Mock 7|zOTU|gunifrac_a1.0	mock-16	Mock 7	mock-16|Mock 7	zOTU	UNOISE3	gunifrac_a1.0	gUniFrac 1.0	0.1899988665841859	-0.12034596100202088	-0.33234905656226993	-0.16349972170239047	0.01082770565047711	0.04133351092910381	0.0	1.1435158897775222	0.004834850123118058	0.18735999537067644
mock-18|Mock 8|ASV|jaccard	mock-18	Mock 8	mock-18|Mock 8	ASV	DADA2	jaccard	Jaccard	0.1764705882352941	0.0	-0.14052525092745088	-0.011880603365472309	0.11596691107404991	0.0699551371295207	0.006638130356885208	0.007945037831197228	0.45438792672985073	-0.36755175433667436
mock-18|Mock 8|ASV|weighted_jaccard	mock-18	Mock 8	mock-18|Mock 8	ASV	DADA2	weighted_jaccard	Weighted Jaccard	0.316995839162745	0.14052525092745088	0.0	0.12864464756197858	0.25649216200150077	0.21048038805697158	0.1471633812843361	-1.7247926116379777	0.4549469689279148	-0.39088847288231665
mock-18|Mock 8|ASV|braycurtis	mock-18	Mock 8	mock-18|Mock 8	ASV	DADA2	braycurtis	Bray-Curtis	0.1883511916007664	0.011880603365472309	-0.12864464756197858	0.0	0.12784751443952222	0.08183574049499301	0.018518733722357517	-0.13854798469606355	0.45443519053885273	-0.36952473993935125
mock-18|Mock 8|ASV|gunifrac_a0.0	mock-18	Mock 8	mock-18|Mock 8	ASV	DADA2	gunifrac_a0.0	gUniFrac 0.0	0.0605036771612442	-0.11596691107404991	-0.25649216200150077	-0.12784751443952222	0.0	-0.046011773944529204	-0.1093287807171647	1.4378676430887363	0.4539265833311261	-0.34829338513625213
mock-18|Mock 8|ASV|gunifrac_a0.5	mock-18	Mock 8	mock-18|Mock 8	ASV	DADA2	gunifrac_a0.5	gUniFrac 0.5	0.1065154511057734	-0.0699551371295207	-0.21048038805697158	-0.08183574049499301	0.046011773944529204	0.0	-0.06331700677263549	0.870522397260206	0.45410962889107326	-0.3559344589734635
mock-18|Mock 8|ASV|gunifrac_a1.0	mock-18	Mock 8	mock-18|Mock 8	ASV	DADA2	gunifrac_a1.0	gUniFrac 1.0	0.1698324578784089	-0.006638130356885208	-0.1471633812843361	-0.018518733722357517	0.1093287807171647	0.06331700677263549	0.0	0.0897960810817621	0.4543615187002534	-0.3664493746662191
mock-18|Mock 8|OTU|jaccard	mock-18	Mock 8	mock-18|Mock 8	OTU	UPARSE	jaccard	Jaccard	0.0666666666666666	0.0	-0.19330917669049713	-0.08274266329272631	0.0399539852831591	-0.01702449344450631	-0.0668335533031803	0.7759374207471609	0.43777628228393434	-0.6745751460525763
mock-18|Mock 8|OTU|weighted_jaccard	mock-18	Mock 8	mock-18|Mock 8	OTU	UPARSE	weighted_jaccard	Weighted Jaccard	0.2599758433571637	0.19330917669049713	0.0	0.11056651339777082	0.23326316197365624	0.17628468324599084	0.12647562338731683	-1.607649060891221	0.4385453112401516	-0.7066775747544839
mock-18|Mock 8|OTU|braycurtis	mock-18	Mock 8	mock-18|Mock 8	OTU	UPARSE	braycurtis	Bray-Curtis	0.1494093299593929	0.08274266329272631	-0.11056651339777082	0.0	0.12269664857588541	0.06571816984822	0.015909109989546005	-0.24431571495922144	0.4381054518819642	-0.6883160376876042
mock-18|Mock 8|OTU|gunifrac_a0.0	mock-18	Mock 8	mock-18|Mock 8	OTU	UPARSE	gunifrac_a0.0	gUniFrac 0.0	0.0267126813835075	-0.0399539852831591	-0.23326316197365624	-0.12269664857588541	0.0	-0.056978478727665406	-0.10678753858633941	1.2685874896106457	0.43761733601906994	-0.6679400758201727
mock-18|Mock 8|OTU|gunifrac_a0.5	mock-18	Mock 8	mock-18|Mock 8	OTU	UPARSE	gunifrac_a0.5	gUniFrac 0.5	0.0836911601111729	0.01702449344450631	-0.17628468324599084	-0.06571816984822	0.056978478727665406	0.0	-0.049809059858673996	0.5660179894723739	0.4378440096864712	-0.6774023661377536
mock-18|Mock 8|OTU|gunifrac_a1.0	mock-18	Mock 8	mock-18|Mock 8	OTU	UPARSE	gunifrac_a1.0	gUniFrac 1.0	0.1335002199698469	0.0668335533031803	-0.12647562338731683	-0.015909109989546005	0.10678753858633941	0.049809059858673996	0.0	-0.04814944828118347	0.438042161734755	-0.6856740468732324
mock-18|Mock 8|TAC|jaccard	mock-18	Mock 8	mock-18|Mock 8	TAC	TAC	jaccard	Jaccard	0.0666666666666666	0.0	-0.19330917669049702	-0.0827426632927262	0.0399539852831591	-0.01702449344450631	-0.0668335533031803	0.7759374207471602	0.43777628228393484	-0.6745751460525763
mock-18|Mock 8|TAC|weighted_jaccard	mock-18	Mock 8	mock-18|Mock 8	TAC	TAC	weighted_jaccard	Weighted Jaccard	0.2599758433571636	0.19330917669049702	0.0	0.11056651339777082	0.23326316197365612	0.17628468324599073	0.12647562338731672	-1.6076490608912197	0.43854531124015206	-0.7066775747544835
mock-18|Mock 8|TAC|braycurtis	mock-18	Mock 8	mock-18|Mock 8	TAC	TAC	braycurtis	Bray-Curtis	0.1494093299593928	0.0827426632927262	-0.11056651339777082	0.0	0.1226966485758853	0.06571816984821989	0.015909109989545894	-0.24431571495922053	0.43810545188196476	-0.6883160376876051
mock-18|Mock 8|TAC|gunifrac_a0.0	mock-18	Mock 8	mock-18|Mock 8	TAC	TAC	gunifrac_a0.0	gUniFrac 0.0	0.0267126813835075	-0.0399539852831591	-0.23326316197365612	-0.1226966485758853	0.0	-0.056978478727665406	-0.10678753858633941	1.2685874896106453	0.4376173360190703	-0.6679400758201728
mock-18|Mock 8|TAC|gunifrac_a0.5	mock-18	Mock 8	mock-18|Mock 8	TAC	TAC	gunifrac_a0.5	gUniFrac 0.5	0.0836911601111729	0.01702449344450631	-0.17628468324599073	-0.06571816984821989	0.056978478727665406	0.0	-0.049809059858673996	0.5660179894723734	0.43784400968647175	-0.6774023661377534
mock-18|Mock 8|TAC|gunifrac_a1.0	mock-18	Mock 8	mock-18|Mock 8	TAC	TAC	gunifrac_a1.0	gUniFrac 1.0	0.1335002199698469	0.0668335533031803	-0.12647562338731672	-0.015909109989545894	0.10678753858633941	0.049809059858673996	0.0	-0.048149448281183914	0.43804216173475546	-0.6856740468732324
mock-18|Mock 8|TIC|jaccard	mock-18	Mock 8	mock-18|Mock 8	TIC	TIC	jaccard	Jaccard	0.0666666666666666	0.0	-0.19330917669049702	-0.0827426632927262	0.0399539852831591	-0.01702449344450631	-0.0668335533031802	0.7759374207471601	0.43777628228393484	-0.6745751460525761
mock-18|Mock 8|TIC|weighted_jaccard	mock-18	Mock 8	mock-18|Mock 8	TIC	TIC	weighted_jaccard	Weighted Jaccard	0.2599758433571636	0.19330917669049702	0.0	0.11056651339777082	0.23326316197365612	0.17628468324599073	0.12647562338731683	-1.6076490608912204	0.43854531124015184	-0.706677574754483
mock-18|Mock 8|TIC|braycurtis	mock-18	Mock 8	mock-18|Mock 8	TIC	TIC	braycurtis	Bray-Curtis	0.1494093299593928	0.0827426632927262	-0.11056651339777082	0.0	0.1226966485758853	0.06571816984821989	0.015909109989546005	-0.24431571495922066	0.4381054518819647	-0.6883160376876046
mock-18|Mock 8|TIC|gunifrac_a0.0	mock-18	Mock 8	mock-18|Mock 8	TIC	TIC	gunifrac_a0.0	gUniFrac 0.0	0.0267126813835075	-0.0399539852831591	-0.23326316197365612	-0.1226966485758853	0.0	-0.056978478727665406	-0.1067875385863393	1.2685874896106448	0.43761733601907016	-0.6679400758201727
mock-18|Mock 8|TIC|gunifrac_a0.5	mock-18	Mock 8	mock-18|Mock 8	TIC	TIC	gunifrac_a0.5	gUniFrac 0.5	0.0836911601111729	0.01702449344450631	-0.17628468324599073	-0.06571816984821989	0.056978478727665406	0.0	-0.049809059858673885	0.5660179894723729	0.43784400968647164	-0.6774023661377534
mock-18|Mock 8|TIC|gunifrac_a1.0	mock-18	Mock 8	mock-18|Mock 8	TIC	TIC	gunifrac_a1.0	gUniFrac 1.0	0.1335002199698468	0.0668335533031802	-0.12647562338731683	-0.015909109989546005	0.1067875385863393	0.049809059858673885	0.0	-0.04814944828118275	0.4380421617347554	-0.6856740468732322
mock-18|Mock 8|zOTU|jaccard	mock-18	Mock 8	mock-18|Mock 8	zOTU	UNOISE3	jaccard	Jaccard	0.0666666666666666	0.0	-0.19330917669049702	-0.0827426632927262	0.0399539852831591	-0.01702449344450631	-0.0668335533031803	0.7759374207471602	0.437776282283935	-0.6745751460525764
mock-18|Mock 8|zOTU|weighted_jaccard	mock-18	Mock 8	mock-18|Mock 8	zOTU	UNOISE3	weighted_jaccard	Weighted Jaccard	0.2599758433571636	0.19330917669049702	0.0	0.11056651339777082	0.23326316197365612	0.17628468324599073	0.12647562338731672	-1.60764906089122	0.4385453112401523	-0.7066775747544839
mock-18|Mock 8|zOTU|braycurtis	mock-18	Mock 8	mock-18|Mock 8	zOTU	UNOISE3	braycurtis	Bray-Curtis	0.1494093299593928	0.0827426632927262	-0.11056651339777082	0.0	0.1226966485758853	0.06571816984821989	0.015909109989545894	-0.24431571495922047	0.4381054518819647	-0.6883160376876047
mock-18|Mock 8|zOTU|gunifrac_a0.0	mock-18	Mock 8	mock-18|Mock 8	zOTU	UNOISE3	gunifrac_a0.0	gUniFrac 0.0	0.0267126813835075	-0.0399539852831591	-0.23326316197365612	-0.1226966485758853	0.0	-0.056978478727665406	-0.10678753858633941	1.2685874896106453	0.4376173360190703	-0.6679400758201726
mock-18|Mock 8|zOTU|gunifrac_a0.5	mock-18	Mock 8	mock-18|Mock 8	zOTU	UNOISE3	gunifrac_a0.5	gUniFrac 0.5	0.0836911601111729	0.01702449344450631	-0.17628468324599073	-0.06571816984821989	0.056978478727665406	0.0	-0.049809059858673996	0.5660179894723734	0.43784400968647164	-0.6774023661377536
mock-18|Mock 8|zOTU|gunifrac_a1.0	mock-18	Mock 8	mock-18|Mock 8	zOTU	UNOISE3	gunifrac_a1.0	gUniFrac 1.0	0.1335002199698469	0.0668335533031803	-0.12647562338731672	-0.015909109989545894	0.10678753858633941	0.049809059858673996	0.0	-0.048149448281183935	0.4380421617347554	-0.6856740468732325
mock-19|Mock 9|ASV|jaccard	mock-19	Mock 9	mock-19|Mock 9	ASV	DADA2	jaccard	Jaccard	0.0	0.0	-0.2718857683385508	-0.1573309005604066	-2.935588446741791e-08	-0.0810797157066354	-0.1358283881673249	1.469848196976693	0.22748475829303855	-0.9029218371061011
mock-19|Mock 9|ASV|weighted_jaccard	mock-19	Mock 9	mock-19|Mock 9	ASV	DADA2	weighted_jaccard	Weighted Jaccard	0.2718857683385508	0.2718857683385508	0.0	0.11455486777814422	0.2718857389826664	0.1908060526319154	0.13605738017122593	-1.8826219394992052	0.22856638324336825	-0.9480733071117202
mock-19|Mock 9|ASV|braycurtis	mock-19	Mock 9	mock-19|Mock 9	ASV	DADA2	braycurtis	Bray-Curtis	0.1573309005604066	0.1573309005604066	-0.11455486777814422	0.0	0.15733087120452213	0.0762511848537712	0.021502512393081707	-0.47011044409806707	0.22811065728195595	-0.929049432827715
mock-19|Mock 9|ASV|gunifrac_a0.0	mock-19	Mock 9	mock-19|Mock 9	ASV	DADA2	gunifrac_a0.0	gUniFrac 0.0	2.935588446741791e-08	2.935588446741791e-08	-0.2718857389826664	-0.15733087120452213	0.0	-0.08107968635075093	-0.13582835881144043	1.4698478350058324	0.22748475840982457	-0.902921841981168
mock-19|Mock 9|ASV|gunifrac_a0.5	mock-19	Mock 9	mock-19|Mock 9	ASV	DADA2	gunifrac_a0.5	gUniFrac 0.5	0.0810797157066354	0.0810797157066354	-0.1908060526319154	-0.0762511848537712	0.08107968635075093	0.0	-0.0547486724606895	0.4700999304841817	0.2278073122980174	-0.9163865667025158
mock-19|Mock 9|ASV|gunifrac_a1.0	mock-19	Mock 9	mock-19|Mock 9	ASV	DADA2	gunifrac_a1.0	gUniFrac 1.0	0.1358283881673249	0.1358283881673249	-0.13605738017122593	-0.021502512393081707	0.13582835881144043	0.0547486724606895	0.0	-0.20497508560718933	0.22802511527642452	-0.9254785580103446
mock-19|Mock 9|OTU|jaccard	mock-19	Mock 9	mock-19|Mock 9	OTU	UPARSE	jaccard	Jaccard	0.0	0.0	-0.1883603394605086	-0.1039722984450542	-2.935588446741791e-08	-0.0531792104920329	-0.0881852282587962	1.0195391625659358	0.5408435925764896	-0.7997144029703611
mock-19|Mock 9|OTU|weighted_jaccard	mock-19	Mock 9	mock-19|Mock 9	OTU	UPARSE	weighted_jaccard	Weighted Jaccard	0.1883603394605086	0.1883603394605086	0.0	0.08438804101545438	0.18836031010462412	0.1351811289684757	0.1001751112017124	-1.3030259970473885	0.5415929339048633	-0.8309949891862942
mock-19|Mock 9|OTU|braycurtis	mock-19	Mock 9	mock-19|Mock 9	OTU	UPARSE	braycurtis	Bray-Curtis	0.1039722984450542	0.1039722984450542	-0.08438804101545438	0.0	0.10397226908916973	0.05079308795302131	0.01578707018625801	-0.26248463620742785	0.5412572186107917	-0.8169808533011165
mock-19|Mock 9|OTU|gunifrac_a0.0	mock-19	Mock 9	mock-19|Mock 9	OTU	UPARSE	gunifrac_a0.0	gUniFrac 0.0	2.935588446741791e-08	2.935588446741791e-08	-0.18836031010462412	-0.10397226908916973	0.0	-0.05317918113614843	-0.08818519890291172	1.019538800595073	0.5408435926932741	-0.7997144078454277
mock-19|Mock 9|OTU|gunifrac_a0.5	mock-19	Mock 9	mock-19|Mock 9	OTU	UPARSE	gunifrac_a0.5	gUniFrac 0.5	0.0531792104920329	0.0531792104920329	-0.1351811289684757	-0.05079308795302131	0.05317918113614843	0.0	-0.0350060177667633	0.3638162972414422	0.5410551518694179	-0.8085457571899153
mock-19|Mock 9|OTU|gunifrac_a1.0	mock-19	Mock 9	mock-19|Mock 9	OTU	UPARSE	gunifrac_a1.0	gUniFrac 1.0	0.0881852282587962	0.0881852282587962	-0.1001751112017124	-0.01578707018625801	0.08818519890291172	0.0350060177667633	0.0	-0.06782317354500474	0.5411944139663626	-0.8143591293677632
mock-19|Mock 9|TAC|jaccard	mock-19	Mock 9	mock-19|Mock 9	TAC	TAC	jaccard	Jaccard	0.0	0.0	-0.1883603394605086	-0.1039722984450542	-2.935588446741791e-08	-0.0531792104920329	-0.0881852282587962	1.019539162565936	0.5408435925764898	-0.7997144029703611
mock-19|Mock 9|TAC|weighted_jaccard	mock-19	Mock 9	mock-19|Mock 9	TAC	TAC	weighted_jaccard	Weighted Jaccard	0.1883603394605086	0.1883603394605086	0.0	0.08438804101545438	0.18836031010462412	0.1351811289684757	0.1001751112017124	-1.3030259970473885	0.5415929339048633	-0.8309949891862942
mock-19|Mock 9|TAC|braycurtis	mock-19	Mock 9	mock-19|Mock 9	TAC	TAC	braycurtis	Bray-Curtis	0.1039722984450542	0.1039722984450542	-0.08438804101545438	0.0	0.10397226908916973	0.05079308795302131	0.01578707018625801	-0.2624846362074279	0.5412572186107916	-0.8169808533011168
mock-19|Mock 9|TAC|gunifrac_a0.0	mock-19	Mock 9	mock-19|Mock 9	TAC	TAC	gunifrac_a0.0	gUniFrac 0.0	2.935588446741791e-08	2.935588446741791e-08	-0.18836031010462412	-0.10397226908916973	0.0	-0.05317918113614843	-0.08818519890291172	1.019538800595073	0.540843592693274	-0.7997144078454277
mock-19|Mock 9|TAC|gunifrac_a0.5	mock-19	Mock 9	mock-19|Mock 9	TAC	TAC	gunifrac_a0.5	gUniFrac 0.5	0.0531792104920329	0.0531792104920329	-0.1351811289684757	-0.05079308795302131	0.05317918113614843	0.0	-0.0350060177667633	0.36381629724144215	0.541055151869418	-0.808545757189915
mock-19|Mock 9|TAC|gunifrac_a1.0	mock-19	Mock 9	mock-19|Mock 9	TAC	TAC	gunifrac_a1.0	gUniFrac 1.0	0.0881852282587962	0.0881852282587962	-0.1001751112017124	-0.01578707018625801	0.08818519890291172	0.0350060177667633	0.0	-0.0678231735450047	0.5411944139663627	-0.8143591293677634
mock-19|Mock 9|TIC|jaccard	mock-19	Mock 9	mock-19|Mock 9	TIC	TIC	jaccard	Jaccard	0.0	0.0	-0.1883603394605086	-0.1039722984450542	-2.935588446741791e-08	-0.0531792104920329	-0.0881852282587962	1.0195391625659358	0.5408435925764898	-0.7997144029703612
mock-19|Mock 9|TIC|weighted_jaccard	mock-19	Mock 9	mock-19|Mock 9	TIC	TIC	weighted_jaccard	Weighted Jaccard	0.1883603394605086	0.1883603394605086	0.0	0.08438804101545438	0.18836031010462412	0.1351811289684757	0.1001751112017124	-1.3030259970473885	0.5415929339048633	-0.8309949891862941
mock-19|Mock 9|TIC|braycurtis	mock-19	Mock 9	mock-19|Mock 9	TIC	TIC	braycurtis	Bray-Curtis	0.1039722984450542	0.1039722984450542	-0.08438804101545438	0.0	0.10397226908916973	0.05079308795302131	0.01578707018625801	-0.26248463620742785	0.5412572186107916	-0.8169808533011169
mock-19|Mock 9|TIC|gunifrac_a0.0	mock-19	Mock 9	mock-19|Mock 9	TIC	TIC	gunifrac_a0.0	gUniFrac 0.0	2.935588446741791e-08	2.935588446741791e-08	-0.18836031010462412	-0.10397226908916973	0.0	-0.05317918113614843	-0.08818519890291172	1.0195388005950732	0.5408435926932743	-0.7997144078454281
mock-19|Mock 9|TIC|gunifrac_a0.5	mock-19	Mock 9	mock-19|Mock 9	TIC	TIC	gunifrac_a0.5	gUniFrac 0.5	0.0531792104920329	0.0531792104920329	-0.1351811289684757	-0.05079308795302131	0.05317918113614843	0.0	-0.0350060177667633	0.36381629724144215	0.541055151869418	-0.8085457571899147
mock-19|Mock 9|TIC|gunifrac_a1.0	mock-19	Mock 9	mock-19|Mock 9	TIC	TIC	gunifrac_a1.0	gUniFrac 1.0	0.0881852282587962	0.0881852282587962	-0.1001751112017124	-0.01578707018625801	0.08818519890291172	0.0350060177667633	0.0	-0.0678231735450047	0.5411944139663627	-0.8143591293677632
mock-19|Mock 9|zOTU|jaccard	mock-19	Mock 9	mock-19|Mock 9	zOTU	UNOISE3	jaccard	Jaccard	0.0	0.0	-0.1883603394605086	-0.1039722984450542	-2.935588446741791e-08	-0.0531792104920329	-0.0881852282587962	1.019539162565936	0.5408435925764898	-0.799714402970361
mock-19|Mock 9|zOTU|weighted_jaccard	mock-19	Mock 9	mock-19|Mock 9	zOTU	UNOISE3	weighted_jaccard	Weighted Jaccard	0.1883603394605086	0.1883603394605086	0.0	0.08438804101545438	0.18836031010462412	0.1351811289684757	0.1001751112017124	-1.3030259970473885	0.5415929339048634	-0.8309949891862941
mock-19|Mock 9|zOTU|braycurtis	mock-19	Mock 9	mock-19|Mock 9	zOTU	UNOISE3	braycurtis	Bray-Curtis	0.1039722984450542	0.1039722984450542	-0.08438804101545438	0.0	0.10397226908916973	0.05079308795302131	0.01578707018625801	-0.2624846362074278	0.5412572186107915	-0.8169808533011167
mock-19|Mock 9|zOTU|gunifrac_a0.0	mock-19	Mock 9	mock-19|Mock 9	zOTU	UNOISE3	gunifrac_a0.0	gUniFrac 0.0	2.935588446741791e-08	2.935588446741791e-08	-0.18836031010462412	-0.10397226908916973	0.0	-0.05317918113614843	-0.08818519890291172	1.0195388005950732	0.5408435926932741	-0.7997144078454276
mock-19|Mock 9|zOTU|gunifrac_a0.5	mock-19	Mock 9	mock-19|Mock 9	zOTU	UNOISE3	gunifrac_a0.5	gUniFrac 0.5	0.0531792104920329	0.0531792104920329	-0.1351811289684757	-0.05079308795302131	0.05317918113614843	0.0	-0.0350060177667633	0.36381629724144215	0.541055151869418	-0.8085457571899151
mock-19|Mock 9|zOTU|gunifrac_a1.0	mock-19	Mock 9	mock-19|Mock 9	zOTU	UNOISE3	gunifrac_a1.0	gUniFrac 1.0	0.0881852282587962	0.0881852282587962	-0.1001751112017124	-0.01578707018625801	0.08818519890291172	0.0350060177667633	0.0	-0.06782317354500468	0.5411944139663627	-0.8143591293677634
mock-20|Mock 10|ASV|jaccard	mock-20	Mock 10	mock-20|Mock 10	ASV	DADA2	jaccard	Jaccard	0.0869565217391304	0.0	-0.4708018075944218	-0.2997736225062628	0.06508649017224041	-0.08386401463849319	-0.1178960262457453	1.9659146009316433	-0.8367651671556694	-0.690104129544376
mock-20|Mock 10|ASV|weighted_jaccard	mock-20	Mock 10	mock-20|Mock 10	ASV	DADA2	weighted_jaccard	Weighted Jaccard	0.5577583293335522	0.4708018075944218	0.0	0.17102818508815898	0.5358882977666621	0.38693779295592856	0.35290578134867645	-3.83927707866307	-0.8348922078431416	-0.7682891475542974
mock-20|Mock 10|ASV|braycurtis	mock-20	Mock 10	mock-20|Mock 10	ASV	DADA2	braycurtis	Bray-Curtis	0.3867301442453932	0.2997736225062628	-0.17102818508815898	0.0	0.3648601126785032	0.2159096078677696	0.1818775962605175	-1.7304249437849688	-0.835572597822105	-0.7398868739953965
mock-20|Mock 10|ASV|gunifrac_a0.0	mock-20	Mock 10	mock-20|Mock 10	ASV	DADA2	gunifrac_a0.0	gUniFrac 0.0	0.02187003156689	-0.06508649017224041	-0.5358882977666621	-0.3648601126785032	0.0	-0.1489505048107336	-0.1829825164179857	2.768459419381889	-0.8370240963821947	-0.6792953596453805
mock-20|Mock 10|ASV|gunifrac_a0.5	mock-20	Mock 10	mock-20|Mock 10	ASV	DADA2	gunifrac_a0.5	gUniFrac 0.5	0.1708205363776236	0.08386401463849319	-0.38693779295592856	-0.2159096078677696	0.1489505048107336	0.0	-0.03403201160725211	0.9318347139313157	-0.8364315365606513	-0.7040312415246764
mock-20|Mock 10|ASV|gunifrac_a1.0	mock-20	Mock 10	mock-20|Mock 10	ASV	DADA2	gunifrac_a1.0	gUniFrac 1.0	0.2048525479848757	0.1178960262457453	-0.35290578134867645	-0.1818775962605175	0.1829825164179857	0.03403201160725211	0.0	0.5122051640114834	-0.8362961492872054	-0.7096828626474212
mock-20|Mock 10|OTU|jaccard	mock-20	Mock 10	mock-20|Mock 10	OTU	UPARSE	jaccard	Jaccard	0.0999999999999999	0.0	-0.38518075618704883	-0.2202895382856375	0.07797585134789049	-0.03915945535342322	-0.0669022180629677	1.389678541317401	-0.500468788558055	-0.5537663620584434
mock-20|Mock 10|OTU|weighted_jaccard	mock-20	Mock 10	mock-20|Mock 10	OTU	UPARSE	weighted_jaccard	Weighted Jaccard	0.4851807561870487	0.38518075618704883	0.0	0.1648912179014113	0.4631566075349393	0.3460213008336256	0.31827853812408113	-3.3597682213919873	-0.4989364497422936	-0.6177324808663426
mock-20|Mock 10|OTU|braycurtis	mock-20	Mock 10	mock-20|Mock 10	OTU	UPARSE	braycurtis	Bray-Curtis	0.3202895382856374	0.2202895382856375	-0.1648912179014113	0.0	0.298265389633528	0.18113008293221428	0.1533873202226698	-1.3265875692392557	-0.49959242543554905	-0.5903493599153607
mock-20|Mock 10|OTU|gunifrac_a0.0	mock-20	Mock 10	mock-20|Mock 10	OTU	UPARSE	gunifrac_a0.0	gUniFrac 0.0	0.0220241486521094	-0.07797585134789049	-0.4631566075349393	-0.298265389633528	0.0	-0.11713530670131371	-0.14487806941085818	2.3511548061749945	-0.500778994667247	-0.5408170843716724
mock-20|Mock 10|OTU|gunifrac_a0.5	mock-20	Mock 10	mock-20|Mock 10	OTU	UPARSE	gunifrac_a0.5	gUniFrac 0.5	0.1391594553534231	0.03915945535342322	-0.3460213008336256	-0.18113008293221428	0.11713530670131371	0.0	-0.027742762709544483	0.9068253731091188	-0.5003130031184186	-0.5602694864574554
mock-20|Mock 10|OTU|gunifrac_a1.0	mock-20	Mock 10	mock-20|Mock 10	OTU	UPARSE	gunifrac_a1.0	gUniFrac 1.0	0.1669022180629676	0.0669022180629677	-0.31827853812408113	-0.1533873202226698	0.14487806941085818	0.027742762709544483	0.0	0.5647450058451964	-0.5002026359428178	-0.5648766658843439
mock-20|Mock 10|TAC|jaccard	mock-20	Mock 10	mock-20|Mock 10	TAC	TAC	jaccard	Jaccard	0.3571428571428571	0.0	-0.1381861033023824	0.027948669560294404	0.2928328585095461	0.2091997435062276	0.1886274157106915	-1.1863318046109697	-0.08921239452059143	0.3525207852695439
mock-20|Mock 10|TAC|weighted_jaccard	mock-20	Mock 10	mock-20|Mock 10	TAC	TAC	weighted_jaccard	Weighted Jaccard	0.4953289604452395	0.1381861033023824	0.0	0.1661347728626768	0.4310189618119285	0.34738584680861	0.32681351901307387	-2.890226743386711	-0.08866265799692687	0.32957252381187907
mock-20|Mock 10|TAC|braycurtis	mock-20	Mock 10	mock-20|Mock 10	TAC	TAC	braycurtis	Bray-Curtis	0.3291941875825627	-0.027948669560294404	-0.1661347728626768	0.0	0.2648841889492517	0.1812510739459332	0.1606787461503971	-0.841712516048397	-0.08932358084163226	0.35716215919308486
mock-20|Mock 10|TAC|gunifrac_a0.0	mock-20	Mock 10	mock-20|Mock 10	TAC	TAC	gunifrac_a0.0	gUniFrac 0.0	0.064309998633311	-0.2928328585095461	-0.4310189618119285	-0.2648841889492517	0.0	-0.08363311500331849	-0.1042054427988546	2.42442509204903	-0.09037735187740827	0.4011508923488871
mock-20|Mock 10|TAC|gunifrac_a0.5	mock-20	Mock 10	mock-20|Mock 10	TAC	TAC	gunifrac_a0.5	gUniFrac 0.5	0.1479431136366295	-0.2091997435062276	-0.34738584680861	-0.1812510739459332	0.08363311500331849	0.0	-0.02057232779553611	1.3931922982826603	-0.09004463985495158	0.38726212536183824
mock-20|Mock 10|TAC|gunifrac_a1.0	mock-20	Mock 10	mock-20|Mock 10	TAC	TAC	gunifrac_a1.0	gUniFrac 1.0	0.1685154414321656	-0.1886274157106915	-0.32681351901307387	-0.1606787461503971	0.1042054427988546	0.02057232779553611	0.0	1.1395265216817723	-0.08996279834053196	0.38384572424940827
mock-20|Mock 10|TIC|jaccard	mock-20	Mock 10	mock-20|Mock 10	TIC	TIC	jaccard	Jaccard	0.3571428571428571	0.0	-0.13306178050776118	0.032460022716995385	0.2928328585095461	0.2097029643296168	0.1887797739635389	-1.2062494077534367	-0.06441933739778447	0.348993939831389
mock-20|Mock 10|TIC|weighted_jaccard	mock-20	Mock 10	mock-20|Mock 10	TIC	TIC	weighted_jaccard	Weighted Jaccard	0.4902046376506183	0.13306178050776118	0.0	0.16552180322475657	0.4258946390173073	0.34276474483737795	0.3218415544713001	-2.846959210934884	-0.0638899866244363	0.3268966633604509
mock-20|Mock 10|TIC|braycurtis	mock-20	Mock 10	mock-20|Mock 10	TIC	TIC	braycurtis	Bray-Curtis	0.3246828344258617	-0.032460022716995385	-0.16552180322475657	0.0	0.2603728357925507	0.1772429416126214	0.15631975124654351	-0.8060031666462057	-0.06454847093306813	0.35438450422556145
mock-20|Mock 10|TIC|gunifrac_a0.0	mock-20	Mock 10	mock-20|Mock 10	TIC	TIC	gunifrac_a0.0	gUniFrac 0.0	0.064309998633311	-0.2928328585095461	-0.4258946390173073	-0.2603728357925507	0.0	-0.0831298941799293	-0.1040530845460072	2.4045074889065643	-0.06558429475460066	0.397624046910731
mock-20|Mock 10|TIC|gunifrac_a0.5	mock-20	Mock 10	mock-20|Mock 10	TIC	TIC	gunifrac_a0.5	gUniFrac 0.5	0.1474398928132403	-0.2097029643296168	-0.34276474483737795	-0.1772429416126214	0.0831298941799293	0.0	-0.0209231903660779	1.3794796274276562	-0.06525358466185617	0.3838188486961582
mock-20|Mock 10|TIC|gunifrac_a1.0	mock-20	Mock 10	mock-20|Mock 10	TIC	TIC	gunifrac_a1.0	gUniFrac 1.0	0.1683630831793182	-0.1887797739635389	-0.3218415544713001	-0.15631975124654351	0.1040530845460072	0.0209231903660779	0.0	1.1214875622647114	-0.06517034733436221	0.38034418061033437
mock-20|Mock 10|zOTU|jaccard	mock-20	Mock 10	mock-20|Mock 10	zOTU	UNOISE3	jaccard	Jaccard	0.375	0.0	-0.1653643147009366	0.004795078221712712	0.3083273527108132	0.2265102071121103	0.2059354033572101	-1.204371251021236	-0.2852817575504178	0.4589507622200253
mock-20|Mock 10|zOTU|weighted_jaccard	mock-20	Mock 10	mock-20|Mock 10	zOTU	UNOISE3	weighted_jaccard	Weighted Jaccard	0.5403643147009366	0.1653643147009366	0.0	0.1701593929226493	0.4736916674117498	0.39187452181304694	0.3712997180581467	-3.243385393105283	-0.28462389976783786	0.4314890751267834
mock-20|Mock 10|zOTU|braycurtis	mock-20	Mock 10	mock-20|Mock 10	zOTU	UNOISE3	braycurtis	Bray-Curtis	0.3702049217782873	-0.004795078221712712	-0.1701593929226493	0.0	0.3035322744891005	0.2217151288903976	0.2011403251354974	-1.1452458446471119	-0.2853008334890929	0.4597470702865545
mock-20|Mock 10|zOTU|gunifrac_a0.0	mock-20	Mock 10	mock-20|Mock 10	zOTU	UNOISE3	gunifrac_a0.0	gUniFrac 0.0	0.0666726472891868	-0.3083273527108132	-0.4736916674117498	-0.3035322744891005	0.0	-0.08181714559870289	-0.10239194935360309	2.597439518767075	-0.28650835561621074	0.510154005784061
mock-20|Mock 10|zOTU|gunifrac_a0.5	mock-20	Mock 10	mock-20|Mock 10	zOTU	UNOISE3	gunifrac_a0.5	gUniFrac 0.5	0.1484897928878897	-0.2265102071121103	-0.39187452181304694	-0.2217151288903976	0.08181714559870289	0.0	-0.0205748037549002	1.58859841999427	-0.28618286794326303	0.4965668128315951
mock-20|Mock 10|zOTU|gunifrac_a1.0	mock-20	Mock 10	mock-20|Mock 10	zOTU	UNOISE3	gunifrac_a1.0	gUniFrac 1.0	0.1690645966427899	-0.2059354033572101	-0.3712997180581467	-0.2011403251354974	0.10239194935360309	0.0205748037549002	0.0	1.3349021137342612	-0.2861010165788989	0.4931500005420536
mock-21|Mock 11|ASV|jaccard	mock-21	Mock 11	mock-21|Mock 11	ASV	DADA2	jaccard	Jaccard	0.3913043478260869	0.0	-0.2888843557777545	-0.12406380022746177	0.1992722667735397	0.2313280099996163	0.1298153715693725	-0.3529949702771631	-0.6584459380524555	0.430380379129305
mock-21|Mock 11|ASV|weighted_jaccard	mock-21	Mock 11	mock-21|Mock 11	ASV	DADA2	weighted_jaccard	Weighted Jaccard	0.6801887036038414	0.2888843557777545	0.0	0.16482055555029274	0.4881566225512942	0.5202123657773708	0.418699727347127	-3.915065105680717	-0.6572966887597169	0.38240599119168683
mock-21|Mock 11|ASV|braycurtis	mock-21	Mock 11	mock-21|Mock 11	ASV	DADA2	braycurtis	Bray-Curtis	0.5153681480535487	0.12406380022746177	-0.16482055555029274	0.0	0.3233360670010015	0.3553918102270781	0.2538791717968343	-1.8827557511444275	-0.6579523833416717	0.4097773774018368
mock-21|Mock 11|ASV|gunifrac_a0.0	mock-21	Mock 11	mock-21|Mock 11	ASV	DADA2	gunifrac_a0.0	gUniFrac 0.0	0.1920320810525472	-0.1992722667735397	-0.4881566225512942	-0.3233360670010015	0.0	0.0320557432260766	-0.0694568952041672	2.1041190135422942	-0.6592386895707402	0.4634730850519385
mock-21|Mock 11|ASV|gunifrac_a0.5	mock-21	Mock 11	mock-21|Mock 11	ASV	DADA2	gunifrac_a0.5	gUniFrac 0.5	0.1599763378264706	-0.2313280099996163	-0.5202123657773708	-0.3553918102270781	-0.0320557432260766	0.0	-0.1015126384302438	2.4993803121555596	-0.6593662147879911	0.46879651164254094
mock-21|Mock 11|ASV|gunifrac_a1.0	mock-21	Mock 11	mock-21|Mock 11	ASV	DADA2	gunifrac_a1.0	gUniFrac 1.0	0.2614889762567144	-0.1298153715693725	-0.418699727347127	-0.2538791717968343	0.0694568952041672	0.1015126384302438	0.0	1.2476851944158718	-0.65896237385446	0.45193853162658504
mock-21|Mock 11|OTU|jaccard	mock-21	Mock 11	mock-21|Mock 11	OTU	UPARSE	jaccard	Jaccard	0.3	0.0	-0.29662945232386545	-0.12514035463537	0.10949269603895298	0.17891955601250997	0.11567619936797	-0.01677677067757508	-0.3972373855114407	0.2851100790184991
mock-21|Mock 11|OTU|weighted_jaccard	mock-21	Mock 11	mock-21|Mock 11	OTU	UPARSE	weighted_jaccard	Weighted Jaccard	0.5966294523238654	0.29662945232386545	0.0	0.17148909768849546	0.40612214836281846	0.4755490083363754	0.4123056516918354	-3.6743473253698187	-0.39605732441962094	0.2358494799763803
mock-21|Mock 11|OTU|braycurtis	mock-21	Mock 11	mock-21|Mock 11	OTU	UPARSE	braycurtis	Bray-Curtis	0.42514035463537	0.12514035463537	-0.17148909768849546	0.0	0.23463305067432297	0.30405991064787996	0.24081655400333998	-1.5598119370518784	-0.3967395480163273	0.2643282962744472
mock-21|Mock 11|OTU|gunifrac_a0.0	mock-21	Mock 11	mock-21|Mock 11	OTU	UPARSE	gunifrac_a0.0	gUniFrac 0.0	0.190507303961047	-0.10949269603895298	-0.40612214836281846	-0.23463305067432297	0.0	0.069426859973557	0.006183503329017015	1.3333159387567335	-0.3976729729739185	0.30329328960450086
mock-21|Mock 11|OTU|gunifrac_a0.5	mock-21	Mock 11	mock-21|Mock 11	OTU	UPARSE	gunifrac_a0.5	gUniFrac 0.5	0.12108044398749	-0.17891955601250997	-0.4755490083363754	-0.30405991064787996	-0.069426859973557	0.0	-0.06324335664453999	2.189379410386565	-0.39794916920305184	0.31482285514533936
mock-21|Mock 11|OTU|gunifrac_a1.0	mock-21	Mock 11	mock-21|Mock 11	OTU	UPARSE	gunifrac_a1.0	gUniFrac 1.0	0.18432380063203	-0.11567619936797	-0.4123056516918354	-0.24081655400333998	-0.006183503329017015	0.06324335664453999	0.0	1.4095612324181348	-0.3976975723912471	0.3043201703669476
mock-21|Mock 11|TAC|jaccard	mock-21	Mock 11	mock-21|Mock 11	TAC	TAC	jaccard	Jaccard	0.5333333333333333	0.0	-0.07749864602280687	0.09362267898568422	0.28218946591871635	0.3920829233473182	0.337579256425373	-2.238539920812362	0.01766222709660409	1.0629077960822633
mock-21|Mock 11|TAC|weighted_jaccard	mock-21	Mock 11	mock-21|Mock 11	TAC	TAC	weighted_jaccard	Weighted Jaccard	0.6108319793561402	0.07749864602280687	0.0	0.1711213250084911	0.3596881119415232	0.4695815693701251	0.4150779024481799	-3.194132035826122	0.017970534771799267	1.0500377668315335
mock-21|Mock 11|TAC|braycurtis	mock-21	Mock 11	mock-21|Mock 11	TAC	TAC	braycurtis	Bray-Curtis	0.4397106543476491	-0.09362267898568422	-0.1711213250084911	0.0	0.18856678693303214	0.298460244361634	0.24395657743968882	-1.0841314450971136	0.01728977426052358	1.0784555079316172
mock-21|Mock 11|TAC|gunifrac_a0.0	mock-21	Mock 11	mock-21|Mock 11	TAC	TAC	gunifrac_a0.0	gUniFrac 0.0	0.251143867414617	-0.28218946591871635	-0.3596881119415232	-0.18856678693303214	0.0	0.10989345742860188	0.05538979050665668	1.240979301917183	0.01653961163599124	1.1097703784240696
mock-21|Mock 11|TAC|gunifrac_a0.5	mock-21	Mock 11	mock-21|Mock 11	TAC	TAC	gunifrac_a0.5	gUniFrac 0.5	0.1412504099860151	-0.3920829233473182	-0.4695815693701251	-0.298460244361634	-0.10989345742860188	0.0	-0.05450366692194519	2.596013574121992	0.016102429851307724	1.1280201425703222
mock-21|Mock 11|TAC|gunifrac_a1.0	mock-21	Mock 11	mock-21|Mock 11	TAC	TAC	gunifrac_a1.0	gUniFrac 1.0	0.1957540769079603	-0.337579256425373	-0.4150779024481799	-0.24395657743968882	-0.05538979050665668	0.05450366692194519	0.0	1.9239595832094314	0.016319258140581633	1.1189688387920445
mock-21|Mock 11|TIC|jaccard	mock-21	Mock 11	mock-21|Mock 11	TIC	TIC	jaccard	Jaccard	0.5757575757575757	0.0	-0.03507440359856451	0.13604692140992658	0.3209936442368808	0.4396315997316495	0.3883030794661847	-2.713399818273137	0.07526236138760703	1.2459383219365274
mock-21|Mock 11|TIC|weighted_jaccard	mock-21	Mock 11	mock-21|Mock 11	TIC	TIC	weighted_jaccard	Weighted Jaccard	0.6108319793561402	0.03507440359856451	0.0	0.1711213250084911	0.3560680478354453	0.474706003330214	0.4233774830647492	-3.1458825161996904	0.07540189553932769	1.2401135930743927
mock-21|Mock 11|TIC|braycurtis	mock-21	Mock 11	mock-21|Mock 11	TIC	TIC	braycurtis	Bray-Curtis	0.4397106543476491	-0.13604692140992658	-0.1711213250084911	0.0	0.18494672282695424	0.3035846783217229	0.2522561580562581	-1.0358819254706813	0.07472113502805362	1.2685313341744766
mock-21|Mock 11|TIC|gunifrac_a0.0	mock-21	Mock 11	mock-21|Mock 11	TIC	TIC	gunifrac_a0.0	gUniFrac 0.0	0.2547639315206949	-0.3209936442368808	-0.3560680478354453	-0.18494672282695424	0.0	0.11863795549476869	0.06730943522930388	1.2445918518268242	0.07398537386220264	1.2992450286035293
mock-21|Mock 11|TIC|gunifrac_a0.5	mock-21	Mock 11	mock-21|Mock 11	TIC	TIC	gunifrac_a0.5	gUniFrac 0.5	0.1361259760259262	-0.4396315997316495	-0.474706003330214	-0.3035846783217229	-0.11863795549476869	0.0	-0.051328520265464805	2.7074496000614316	0.07351340442627664	1.3189469722609122
mock-21|Mock 11|TIC|gunifrac_a1.0	mock-21	Mock 11	mock-21|Mock 11	TIC	TIC	gunifrac_a1.0	gUniFrac 1.0	0.187454496291391	-0.3883030794661847	-0.4233774830647492	-0.2522561580562581	-0.06730943522930388	0.051328520265464805	0.0	2.074546552612479	0.07371760124217287	1.3104229580862763
mock-21|Mock 11|zOTU|jaccard	mock-21	Mock 11	mock-21|Mock 11	zOTU	UNOISE3	jaccard	Jaccard	0.65	0.0	0.031564389445509766	0.20236569842199031	0.38454758341024964	0.511357015511914	0.46215686993849114	-3.4409609787899877	0.16376331332230434	1.5129203912028593
mock-21|Mock 11|zOTU|weighted_jaccard	mock-21	Mock 11	mock-21|Mock 11	zOTU	UNOISE3	weighted_jaccard	Weighted Jaccard	0.6184356105544903	-0.031564389445509766	0.0	0.17080130897648055	0.35298319396473987	0.47979262606640427	0.4305924804929814	-3.051758286649066	0.1636377428249065	1.5181622197546212
mock-21|Mock 11|zOTU|braycurtis	mock-21	Mock 11	mock-21|Mock 11	zOTU	UNOISE3	braycurtis	Bray-Curtis	0.4476343015780097	-0.20236569842199031	-0.17080130897648055	0.0	0.18218188498825932	0.30899131708992367	0.2597911715165008	-0.9457036332049144	0.16295825541198852	1.546526816497945
mock-21|Mock 11|zOTU|gunifrac_a0.0	mock-21	Mock 11	mock-21|Mock 11	zOTU	UNOISE3	gunifrac_a0.0	gUniFrac 0.0	0.2654524165897504	-0.38454758341024964	-0.35298319396473987	-0.18218188498825932	0.0	0.12680943210166437	0.07760928652824148	1.3006784873535677	0.1622334934154141	1.5767813604039416
mock-21|Mock 11|zOTU|gunifrac_a0.5	mock-21	Mock 11	mock-21|Mock 11	zOTU	UNOISE3	gunifrac_a0.5	gUniFrac 0.5	0.138642984488086	-0.511357015511914	-0.47979262606640427	-0.30899131708992367	-0.12680943210166437	0.0	-0.04920014557342289	2.864294107038873	0.16172901594115557	1.5978403231622942
mock-21|Mock 11|zOTU|gunifrac_a1.0	mock-21	Mock 11	mock-21|Mock 11	zOTU	UNOISE3	gunifrac_a1.0	gUniFrac 1.0	0.1878431300615089	-0.46215686993849114	-0.4305924804929814	-0.2597911715165008	-0.07760928652824148	0.04920014557342289	0.0	2.2576348480673536	0.16192474558650444	1.5896697634794361
mock-22|Mock 12|ASV|jaccard	mock-22	Mock 12	mock-22|Mock 12	ASV	DADA2	jaccard	Jaccard	0.2142857142857143	0.0	-0.17454236435294718	-0.027046742842837396	0.08071655388646509	0.1441220942975181	0.1220085359386858	-0.3160829134447904	0.28998464539809427	0.10393805171330059
mock-22|Mock 12|ASV|weighted_jaccard	mock-22	Mock 12	mock-22|Mock 12	ASV	DADA2	weighted_jaccard	Weighted Jaccard	0.3888280786386615	0.17454236435294718	0.0	0.14749562151010978	0.25525891823941227	0.3186644586504653	0.296550900291633	-2.468266411753269	0.29067901560116666	0.07495218615310552
mock-22|Mock 12|ASV|braycurtis	mock-22	Mock 12	mock-22|Mock 12	ASV	DADA2	braycurtis	Bray-Curtis	0.2413324571285517	0.027046742842837396	-0.14749562151010978	0.0	0.10776329672930249	0.1711688371403555	0.1490552787815232	-0.6495810521066473	0.29009224364445574	0.0994464587708653
mock-22|Mock 12|ASV|gunifrac_a0.0	mock-22	Mock 12	mock-22|Mock 12	ASV	DADA2	gunifrac_a0.0	gUniFrac 0.0	0.1335691603992492	-0.08071655388646509	-0.25525891823941227	-0.10776329672930249	0.0	0.06340554041105301	0.041291982052220705	0.6791874093720781	0.2896635361354742	0.11734247182705776
mock-22|Mock 12|ASV|gunifrac_a0.5	mock-22	Mock 12	mock-22|Mock 12	ASV	DADA2	gunifrac_a0.5	gUniFrac 0.5	0.0701636199881962	-0.1441220942975181	-0.3186644586504653	-0.1711688371403555	-0.06340554041105301	0.0	-0.022113558358832303	1.4610053839358879	0.28941129411884814	0.1278720901059186
mock-22|Mock 12|ASV|gunifrac_a1.0	mock-22	Mock 12	mock-22|Mock 12	ASV	DADA2	gunifrac_a1.0	gUniFrac 1.0	0.0922771783470285	-0.1220085359386858	-0.296550900291633	-0.1490552787815232	-0.041291982052220705	0.022113558358832303	0.0	1.1883355621124467	0.28949926700763856	0.12419974023244873
mock-22|Mock 12|OTU|jaccard	mock-22	Mock 12	mock-22|Mock 12	OTU	UPARSE	jaccard	Jaccard	0.0952380952380952	0.0	-0.22691814162630922	-0.09676800446117048	0.0464069518833907	0.034542557057986006	0.01380025596684721	0.5215864248980907	0.2112327598895368	-0.3402168087916591
mock-22|Mock 12|OTU|weighted_jaccard	mock-22	Mock 12	mock-22|Mock 12	OTU	UPARSE	weighted_jaccard	Weighted Jaccard	0.3221562368644044	0.22691814162630922	0.0	0.13015013716513874	0.2733250935096999	0.2614606986842952	0.24071839759315644	-2.276413256642963	0.21213549314094965	-0.3779006041884556
mock-22|Mock 12|OTU|braycurtis	mock-22	Mock 12	mock-22|Mock 12	OTU	UPARSE	braycurtis	Bray-Curtis	0.1920060996992657	0.09676800446117048	-0.13015013716513874	0.0	0.14317495634456118	0.1313105615191565	0.11056826042801769	-0.671605286109322	0.21161772556338654	-0.35628685790688863
mock-22|Mock 12|OTU|gunifrac_a0.0	mock-22	Mock 12	mock-22|Mock 12	OTU	UPARSE	gunifrac_a0.0	gUniFrac 0.0	0.0488311433547045	-0.0464069518833907	-0.2733250935096999	-0.14317495634456118	0.0	-0.011864394825404696	-0.03260669591654349	1.0938043871130765	0.21104814221965112	-0.3325101086255588
mock-22|Mock 12|OTU|gunifrac_a0.5	mock-22	Mock 12	mock-22|Mock 12	OTU	UPARSE	gunifrac_a0.5	gUniFrac 0.5	0.0606955381801092	-0.034542557057986006	-0.2614606986842952	-0.1313105615191565	0.011864394825404696	0.0	-0.020742301091138796	0.9475112229559858	0.2110953415473027	-0.33448040251172867
mock-22|Mock 12|OTU|gunifrac_a1.0	mock-22	Mock 12	mock-22|Mock 12	OTU	UPARSE	gunifrac_a1.0	gUniFrac 1.0	0.081437839271248	-0.01380025596684721	-0.24071839759315644	-0.11056826042801769	0.03260669591654349	0.020742301091138796	0.0	0.6917496014677806	0.21117785925510518	-0.3379250307145484
mock-22|Mock 12|TAC|jaccard	mock-22	Mock 12	mock-22|Mock 12	TAC	TAC	jaccard	Jaccard	0.0952380952380952	0.0	-0.226918141626309	-0.09676800446117048	0.0464069518833907	0.034542557057986006	0.01380025596684721	0.5215864248980905	0.2112327598895375	-0.3402168087916592
mock-22|Mock 12|TAC|weighted_jaccard	mock-22	Mock 12	mock-22|Mock 12	TAC	TAC	weighted_jaccard	Weighted Jaccard	0.3221562368644042	0.226918141626309	0.0	0.1301501371651385	0.2733250935096997	0.261460698684295	0.24071839759315622	-2.2764132566429605	0.21213549314094982	-0.3779006041884559
mock-22|Mock 12|TAC|braycurtis	mock-22	Mock 12	mock-22|Mock 12	TAC	TAC	braycurtis	Bray-Curtis	0.1920060996992657	0.09676800446117048	-0.1301501371651385	0.0	0.14317495634456118	0.1313105615191565	0.11056826042801769	-0.6716052861093225	0.21161772556338707	-0.35628685790688874
mock-22|Mock 12|TAC|gunifrac_a0.0	mock-22	Mock 12	mock-22|Mock 12	TAC	TAC	gunifrac_a0.0	gUniFrac 0.0	0.0488311433547045	-0.0464069518833907	-0.2733250935096997	-0.14317495634456118	0.0	-0.011864394825404696	-0.03260669591654349	1.0938043871130763	0.21104814221965157	-0.33251010862555924
mock-22|Mock 12|TAC|gunifrac_a0.5	mock-22	Mock 12	mock-22|Mock 12	TAC	TAC	gunifrac_a0.5	gUniFrac 0.5	0.0606955381801092	-0.034542557057986006	-0.261460698684295	-0.1313105615191565	0.011864394825404696	0.0	-0.020742301091138796	0.9475112229559852	0.21109534154730328	-0.33448040251172867
mock-22|Mock 12|TAC|gunifrac_a1.0	mock-22	Mock 12	mock-22|Mock 12	TAC	TAC	gunifrac_a1.0	gUniFrac 1.0	0.081437839271248	-0.01380025596684721	-0.24071839759315622	-0.11056826042801769	0.03260669591654349	0.020742301091138796	0.0	0.6917496014677802	0.21117785925510574	-0.3379250307145485
mock-22|Mock 12|TIC|jaccard	mock-22	Mock 12	mock-22|Mock 12	TIC	TIC	jaccard	Jaccard	0.0952380952380952	0.0	-0.226918141626309	-0.09676800446117048	0.0464069518833907	0.034542557057986006	0.01380025596684721	0.5215864248980905	0.21123275988953766	-0.34021680879165916
mock-22|Mock 12|TIC|weighted_jaccard	mock-22	Mock 12	mock-22|Mock 12	TIC	TIC	weighted_jaccard	Weighted Jaccard	0.3221562368644042	0.226918141626309	0.0	0.1301501371651385	0.2733250935096997	0.261460698684295	0.24071839759315622	-2.2764132566429613	0.21213549314094976	-0.377900604188456
mock-22|Mock 12|TIC|braycurtis	mock-22	Mock 12	mock-22|Mock 12	TIC	TIC	braycurtis	Bray-Curtis	0.1920060996992657	0.09676800446117048	-0.1301501371651385	0.0	0.14317495634456118	0.1313105615191565	0.11056826042801769	-0.6716052861093221	0.21161772556338715	-0.35628685790688863
mock-22|Mock 12|TIC|gunifrac_a0.0	mock-22	Mock 12	mock-22|Mock 12	TIC	TIC	gunifrac_a0.0	gUniFrac 0.0	0.0488311433547045	-0.0464069518833907	-0.2733250935096997	-0.14317495634456118	0.0	-0.011864394825404696	-0.03260669591654349	1.0938043871130758	0.2110481422196515	-0.33251010862555913
mock-22|Mock 12|TIC|gunifrac_a0.5	mock-22	Mock 12	mock-22|Mock 12	TIC	TIC	gunifrac_a0.5	gUniFrac 0.5	0.0606955381801092	-0.034542557057986006	-0.261460698684295	-0.1313105615191565	0.011864394825404696	0.0	-0.020742301091138796	0.947511222955985	0.21109534154730322	-0.3344804025117288
mock-22|Mock 12|TIC|gunifrac_a1.0	mock-22	Mock 12	mock-22|Mock 12	TIC	TIC	gunifrac_a1.0	gUniFrac 1.0	0.081437839271248	-0.01380025596684721	-0.24071839759315622	-0.11056826042801769	0.03260669591654349	0.020742301091138796	0.0	0.6917496014677802	0.21117785925510568	-0.3379250307145485
mock-22|Mock 12|zOTU|jaccard	mock-22	Mock 12	mock-22|Mock 12	zOTU	UNOISE3	jaccard	Jaccard	0.125	0.0	-0.2531826271584136	-0.1081844716250634	0.0753069827337873	0.06356718690020541	0.0429984989524476	0.39700875658655493	-0.001709941688681978	-0.18537342974265641
mock-22|Mock 12|zOTU|weighted_jaccard	mock-22	Mock 12	mock-22|Mock 12	zOTU	UNOISE3	weighted_jaccard	Weighted Jaccard	0.3781826271584136	0.2531826271584136	0.0	0.14499815553335021	0.3284896098922009	0.316749814058619	0.2961811261108612	-2.724843489707512	-0.0007027221927987851	-0.2274189103352729
mock-22|Mock 12|zOTU|braycurtis	mock-22	Mock 12	mock-22|Mock 12	zOTU	UNOISE3	braycurtis	Bray-Curtis	0.2331844716250634	0.1081844716250634	-0.14499815553335021	0.0	0.1834914543588507	0.1717516585252688	0.151182970577511	-0.9369529750986264	-0.0012795586478089004	-0.2033393863850444
mock-22|Mock 12|zOTU|gunifrac_a0.0	mock-22	Mock 12	mock-22|Mock 12	zOTU	UNOISE3	gunifrac_a0.0	gUniFrac 0.0	0.0496930172662127	-0.0753069827337873	-0.3284896098922009	-0.1834914543588507	0.0	-0.011739795833581902	-0.0323084837813397	1.3255767071118665	-0.0020095304165384338	-0.17286736518143878
mock-22|Mock 12|zOTU|gunifrac_a0.5	mock-22	Mock 12	mock-22|Mock 12	zOTU	UNOISE3	gunifrac_a0.5	gUniFrac 0.5	0.0614328130997946	-0.06356718690020541	-0.316749814058619	-0.1717516585252688	0.011739795833581902	0.0	-0.020568687947757798	1.180819902881497	-0.0019628267727146167	-0.17481696718779305
mock-22|Mock 12|zOTU|gunifrac_a1.0	mock-22	Mock 12	mock-22|Mock 12	zOTU	UNOISE3	gunifrac_a1.0	gUniFrac 1.0	0.0820015010475524	-0.0429984989524476	-0.2961811261108612	-0.151182970577511	0.0323084837813397	0.020568687947757798	0.0	0.9271990071916341	-0.0018809997384576671	-0.17823276383873077
mock-23|Mock 13|ASV|jaccard	mock-23	Mock 13	mock-23|Mock 13	ASV	DADA2	jaccard	Jaccard	0.3448275862068966	0.0	-0.17199582181493267	-0.0036295097431694456	0.09909758216119538	0.26554999361807646	0.23513013104521208	-0.9853538747018612	0.14014416658852882	0.6385412333584221
mock-23|Mock 13|ASV|weighted_jaccard	mock-23	Mock 13	mock-23|Mock 13	ASV	DADA2	weighted_jaccard	Weighted Jaccard	0.5168234080218292	0.17199582181493267	0.0	0.16836631207176322	0.271093403976128	0.43754581543300913	0.40712595286014475	-3.106137392562195	0.14082840605190325	0.6099782665020652
mock-23|Mock 13|ASV|braycurtis	mock-23	Mock 13	mock-23|Mock 13	ASV	DADA2	braycurtis	Bray-Curtis	0.348457095950066	0.0036295097431694456	-0.16836631207176322	0.0	0.10272709190436483	0.2691795033612459	0.23875964078838152	-1.0301073132447445	0.1401586056241567	0.6379384886788997
mock-23|Mock 13|ASV|gunifrac_a0.0	mock-23	Mock 13	mock-23|Mock 13	ASV	DADA2	gunifrac_a0.0	gUniFrac 0.0	0.2457300040457012	-0.09909758216119538	-0.271093403976128	-0.10272709190436483	0.0	0.1664524114568811	0.1360325488840167	0.23656254564822293	0.13974993331167293	0.6549981503052814
mock-23|Mock 13|ASV|gunifrac_a0.5	mock-23	Mock 13	mock-23|Mock 13	ASV	DADA2	gunifrac_a0.5	gUniFrac 0.5	0.0792775925888201	-0.26554999361807646	-0.43754581543300913	-0.2691795033612459	-0.1664524114568811	0.0	-0.0304198625728644	2.2889933954260613	0.13908774682661168	0.6826405352273907
mock-23|Mock 13|ASV|gunifrac_a1.0	mock-23	Mock 13	mock-23|Mock 13	ASV	DADA2	gunifrac_a1.0	gUniFrac 1.0	0.1096974551616845	-0.23513013104521208	-0.40712595286014475	-0.23875964078838152	-0.1360325488840167	0.0304198625728644	0.0	1.9139032189360525	0.13920876412937727	0.6775887757295465
mock-23|Mock 13|OTU|jaccard	mock-23	Mock 13	mock-23|Mock 13	OTU	UPARSE	jaccard	Jaccard	0.1428571428571429	0.0	-0.3390148829660813	-0.17455485008404859	-0.0426864136657345	0.0731723589057366	0.0455705418236744	0.8592935985869766	-0.12208208303953953	-0.06937849800885991
mock-23|Mock 13|OTU|weighted_jaccard	mock-23	Mock 13	mock-23|Mock 13	OTU	UPARSE	weighted_jaccard	Weighted Jaccard	0.4818720258232242	0.3390148829660813	0.0	0.1644600328820327	0.2963284693003468	0.4121872418718179	0.38458542478975566	-3.320907806988061	-0.12073340282656178	-0.12567795205252166
mock-23|Mock 13|OTU|braycurtis	mock-23	Mock 13	mock-23|Mock 13	OTU	UPARSE	braycurtis	Bray-Curtis	0.3174119929411915	0.17455485008404859	-0.1644600328820327	0.0	0.13186843641831408	0.24772720898978517	0.22012539190772298	-1.2930438542330058	-0.12138766316531996	-0.09836643704688629
mock-23|Mock 13|OTU|gunifrac_a0.0	mock-23	Mock 13	mock-23|Mock 13	OTU	UPARSE	gunifrac_a0.0	gUniFrac 0.0	0.1855435565228774	0.0426864136657345	-0.2963284693003468	-0.13186843641831408	0.0	0.1158587725714711	0.0882569554894089	0.3329514957173702	-0.12191226653776736	-0.07646733659740941
mock-23|Mock 13|OTU|gunifrac_a0.5	mock-23	Mock 13	mock-23|Mock 13	OTU	UPARSE	gunifrac_a0.5	gUniFrac 0.5	0.0696847839514063	-0.0731723589057366	-0.4121872418718179	-0.24772720898978517	-0.1158587725714711	0.0	-0.027601817082062205	1.7615407060616195	-0.12237317973632665	-0.05722692571965115
mock-23|Mock 13|OTU|gunifrac_a1.0	mock-23	Mock 13	mock-23|Mock 13	OTU	UPARSE	gunifrac_a1.0	gUniFrac 1.0	0.0972866010334685	-0.0455705418236744	-0.38458542478975566	-0.22012539190772298	-0.0882569554894089	0.027601817082062205	0.0	1.4211982598734807	-0.12226337327527977	-0.06181069861698695
mock-23|Mock 13|TAC|jaccard	mock-23	Mock 13	mock-23|Mock 13	TAC	TAC	jaccard	Jaccard	0.1363636363636363	0.0	-0.3453925062557908	-0.1809478022945784	-0.05562471983805631	0.0662293613485075	0.038995320183885504	0.9397671141962823	-0.11378757773306349	-0.09353609803295362
mock-23|Mock 13|TAC|weighted_jaccard	mock-23	Mock 13	mock-23|Mock 13	TAC	TAC	weighted_jaccard	Weighted Jaccard	0.4817561426194271	0.3453925062557908	0.0	0.1644447039612124	0.2897677864177345	0.4116218676042983	0.38438782643967634	-3.319073168842252	-0.11241352584831271	-0.1508946699128733
mock-23|Mock 13|TAC|braycurtis	mock-23	Mock 13	mock-23|Mock 13	TAC	TAC	braycurtis	Bray-Curtis	0.3173114386582147	0.1809478022945784	-0.1644447039612124	0.0	0.1253230824565221	0.2471771636430859	0.21994312247846393	-1.2913982283683056	-0.11306772520505201	-0.1235857005473189
mock-23|Mock 13|TAC|gunifrac_a0.0	mock-23	Mock 13	mock-23|Mock 13	TAC	TAC	gunifrac_a0.0	gUniFrac 0.0	0.1919883562016926	0.05562471983805631	-0.2897677864177345	-0.1253230824565221	0.0	0.12185408118656381	0.09462004002194181	0.25389005175762663	-0.11356628963402189	-0.10277357259694514
mock-23|Mock 13|TAC|gunifrac_a0.5	mock-23	Mock 13	mock-23|Mock 13	TAC	TAC	gunifrac_a0.5	gUniFrac 0.5	0.0701342750151288	-0.0662293613485075	-0.4116218676042983	-0.2471771636430859	-0.12185408118656381	0.0	-0.027234041164621997	1.7564040328387829	-0.11405105356747895	-0.08253753403788956
mock-23|Mock 13|TAC|gunifrac_a1.0	mock-23	Mock 13	mock-23|Mock 13	TAC	TAC	gunifrac_a1.0	gUniFrac 1.0	0.0973683161797508	-0.038995320183885504	-0.38438782643967634	-0.21994312247846393	-0.09462004002194181	0.027234041164621997	0.0	1.4205964241585705	-0.11394271020474349	-0.08706023119960722
mock-23|Mock 13|TIC|jaccard	mock-23	Mock 13	mock-23|Mock 13	TIC	TIC	jaccard	Jaccard	0.1363636363636363	0.0	-0.3453925062557908	-0.1809478022945784	-0.05562471983805631	0.0662293613485075	0.03899532018388539	0.9397671141962828	-0.11378757773306346	-0.09353609803295383
mock-23|Mock 13|TIC|weighted_jaccard	mock-23	Mock 13	mock-23|Mock 13	TIC	TIC	weighted_jaccard	Weighted Jaccard	0.4817561426194271	0.3453925062557908	0.0	0.1644447039612124	0.2897677864177345	0.4116218676042983	0.38438782643967623	-3.319073168842252	-0.11241352584831281	-0.150894669912873
mock-23|Mock 13|TIC|braycurtis	mock-23	Mock 13	mock-23|Mock 13	TIC	TIC	braycurtis	Bray-Curtis	0.3173114386582147	0.1809478022945784	-0.1644447039612124	0.0	0.1253230824565221	0.2471771636430859	0.21994312247846382	-1.2913982283683054	-0.113067725205052	-0.12358570054731942
mock-23|Mock 13|TIC|gunifrac_a0.0	mock-23	Mock 13	mock-23|Mock 13	TIC	TIC	gunifrac_a0.0	gUniFrac 0.0	0.1919883562016926	0.05562471983805631	-0.2897677864177345	-0.1253230824565221	0.0	0.12185408118656381	0.0946200400219417	0.25389005175762686	-0.11356628963402193	-0.10277357259694549
mock-23|Mock 13|TIC|gunifrac_a0.5	mock-23	Mock 13	mock-23|Mock 13	TIC	TIC	gunifrac_a0.5	gUniFrac 0.5	0.0701342750151288	-0.0662293613485075	-0.4116218676042983	-0.2471771636430859	-0.12185408118656381	0.0	-0.027234041164622108	1.7564040328387827	-0.11405105356747901	-0.08253753403788965
mock-23|Mock 13|TIC|gunifrac_a1.0	mock-23	Mock 13	mock-23|Mock 13	TIC	TIC	gunifrac_a1.0	gUniFrac 1.0	0.0973683161797509	-0.03899532018388539	-0.38438782643967623	-0.21994312247846382	-0.0946200400219417	0.027234041164622108	0.0	1.42059642415857	-0.1139427102047434	-0.08706023119960722
mock-23|Mock 13|zOTU|jaccard	mock-23	Mock 13	mock-23|Mock 13	zOTU	UNOISE3	jaccard	Jaccard	0.1923076923076923	0.0	-0.3021546914786813	-0.1361214206293388	-0.00045267262334991454	0.12163873540940309	0.09476300052336299	0.39833108098905334	-0.09861011218486349	0.11710060012091783
mock-23|Mock 13|zOTU|weighted_jaccard	mock-23	Mock 13	mock-23|Mock 13	zOTU	UNOISE3	weighted_jaccard	Weighted Jaccard	0.4944623837863736	0.3021546914786813	0.0	0.1660332708493425	0.3017020188553314	0.4237934268880844	0.3969176920020443	-3.32736808292242	-0.09740807040401087	0.06692243679620484
mock-23|Mock 13|zOTU|braycurtis	mock-23	Mock 13	mock-23|Mock 13	zOTU	UNOISE3	braycurtis	Bray-Curtis	0.3284291129370311	0.1361214206293388	-0.1660332708493425	0.0	0.13566874800598888	0.2577601560387419	0.2308844211527018	-1.2801054196897788	-0.09806858945005323	0.09449521596188137
mock-23|Mock 13|zOTU|gunifrac_a0.0	mock-23	Mock 13	mock-23|Mock 13	zOTU	UNOISE3	gunifrac_a0.0	gUniFrac 0.0	0.1927603649310422	0.00045267262334991454	-0.3017020188553314	-0.13566874800598888	0.0	0.12209140803275301	0.0952156731467129	0.39274943006022967	-0.09860831134767162	0.11702542577655765
mock-23|Mock 13|zOTU|gunifrac_a0.5	mock-23	Mock 13	mock-23|Mock 13	zOTU	UNOISE3	gunifrac_a0.5	gUniFrac 0.5	0.0706689568982892	-0.12163873540940309	-0.4237934268880844	-0.2577601560387419	-0.12209140803275301	0.0	-0.0268757348860401	1.8981897546910875	-0.09909401942263109	0.13730087668162413
mock-23|Mock 13|zOTU|gunifrac_a1.0	mock-23	Mock 13	mock-23|Mock 13	zOTU	UNOISE3	gunifrac_a1.0	gUniFrac 1.0	0.0975446917843293	-0.09476300052336299	-0.3969176920020443	-0.2308844211527018	-0.0952156731467129	0.0268757348860401	0.0	1.5668002187404566	-0.09898710148577693	0.1328376826534805
mock-4|Even1|ASV|jaccard	mock-4	Even1	mock-4|Even1	ASV	DADA2	jaccard	Jaccard	0.3235294117647058	0.0	-0.47378795462499274	-0.33941968561791175	0.30265090267227907	0.056680231115212976	0.047719615886539	0.8678865505232044	-1.749668320940137	0.030880821597473
mock-4|Even1|ASV|weighted_jaccard	mock-4	Even1	mock-4|Even1	ASV	DADA2	weighted_jaccard	Weighted Jaccard	0.7973173663896985	0.47378795462499274	0.0	0.134368269007081	0.7764388572972718	0.5304681857402057	0.5215075705115317	-4.974125624694692	-1.7477834820387887	-0.04780009926498098
mock-4|Even1|ASV|braycurtis	mock-4	Even1	mock-4|Even1	ASV	DADA2	braycurtis	Bray-Curtis	0.6629490973826175	0.33941968561791175	-0.134368269007081	0.0	0.6420705882901908	0.3960999167331247	0.38713930150445075	-3.3173062483480735	-1.7483180303278696	-0.025485857129934546
mock-4|Even1|ASV|gunifrac_a0.0	mock-4	Even1	mock-4|Even1	ASV	DADA2	gunifrac_a0.0	gUniFrac 0.0	0.0208785090924267	-0.30265090267227907	-0.7764388572972718	-0.6420705882901908	0.0	-0.24597067155706612	-0.25493128678574006	4.599704214928793	-1.75087233676476	0.08114138962089759
mock-4|Even1|ASV|gunifrac_a0.5	mock-4	Even1	mock-4|Even1	ASV	DADA2	gunifrac_a0.5	gUniFrac 0.5	0.2668491806494928	-0.056680231115212976	-0.5304681857402057	-0.3960999167331247	0.24597067155706612	0.0	-0.008960615228673974	1.5667785274864603	-1.7498938081090296	0.04029358259172652
mock-4|Even1|ASV|gunifrac_a1.0	mock-4	Even1	mock-4|Even1	ASV	DADA2	gunifrac_a1.0	gUniFrac 1.0	0.2758097958781668	-0.047719615886539	-0.5215075705115317	-0.38713930150445075	0.25493128678574006	0.008960615228673974	0.0	1.456290232559692	-1.7498581606933483	0.03880551297998648
mock-4|Even1|OTU|jaccard	mock-4	Even1	mock-4|Even1	OTU	UPARSE	jaccard	Jaccard	0.1304347826086956	0.0	-0.6185757745885506	-0.4682997323038689	0.09859225865790179	-0.0836738686329771	-0.10600576268141321	2.4781698037709243	-1.7577980820877093	-0.5003305633756348
mock-4|Even1|OTU|weighted_jaccard	mock-4	Even1	mock-4|Even1	OTU	UPARSE	weighted_jaccard	Weighted Jaccard	0.7490105571972462	0.6185757745885506	0.0	0.15027604228468172	0.7171680332464524	0.5349019059555735	0.5125700119071374	-5.149139356719339	-1.755337243495268	-0.6030560782240627
mock-4|Even1|OTU|braycurtis	mock-4	Even1	mock-4|Even1	OTU	UPARSE	braycurtis	Bray-Curtis	0.5987345149125645	0.4682997323038689	-0.15027604228468172	0.0	0.5668919909617707	0.3846258636708918	0.36229396962245564	-3.2961701959361234	-1.7559350766138029	-0.5781000672594426
mock-4|Even1|OTU|gunifrac_a0.0	mock-4	Even1	mock-4|Even1	OTU	UPARSE	gunifrac_a0.0	gUniFrac 0.0	0.0318425239507938	-0.09859225865790179	-0.7171680332464524	-0.5668919909617707	0.0	-0.18226612729087888	-0.20459802133931498	3.69385536487301	-1.758190305069904	-0.4839575643886669
mock-4|Even1|OTU|gunifrac_a0.5	mock-4	Even1	mock-4|Even1	OTU	UPARSE	gunifrac_a0.5	gUniFrac 0.5	0.2141086512416727	0.0836738686329771	-0.5349019059555735	-0.3846258636708918	0.18226612729087888	0.0	-0.022331894048436107	1.4464344999716892	-1.7574652079378175	-0.5142260982280938
mock-4|Even1|OTU|gunifrac_a1.0	mock-4	Even1	mock-4|Even1	OTU	UPARSE	gunifrac_a1.0	gUniFrac 1.0	0.2364405452901088	0.10600576268141321	-0.5125700119071374	-0.36229396962245564	0.20459802133931498	0.022331894048436107	0.0	1.1710725038443244	-1.7573763664587698	-0.5179347066280781
mock-4|Even1|TAC|jaccard	mock-4	Even1	mock-4|Even1	TAC	TAC	jaccard	Jaccard	0.3548387096774194	0.0	-0.39449199906584054	-0.24430505597008612	0.28080472781703014	0.13962393276902876	0.11847185186849196	0.1892103470087386	-1.3515813331410327	0.3013288679512906
mock-4|Even1|TAC|weighted_jaccard	mock-4	Even1	mock-4|Even1	TAC	TAC	weighted_jaccard	Weighted Jaccard	0.7493307087432599	0.39449199906584054	0.0	0.15018694309575442	0.6752967268828707	0.5341159318348693	0.5129638509343325	-4.675048102518159	-1.350011952031083	0.23581645157097753
mock-4|Even1|TAC|braycurtis	mock-4	Even1	mock-4|Even1	TAC	TAC	braycurtis	Bray-Curtis	0.5991437656475055	0.24430505597008612	-0.15018694309575442	0.0	0.5251097837871163	0.38392898873911485	0.3627769078385781	-2.82317757360482	-1.3506094306922818	0.26075766602976014
mock-4|Even1|TAC|gunifrac_a0.0	mock-4	Even1	mock-4|Even1	TAC	TAC	gunifrac_a0.0	gUniFrac 0.0	0.0740339818603892	-0.28080472781703014	-0.6752967268828707	-0.5251097837871163	0.0	-0.1411807950480014	-0.1623328759485382	3.651655144838771	-1.3526984397907584	0.3479614898900708
mock-4|Even1|TAC|gunifrac_a0.5	mock-4	Even1	mock-4|Even1	TAC	TAC	gunifrac_a0.5	gUniFrac 0.5	0.2152147769083906	-0.13962393276902876	-0.5341159318348693	-0.38392898873911485	0.1411807950480014	0.0	-0.0211520809005368	1.9108343503755874	-1.3521367896854064	0.32451590657788515
mock-4|Even1|TAC|gunifrac_a1.0	mock-4	Even1	mock-4|Even1	TAC	TAC	gunifrac_a1.0	gUniFrac 1.0	0.2363668578089274	-0.11847185186849196	-0.5129638509343325	-0.3627769078385781	0.1623328759485382	0.0211520809005368	0.0	1.6500199650670007	-1.352052641778022	0.32100322714573587
mock-4|Even1|TIC|jaccard	mock-4	Even1	mock-4|Even1	TIC	TIC	jaccard	Jaccard	0.3448275862068966	0.0	-0.4065293976091159	-0.25691124072560445	0.2720619257205363	0.12974169417980366	0.10846455696629168	0.30101937222817704	-1.380537687247181	0.26819487891567634
mock-4|Even1|TIC|weighted_jaccard	mock-4	Even1	mock-4|Even1	TIC	TIC	weighted_jaccard	Weighted Jaccard	0.7513569838160125	0.4065293976091159	0.0	0.14961815688351143	0.6785913233296521	0.5362710917889195	0.5149939545754075	-4.711665452771744	-1.378920418560474	0.20068343830325375
mock-4|Even1|TIC|braycurtis	mock-4	Even1	mock-4|Even1	TIC	TIC	braycurtis	Bray-Curtis	0.601738826932501	0.25691124072560445	-0.14961815688351143	0.0	0.5289731664461408	0.3866529349054081	0.3653757976918961	-2.8668083059939837	-1.3795156344575605	0.22553019569001795
mock-4|Even1|TIC|gunifrac_a0.0	mock-4	Even1	mock-4|Even1	TIC	TIC	gunifrac_a0.0	gUniFrac 0.0	0.0727656604863603	-0.2720619257205363	-0.6785913233296521	-0.5289731664461408	0.0	-0.14232023154073262	-0.1635973687542446	3.6556616060743603	-1.38162001299263	0.3133756029892712
mock-4|Even1|TIC|gunifrac_a0.5	mock-4	Even1	mock-4|Even1	TIC	TIC	gunifrac_a0.5	gUniFrac 0.5	0.2150858920270929	-0.12974169417980366	-0.5362710917889195	-0.3866529349054081	0.14232023154073262	0.0	-0.021277137213511987	1.9007910625653348	-1.3810538299433583	0.289740795971338
mock-4|Even1|TIC|gunifrac_a1.0	mock-4	Even1	mock-4|Even1	TIC	TIC	gunifrac_a1.0	gUniFrac 1.0	0.2363630292406049	-0.10846455696629168	-0.5149939545754075	-0.3653757976918961	0.1635973687542446	0.021277137213511987	0.0	1.6384346783607089	-1.3809691845328151	0.2862073487130581
mock-4|Even1|zOTU|jaccard	mock-4	Even1	mock-4|Even1	zOTU	UNOISE3	jaccard	Jaccard	0.4499999999999999	0.0	-0.3071833026237704	-0.15924777098851078	0.34780580997847743	0.2339201334515105	0.2132037294418332	-0.7280314997083199	-1.1998068813673461	0.6489532772295177
mock-4|Even1|zOTU|weighted_jaccard	mock-4	Even1	mock-4|Even1	zOTU	UNOISE3	weighted_jaccard	Weighted Jaccard	0.7571833026237703	0.3071833026237704	0.0	0.14793553163525963	0.6549891126022478	0.5411034360752809	0.5203870320656037	-4.515735632820204	-1.198584834599423	0.5979400235406616
mock-4|Even1|zOTU|braycurtis	mock-4	Even1	mock-4|Even1	zOTU	UNOISE3	braycurtis	Bray-Curtis	0.6092477709885107	0.15924777098851078	-0.14793553163525963	0.0	0.5070535809669882	0.39316790444002125	0.372451500430344	-2.6916259894153316	-1.1991733566211338	0.622507351062849
mock-4|Even1|zOTU|gunifrac_a0.0	mock-4	Even1	mock-4|Even1	zOTU	UNOISE3	gunifrac_a0.0	gUniFrac 0.0	0.1021941900215225	-0.34780580997847743	-0.6549891126022478	-0.5070535809669882	0.0	-0.1138856765269669	-0.13460208053664421	3.5605658710586128	-1.201190533936733	0.7067126211370243
mock-4|Even1|zOTU|gunifrac_a0.5	mock-4	Even1	mock-4|Even1	zOTU	UNOISE3	gunifrac_a0.5	gUniFrac 0.5	0.2160798665484894	-0.2339201334515105	-0.5411034360752809	-0.39316790444002125	0.1138856765269669	0.0	-0.02071640400967731	2.1563057957258076	-1.2007374701740763	0.6877998779684515
mock-4|Even1|zOTU|gunifrac_a1.0	mock-4	Even1	mock-4|Even1	zOTU	UNOISE3	gunifrac_a1.0	gUniFrac 1.0	0.2367962705581667	-0.2132037294418332	-0.5203870320656037	-0.372451500430344	0.13460208053664421	0.02071640400967731	0.0	1.9008634965498836	-1.2006550554908972	0.684359550436843
mock-4|Even2|ASV|jaccard	mock-4	Even2	mock-4|Even2	ASV	DADA2	jaccard	Jaccard	0.2068965517241379	0.0	-0.5917384444750127	-0.4578764304024002	0.0403639749883315	-0.06365573215426651	-0.07572230639911809	2.381265101137109	-1.5480388306690513	-0.39983240085234023
mock-4|Even2|ASV|weighted_jaccard	mock-4	Even2	mock-4|Even2	ASV	DADA2	weighted_jaccard	Weighted Jaccard	0.7986349961991506	0.5917384444750127	0.0	0.13386201407261245	0.6321024194633442	0.5280827123207461	0.5160161380758945	-4.915128071001941	-1.5456847572303323	-0.4981010994685069
mock-4|Even2|ASV|braycurtis	mock-4	Even2	mock-4|Even2	ASV	DADA2	braycurtis	Bray-Curtis	0.6647729821265381	0.4578764304024002	-0.13386201407261245	0.0	0.4982404053907317	0.3942206982481337	0.38215412400328214	-3.264551038856053	-1.5462172915192964	-0.4758709299740644
mock-4|Even2|ASV|gunifrac_a0.0	mock-4	Even2	mock-4|Even2	ASV	DADA2	gunifrac_a0.0	gUniFrac 0.0	0.1665325767358064	-0.0403639749883315	-0.6321024194633442	-0.4982404053907317	0.0	-0.104019707142598	-0.11608628138744959	2.8789705219274406	-1.5481994079685126	-0.39312924453367853
mock-4|Even2|ASV|gunifrac_a0.5	mock-4	Even2	mock-4|Even2	ASV	DADA2	gunifrac_a0.5	gUniFrac 0.5	0.2705522838784044	0.06365573215426651	-0.5280827123207461	-0.3942206982481337	0.104019707142598	0.0	-0.01206657424485158	1.5963621532308485	-1.5477855933313613	-0.4104035679222918
mock-4|Even2|ASV|gunifrac_a1.0	mock-4	Even2	mock-4|Even2	ASV	DADA2	gunifrac_a1.0	gUniFrac 1.0	0.282618858123256	0.07572230639911809	-0.5160161380758945	-0.38215412400328214	0.11608628138744959	0.01206657424485158	0.0	1.4475760286292008	-1.5477375896868615	-0.4124074372988186
mock-4|Even2|OTU|jaccard	mock-4	Even2	mock-4|Even2	OTU	UPARSE	jaccard	Jaccard	0.1666666666666666	0.0	-0.5802736768676641	-0.42942653582388446	-0.012475124800632398	-0.048752060757900395	-0.0732002273931274	2.3534095620760027	-1.329158507413848	-0.3757062959699115
mock-4|Even2|OTU|weighted_jaccard	mock-4	Even2	mock-4|Even2	OTU	UPARSE	weighted_jaccard	Weighted Jaccard	0.7469403435343307	0.5802736768676641	0.0	0.1508471410437796	0.5677985520670317	0.5315216161097637	0.5070734494745367	-4.801618023845926	-1.3268500434925712	-0.4720710659107781
mock-4|Even2|OTU|braycurtis	mock-4	Even2	mock-4|Even2	OTU	UPARSE	braycurtis	Bray-Curtis	0.5960932024905511	0.42942653582388446	-0.1508471410437796	0.0	0.41695141102325206	0.38067447506598406	0.3562263084307571	-2.9416069662155335	-1.3274501485750674	-0.4470202138345838
mock-4|Even2|OTU|gunifrac_a0.0	mock-4	Even2	mock-4|Even2	OTU	UPARSE	gunifrac_a0.0	gUniFrac 0.0	0.179141791467299	0.012475124800632398	-0.5677985520670317	-0.41695141102325206	0.0	-0.036276935957268	-0.060725102592495	2.1995858308873477	-1.3291088784600213	-0.37777801243633036
mock-4|Even2|OTU|gunifrac_a0.5	mock-4	Even2	mock-4|Even2	OTU	UPARSE	gunifrac_a0.5	gUniFrac 0.5	0.215418727424567	0.048752060757900395	-0.5315216161097637	-0.38067447506598406	0.036276935957268	0.0	-0.024448166635227003	1.752275384361319	-1.3289645603543245	-0.3838024431955412
mock-4|Even2|OTU|gunifrac_a1.0	mock-4	Even2	mock-4|Even2	OTU	UPARSE	gunifrac_a1.0	gUniFrac 1.0	0.239866894059794	0.0732002273931274	-0.5070734494745367	-0.3562263084307571	0.060725102592495	0.024448166635227003	0.0	1.450818823993927	-1.3288672998497235	-0.3878624963173662
mock-4|Even2|TAC|jaccard	mock-4	Even2	mock-4|Even2	TAC	TAC	jaccard	Jaccard	0.375	0.0	-0.37234092957441667	-0.22160361483712554	0.1653260219783414	0.1583663436222575	0.1352210021080182	0.2143247484051043	-0.9738392794449298	0.3677557496190132
mock-4|Even2|TAC|weighted_jaccard	mock-4	Even2	mock-4|Even2	TAC	TAC	weighted_jaccard	Weighted Jaccard	0.7473409295744167	0.37234092957441667	0.0	0.15073731473729113	0.5376669515527581	0.5307072731966742	0.5075619316824349	-4.376801350668895	-0.9723580204517983	0.30592191250323497
mock-4|Even2|TAC|braycurtis	mock-4	Even2	mock-4|Even2	TAC	TAC	braycurtis	Bray-Curtis	0.5966036148371255	0.22160361483712554	-0.15073731473729113	0.0	0.38692963681546694	0.37996995845938303	0.3568246169451438	-2.518144499310321	-0.9729576886196522	0.33095452596689307
mock-4|Even2|TAC|gunifrac_a0.0	mock-4	Even2	mock-4|Even2	TAC	TAC	gunifrac_a0.0	gUniFrac 0.0	0.2096739780216586	-0.1653260219783414	-0.5376669515527581	-0.38692963681546694	0.0	-0.006959678356083909	-0.030105019870323185	2.252866724513973	-0.9744969848901356	0.39521107752425305
mock-4|Even2|TAC|gunifrac_a0.5	mock-4	Even2	mock-4|Even2	TAC	TAC	gunifrac_a0.5	gUniFrac 0.5	0.2166336563777425	-0.1583663436222575	-0.5307072731966742	-0.37996995845938303	0.006959678356083909	0.0	-0.023145341514239276	2.1670508541547866	-0.9744692976676586	0.39405529908662573
mock-4|Even2|TAC|gunifrac_a1.0	mock-4	Even2	mock-4|Even2	TAC	TAC	gunifrac_a1.0	gUniFrac 1.0	0.2397789978919818	-0.1352210021080182	-0.5075619316824349	-0.3568246169451438	0.030105019870323185	0.023145341514239276	0.0	1.8816586958995472	-0.9743772201050168	0.39021160325974913
mock-4|Even2|TIC|jaccard	mock-4	Even2	mock-4|Even2	TIC	TIC	jaccard	Jaccard	0.3666666666666667	0.0	-0.3827971052682182	-0.23264725572524048	0.1579164603309251	0.150182531504668	0.1268924957441358	0.3093905107892657	-1.0002619569316473	0.34079234990186547
mock-4|Even2|TIC|weighted_jaccard	mock-4	Even2	mock-4|Even2	TIC	TIC	weighted_jaccard	Weighted Jaccard	0.7494637719348849	0.3827971052682182	0.0	0.15014984954297772	0.5407135655991433	0.5329796367728862	0.5096896010123539	-4.410664796199602	-0.9987391008347591	0.2772220787458047
mock-4|Even2|TIC|braycurtis	mock-4	Even2	mock-4|Even2	TIC	TIC	braycurtis	Bray-Curtis	0.5993139223919072	0.23264725572524048	-0.15014984954297772	0.0	0.3905637160561656	0.38282978722990846	0.3595397514693763	-2.559251646974427	-0.999336431929161	0.3021571331600753
mock-4|Even2|TIC|gunifrac_a0.0	mock-4	Even2	mock-4|Even2	TIC	TIC	gunifrac_a0.0	gUniFrac 0.0	0.2087502063357416	-0.1579164603309251	-0.5407135655991433	-0.3905637160561656	0.0	-0.0077339288262570915	-0.0310239645867893	2.2565693592907747	-1.000890185413797	0.36701718824333424
mock-4|Even2|TIC|gunifrac_a0.5	mock-4	Even2	mock-4|Even2	TIC	TIC	gunifrac_a0.5	gUniFrac 0.5	0.2164841351619987	-0.150182531504668	-0.5329796367728862	-0.38282978722990846	0.0077339288262570915	0.0	-0.023290035760532207	2.1612066428599093	-1.0008594180425083	0.3657328317374459
mock-4|Even2|TIC|gunifrac_a1.0	mock-4	Even2	mock-4|Even2	TIC	TIC	gunifrac_a1.0	gUniFrac 1.0	0.2397741709225309	-0.1268924957441358	-0.5096896010123539	-0.3595397514693763	0.0310239645867893	0.023290035760532207	0.0	1.8740303414235784	-1.000766764852432	0.36186510685615786
mock-4|Even2|zOTU|jaccard	mock-4	Even2	mock-4|Even2	zOTU	UNOISE3	jaccard	Jaccard	0.4634146341463414	0.0	-0.2925829471748454	-0.14429928181540602	0.23303299696359966	0.24595146278122706	0.22323019193996618	-0.6413594913578611	-0.8544309875264312	0.6919203906360338
mock-4|Even2|zOTU|weighted_jaccard	mock-4	Even2	mock-4|Even2	zOTU	UNOISE3	weighted_jaccard	Weighted Jaccard	0.7559975813211868	0.2925829471748454	0.0	0.14828366535943938	0.525615944138445	0.5385344099560725	0.5158131391148115	-4.249034872234703	-0.8532670243751447	0.6433317857809596
mock-4|Even2|zOTU|braycurtis	mock-4	Even2	mock-4|Even2	zOTU	UNOISE3	braycurtis	Bray-Curtis	0.6077139159617474	0.14429928181540602	-0.14828366535943938	0.0	0.37733227877900566	0.3902507445966331	0.3675294737553722	-2.4206325881339086	-0.8538569313539455	0.6679569271030413
mock-4|Even2|zOTU|gunifrac_a0.0	mock-4	Even2	mock-4|Even2	zOTU	UNOISE3	gunifrac_a0.0	gUniFrac 0.0	0.2303816371827417	-0.23303299696359966	-0.525615944138445	-0.37733227877900566	0.0	0.0129184658176274	-0.009802805023633482	2.23203902415824	-0.8553580470974623	0.730619666574668
mock-4|Even2|zOTU|gunifrac_a0.5	mock-4	Even2	mock-4|Even2	zOTU	UNOISE3	gunifrac_a0.5	gUniFrac 0.5	0.2174631713651143	-0.24595146278122706	-0.5385344099560725	-0.3902507445966331	-0.0129184658176274	0.0	-0.022721270841260882	2.3913293434983576	-0.8554094397651767	0.7327650077061578
mock-4|Even2|zOTU|gunifrac_a1.0	mock-4	Even2	mock-4|Even2	zOTU	UNOISE3	gunifrac_a1.0	gUniFrac 1.0	0.2401844422063752	-0.22323019193996618	-0.5158131391148115	-0.3675294737553722	0.009802805023633482	0.022721270841260882	0.0	2.1111661616459756	-0.8553190492545022	0.7289917363608138
mock-4|Staggered1|ASV|jaccard	mock-4	Staggered1	mock-4|Staggered1	ASV	DADA2	jaccard	Jaccard	0.5238095238095238	0.0	-0.2863658942334597	-0.15711052972510042	0.31073969252533223	0.20972697083960262	0.10493456564798276	-0.37002542140626615	-0.9824561722251006	0.32892931475981413
mock-4|Staggered1|ASV|weighted_jaccard	mock-4	Staggered1	mock-4|Staggered1	ASV	DADA2	weighted_jaccard	Weighted Jaccard	0.8101754180429835	0.2863658942334597	0.0	0.12925536450835928	0.597105586758792	0.49609286507306233	0.39130045988144246	-3.901041827264852	-0.9813169419593224	0.28137316217733155
mock-4|Staggered1|ASV|braycurtis	mock-4	Staggered1	mock-4|Staggered1	ASV	DADA2	braycurtis	Bray-Curtis	0.6809200535346243	0.15711052972510042	-0.12925536450835928	0.0	0.46785022225043266	0.36683750056470305	0.2620450953730832	-2.307266793942741	-0.9818311499227262	0.30283831553687524
mock-4|Staggered1|ASV|gunifrac_a0.0	mock-4	Staggered1	mock-4|Staggered1	ASV	DADA2	gunifrac_a0.0	gUniFrac 0.0	0.2130698312841916	-0.31073969252533223	-0.597105586758792	-0.46785022225043266	0.0	-0.10101272168572961	-0.20580512687734948	3.4615305507022223	-0.9836923671408804	0.38053317027733363
mock-4|Staggered1|ASV|gunifrac_a0.5	mock-4	Staggered1	mock-4|Staggered1	ASV	DADA2	gunifrac_a0.5	gUniFrac 0.5	0.3140825529699212	-0.20972697083960262	-0.49609286507306233	-0.36683750056470305	0.10101272168572961	0.0	-0.10479240519161986	2.215999624516029	-0.9832905149926651	0.36375821033275885
mock-4|Staggered1|ASV|gunifrac_a1.0	mock-4	Staggered1	mock-4|Staggered1	ASV	DADA2	gunifrac_a1.0	gUniFrac 1.0	0.4188749581615411	-0.10493456564798276	-0.39130045988144246	-0.2620450953730832	0.20580512687734948	0.10479240519161986	0.0	0.9238635517778125	-0.9828736263825966	0.34635556668303996
mock-4|Staggered1|OTU|jaccard	mock-4	Staggered1	mock-4|Staggered1	OTU	UPARSE	jaccard	Jaccard	0.1666666666666666	0.0	-0.6063129802255062	-0.4632981460068567	-0.012475124800632398	-0.1008281304351201	-0.20576164731806437	2.9353978492086608	-1.3829290681409239	-0.7759734594213962
mock-4|Staggered1|OTU|weighted_jaccard	mock-4	Staggered1	mock-4|Staggered1	OTU	UPARSE	weighted_jaccard	Weighted Jaccard	0.7729796468921728	0.6063129802255062	0.0	0.14301483421864947	0.5938378554248738	0.5054848497903861	0.4005513329074418	-4.540705707019667	-1.3805170138023413	-0.8766625190509542
mock-4|Staggered1|OTU|braycurtis	mock-4	Staggered1	mock-4|Staggered1	OTU	UPARSE	braycurtis	Bray-Curtis	0.6299648126735233	0.4632981460068567	-0.14301483421864947	0.0	0.4508230212062243	0.36247001557173664	0.25753649868879236	-2.777270409464625	-1.381085960142945	-0.8529123608979874
mock-4|Staggered1|OTU|gunifrac_a0.0	mock-4	Staggered1	mock-4|Staggered1	OTU	UPARSE	gunifrac_a0.0	gUniFrac 0.0	0.179141791467299	0.012475124800632398	-0.5938378554248738	-0.4508230212062243	0.0	-0.0883530056344877	-0.19328652251743197	2.7815741180200066	-1.382879439187097	-0.7780451758878152
mock-4|Staggered1|OTU|gunifrac_a0.5	mock-4	Staggered1	mock-4|Staggered1	OTU	UPARSE	gunifrac_a0.5	gUniFrac 0.5	0.2674947971017867	0.1008281304351201	-0.5054848497903861	-0.36247001557173664	0.0883530056344877	0.0	-0.10493351688294428	1.6921430136722466	-1.3825279503397236	-0.7927177647040288
mock-4|Staggered1|OTU|gunifrac_a1.0	mock-4	Staggered1	mock-4|Staggered1	OTU	UPARSE	gunifrac_a1.0	gUniFrac 1.0	0.372428313984731	0.20576164731806437	-0.4005513329074418	-0.25753649868879236	0.19328652251743197	0.10493351688294428	0.0	0.3982669722186264	-1.3821105003544605	-0.8101438424611576
mock-4|Staggered1|TAC|jaccard	mock-4	Staggered1	mock-4|Staggered1	TAC	TAC	jaccard	Jaccard	0.375	0.0	-0.39953275763594465	-0.2570305683094307	0.1653260219783414	0.10420002361187719	0.0028724595795833197	0.806033260241501	-1.0325448173438332	-0.035519135577020536
mock-4|Staggered1|TAC|weighted_jaccard	mock-4	Staggered1	mock-4|Staggered1	TAC	TAC	weighted_jaccard	Weighted Jaccard	0.7745327576359446	0.39953275763594465	0.0	0.14250218932651393	0.5648587796142861	0.5037327812478218	0.40240521721552797	-4.120379941535675	-1.0309553829215272	-0.10186865961756739
mock-4|Staggered1|TAC|braycurtis	mock-4	Staggered1	mock-4|Staggered1	TAC	TAC	braycurtis	Bray-Curtis	0.6320305683094307	0.2570305683094307	-0.14250218932651393	0.0	0.4223565902877721	0.3612305919213079	0.25990302788901404	-2.3632657791470773	-1.0315222898412741	-0.07820363527139076
mock-4|Staggered1|TAC|gunifrac_a0.0	mock-4	Staggered1	mock-4|Staggered1	TAC	TAC	gunifrac_a0.0	gUniFrac 0.0	0.2096739780216586	-0.1653260219783414	-0.5648587796142861	-0.4223565902877721	0.0	-0.06112599836646421	-0.16245356239875808	2.8445752363503702	-1.033202522789038	-0.008063807671779142
mock-4|Staggered1|TAC|gunifrac_a0.5	mock-4	Staggered1	mock-4|Staggered1	TAC	TAC	gunifrac_a0.5	gUniFrac 0.5	0.2707999763881228	-0.10420002361187719	-0.5037327812478218	-0.3612305919213079	0.06112599836646421	0.0	-0.10132756403229387	2.090865009669154	-1.032959349321921	-0.018214867429972827
mock-4|Staggered1|TAC|gunifrac_a1.0	mock-4	Staggered1	mock-4|Staggered1	TAC	TAC	gunifrac_a1.0	gUniFrac 1.0	0.3721275404204167	-0.0028724595795833197	-0.40240521721552797	-0.25990302788901404	0.16245356239875808	0.10132756403229387	0.0	0.8414519399967295	-1.0325562446574768	-0.035042112548774255
mock-4|Staggered1|TIC|jaccard	mock-4	Staggered1	mock-4|Staggered1	TIC	TIC	jaccard	Jaccard	0.3666666666666667	0.0	-0.4305626587231304	-0.29616070534933747	0.1579164603309251	0.09632180644621902	-0.005430704935861896	0.9928158231423304	-1.1875507691718146	-0.0368063301468949
mock-4|Staggered1|TIC|weighted_jaccard	mock-4	Staggered1	mock-4|Staggered1	TIC	TIC	weighted_jaccard	Weighted Jaccard	0.7972293253897971	0.4305626587231304	0.0	0.1344019533737929	0.5884791190540555	0.5268844651693494	0.4251319537872685	-4.316209596141785	-1.1858378905713607	-0.10830892143614995
mock-4|Staggered1|TIC|braycurtis	mock-4	Staggered1	mock-4|Staggered1	TIC	TIC	braycurtis	Bray-Curtis	0.6628273720160042	0.29616070534933747	-0.1344019533737929	0.0	0.4540771656802626	0.3924825117955565	0.2907300004134756	-2.658974876858469	-1.1863725728647037	-0.08598908541260136
mock-4|Staggered1|TIC|gunifrac_a0.0	mock-4	Staggered1	mock-4|Staggered1	TIC	TIC	gunifrac_a0.0	gUniFrac 0.0	0.2087502063357416	-0.1579164603309251	-0.5884791190540555	-0.4540771656802626	0.0	-0.061594653884706085	-0.163347165266787	2.93999467164384	-1.1881789976539645	-0.010581491805423964
mock-4|Staggered1|TIC|gunifrac_a0.5	mock-4	Staggered1	mock-4|Staggered1	TIC	TIC	gunifrac_a0.5	gUniFrac 0.5	0.2703448602204477	-0.09632180644621902	-0.5268844651693494	-0.3924825117955565	0.061594653884706085	0.0	-0.10175251138208091	2.180505717967086	-1.187933959765973	-0.020810380152087245
mock-4|Staggered1|TIC|gunifrac_a1.0	mock-4	Staggered1	mock-4|Staggered1	TIC	TIC	gunifrac_a1.0	gUniFrac 1.0	0.3720973716025286	0.005430704935861896	-0.4251319537872685	-0.2907300004134756	0.163347165266787	0.10175251138208091	0.0	0.9258528620842924	-1.1875291645619366	-0.03770819534020606
mock-4|Staggered1|zOTU|jaccard	mock-4	Staggered1	mock-4|Staggered1	zOTU	UNOISE3	jaccard	Jaccard	0.4634146341463414	0.0	-0.31578393881147554	-0.1748534377101087	0.23303299696359966	0.19158182281062797	0.09092997556635718	-0.06612532305364996	-0.889572298023555	0.2837167010863905
mock-4|Staggered1|zOTU|weighted_jaccard	mock-4	Staggered1	mock-4|Staggered1	zOTU	UNOISE3	weighted_jaccard	Weighted Jaccard	0.7791985729578169	0.31578393881147554	0.0	0.14093050110136685	0.5488169357750752	0.5073657616221035	0.4067139143778327	-3.959879052472729	-0.8883160359204717	0.23127515871132925
mock-4|Staggered1|zOTU|braycurtis	mock-4	Staggered1	mock-4|Staggered1	zOTU	UNOISE3	braycurtis	Bray-Curtis	0.6382680718564501	0.1748534377101087	-0.14093050110136685	0.0	0.40788643467370833	0.36643526052073666	0.2657834132764659	-2.222144491564766	-0.8888766902981721	0.2546791762597261
mock-4|Staggered1|zOTU|gunifrac_a0.0	mock-4	Staggered1	mock-4|Staggered1	zOTU	UNOISE3	gunifrac_a0.0	gUniFrac 0.0	0.2303816371827417	-0.23303299696359966	-0.5488169357750752	-0.40788643467370833	0.0	-0.0414511741529717	-0.14210302139724248	2.8072731924624508	-0.8904993575945863	0.3224159770250242
mock-4|Staggered1|zOTU|gunifrac_a0.5	mock-4	Staggered1	mock-4|Staggered1	zOTU	UNOISE3	gunifrac_a0.5	gUniFrac 0.5	0.2718328113357134	-0.19158182281062797	-0.5073657616221035	-0.36643526052073666	0.0414511741529717	0.0	-0.10065184724427079	2.2961621316706915	-0.8903344551634724	0.31553227193850075
mock-4|Staggered1|zOTU|gunifrac_a1.0	mock-4	Staggered1	mock-4|Staggered1	zOTU	UNOISE3	gunifrac_a1.0	gUniFrac 1.0	0.3724846585799842	-0.09092997556635718	-0.4067139143778327	-0.2657834132764659	0.14210302139724248	0.10065184724427079	0.0	1.0550809447827387	-0.8899340386578891	0.2988172416166459
mock-4|Staggered2|ASV|jaccard	mock-4	Staggered2	mock-4|Staggered2	ASV	DADA2	jaccard	Jaccard	0.5555555555555556	0.0	-0.25143035410200765	-0.12087057904770804	0.34810655578485805	0.24421124284683798	0.1402307186473566	-0.7448268149390319	-0.9375847935779498	0.4527017013169885
mock-4|Staggered2|ASV|weighted_jaccard	mock-4	Staggered2	mock-4|Staggered2	ASV	DADA2	weighted_jaccard	Weighted Jaccard	0.8069859096575632	0.25143035410200765	0.0	0.1305597750542996	0.5995369098868657	0.49564159694884563	0.39166107274936424	-3.8450727700011234	-0.936584545032656	0.410947216846869
mock-4|Staggered2|ASV|braycurtis	mock-4	Staggered2	mock-4|Staggered2	ASV	DADA2	braycurtis	Bray-Curtis	0.6764261346032636	0.12087057904770804	-0.1305597750542996	0.0	0.4689771348325661	0.365081821894546	0.2611012976950646	-2.2352137855855383	-0.9371039422452113	0.4326289907893847
mock-4|Staggered2|ASV|gunifrac_a0.0	mock-4	Staggered2	mock-4|Staggered2	ASV	DADA2	gunifrac_a0.0	gUniFrac 0.0	0.2074489997706975	-0.34810655578485805	-0.5995369098868657	-0.4689771348325661	0.0	-0.1038953129380201	-0.2078758371375015	3.5474788828239157	-0.9389696425842451	0.5105109894173777
mock-4|Staggered2|ASV|gunifrac_a0.5	mock-4	Staggered2	mock-4|Staggered2	ASV	DADA2	gunifrac_a0.5	gUniFrac 0.5	0.3113443127087176	-0.24421124284683798	-0.49564159694884563	-0.365081821894546	0.1038953129380201	0.0	-0.1039805241994814	2.2664043489379715	-0.9385563228162326	0.4932573239000129
mock-4|Staggered2|ASV|gunifrac_a1.0	mock-4	Staggered2	mock-4|Staggered2	ASV	DADA2	gunifrac_a1.0	gUniFrac 1.0	0.415324836908199	-0.1402307186473566	-0.39166107274936424	-0.2611012976950646	0.2078758371375015	0.1039805241994814	0.0	0.9842791230239529	-0.9381426640579618	0.4759895075363574
mock-4|Staggered2|OTU|jaccard	mock-4	Staggered2	mock-4|Staggered2	OTU	UPARSE	jaccard	Jaccard	0.1666666666666666	0.0	-0.6010868285221059	-0.45638520825537865	-0.012475124800632398	-0.09652056437899872	-0.20030234258528098	2.8877439702791308	-1.357581860097446	-0.7593857317255684
mock-4|Staggered2|OTU|weighted_jaccard	mock-4	Staggered2	mock-4|Staggered2	OTU	UPARSE	weighted_jaccard	Weighted Jaccard	0.7677534951887726	0.6010868285221059	0.0	0.14470162026672728	0.5886117037214735	0.5045662641431072	0.400784485936825	-4.523918855485785	-1.3551905966083129	-0.8592068958660679
mock-4|Staggered2|OTU|braycurtis	mock-4	Staggered2	mock-4|Staggered2	OTU	UPARSE	braycurtis	Bray-Curtis	0.6230518749220453	0.45638520825537865	-0.14470162026672728	0.0	0.44391008345474625	0.35986464387637995	0.2560828656700977	-2.7396847500808112	-1.355766253376925	-0.8351766168736721
mock-4|Staggered2|OTU|gunifrac_a0.0	mock-4	Staggered2	mock-4|Staggered2	OTU	UPARSE	gunifrac_a0.0	gUniFrac 0.0	0.179141791467299	0.012475124800632398	-0.5886117037214735	-0.44391008345474625	0.0	-0.08404543957836633	-0.1878272177846486	2.733920239090477	-1.3575322311436202	-0.7614574481919899
mock-4|Staggered2|OTU|gunifrac_a0.5	mock-4	Staggered2	mock-4|Staggered2	OTU	UPARSE	gunifrac_a0.5	gUniFrac 0.5	0.2631872310456653	0.09652056437899872	-0.5045662641431072	-0.35986464387637995	0.08404543957836633	0.0	-0.10378177820628226	1.6976033034330849	-1.3571978787979107	-0.7754146890119887
mock-4|Staggered2|OTU|gunifrac_a1.0	mock-4	Staggered2	mock-4|Staggered2	OTU	UPARSE	gunifrac_a1.0	gUniFrac 1.0	0.3669690092519476	0.20030234258528098	-0.400784485936825	-0.2560828656700977	0.1878272177846486	0.10378177820628226	0.0	0.41792870232012136	-1.3567850106975194	-0.7926495000668123
mock-4|Staggered2|TAC|jaccard	mock-4	Staggered2	mock-4|Staggered2	TAC	TAC	jaccard	Jaccard	0.375	0.0	-0.3944801144273644	-0.2503292802897522	0.1653260219783414	0.10831889323007099	0.00839446952524181	0.7594124318099036	-1.0080294945417134	-0.01902827756953081
mock-4|Staggered2|TAC|weighted_jaccard	mock-4	Staggered2	mock-4|Staggered2	TAC	TAC	weighted_jaccard	Weighted Jaccard	0.7694801144273644	0.3944801144273644	0.0	0.1441508341376122	0.5598061364057059	0.5027990076574353	0.4028745839526062	-4.104699474939792	-1.006460160711627	-0.08453872029414557
mock-4|Staggered2|TAC|braycurtis	mock-4	Staggered2	mock-4|Staggered2	TAC	TAC	braycurtis	Bray-Curtis	0.6253292802897522	0.2503292802897522	-0.1441508341376122	0.0	0.4156553022680936	0.3586481735198232	0.258723749814994	-2.3272568027927125	-1.0070336263246547	-0.0605999091396573
mock-4|Staggered2|TAC|gunifrac_a0.0	mock-4	Staggered2	mock-4|Staggered2	TAC	TAC	gunifrac_a0.0	gUniFrac 0.0	0.2096739780216586	-0.1653260219783414	-0.5598061364057059	-0.4156553022680936	0.0	-0.05700712874827041	-0.1569315524530996	2.797954407918773	-1.008687199986919	0.008427050335708994
mock-4|Staggered2|TAC|gunifrac_a0.5	mock-4	Staggered2	mock-4|Staggered2	TAC	TAC	gunifrac_a0.5	gUniFrac 0.5	0.266681106769929	-0.10831889323007099	-0.5027990076574353	-0.3586481735198232	0.05700712874827041	0.0	-0.09992442370482918	2.095031640527586	-1.0084604123430585	-0.0010399978276153816
mock-4|Staggered2|TAC|gunifrac_a1.0	mock-4	Staggered2	mock-4|Staggered2	TAC	TAC	gunifrac_a1.0	gUniFrac 1.0	0.3666055304747582	-0.00839446952524181	-0.4028745839526062	-0.258723749814994	0.1569315524530996	0.09992442370482918	0.0	0.8629199032266782	-1.0080628896978436	-0.017634226526336342
mock-4|Staggered2|TIC|jaccard	mock-4	Staggered2	mock-4|Staggered2	TIC	TIC	jaccard	Jaccard	0.3666666666666667	0.0	-0.4258443360123876	-0.28966312551976126	0.1579164603309251	0.10044392636270422	9.245664924178998e-05	0.94720423985493	-1.1644575012621665	-0.02001676636613819
mock-4|Staggered2|TIC|weighted_jaccard	mock-4	Staggered2	mock-4|Staggered2	TIC	TIC	weighted_jaccard	Weighted Jaccard	0.7925110026790543	0.4258443360123876	0.0	0.13618121049262633	0.5837607963433127	0.5262882623750917	0.42593679266162937	-4.303642201990674	-1.1627633932490784	-0.09073579620731667
mock-4|Staggered2|TIC|braycurtis	mock-4	Staggered2	mock-4|Staggered2	TIC	TIC	braycurtis	Bray-Curtis	0.656329792186428	0.28966312551976126	-0.13618121049262633	0.0	0.44757958585068636	0.39010705188246547	0.28975558216900305	-2.6244684662135858	-1.1633051538418993	-0.06812048287752803
mock-4|Staggered2|TIC|gunifrac_a0.0	mock-4	Staggered2	mock-4|Staggered2	TIC	TIC	gunifrac_a0.0	gUniFrac 0.0	0.2087502063357416	-0.1579164603309251	-0.5837607963433127	-0.44757958585068636	0.0	-0.057472533968220885	-0.1578240036816833	2.89438308835644	-1.165085729744315	0.006208071975332552
mock-4|Staggered2|TIC|gunifrac_a0.5	mock-4	Staggered2	mock-4|Staggered2	TIC	TIC	gunifrac_a0.5	gUniFrac 0.5	0.2662227403039625	-0.10044392636270422	-0.5262882623750917	-0.39010705188246547	0.057472533968220885	0.0	-0.10035146971346243	2.185721671565621	-1.1648570906100255	-0.0033362650065922347
mock-4|Staggered2|TIC|gunifrac_a1.0	mock-4	Staggered2	mock-4|Staggered2	TIC	TIC	gunifrac_a1.0	gUniFrac 1.0	0.3665742100174249	-9.245664924178998e-05	-0.42593679266162937	-0.28975558216900305	0.1578240036816833	0.10035146971346243	0.0	0.9483442706752107	-1.1644578690762644	-0.020001412294276613
mock-4|Staggered2|zOTU|jaccard	mock-4	Staggered2	mock-4|Staggered2	zOTU	UNOISE3	jaccard	Jaccard	0.4634146341463414	0.0	-0.3107732074642438	-0.16815671739563115	0.23303299696359966	0.19566756453245376	0.09644646183062028	-0.11256307026643722	-0.8651414316892664	0.300143672545262
mock-4|Staggered2|zOTU|weighted_jaccard	mock-4	Staggered2	mock-4|Staggered2	zOTU	UNOISE3	weighted_jaccard	Weighted Jaccard	0.7741878416105852	0.3107732074642438	0.0	0.14261649006861266	0.5438062044278434	0.5064407719966976	0.4072196692948641	-3.9445322961929294	-0.8639051034432503	0.24853425127574177
mock-4|Staggered2|zOTU|braycurtis	mock-4	Staggered2	mock-4|Staggered2	zOTU	UNOISE3	braycurtis	Bray-Curtis	0.6315713515419725	0.16815671739563115	-0.14261649006861266	0.0	0.4011897143592308	0.3638242819280849	0.26460317922625143	-2.186008755789425	-0.8644724650779875	0.27221825729411303
mock-4|Staggered2|zOTU|gunifrac_a0.0	mock-4	Staggered2	mock-4|Staggered2	zOTU	UNOISE3	gunifrac_a0.0	gUniFrac 0.0	0.2303816371827417	-0.23303299696359966	-0.5438062044278434	-0.4011897143592308	0.0	-0.0373654324311459	-0.1365865351329794	2.7608354452496657	-0.8660684912602973	0.338842948483896
mock-4|Staggered2|zOTU|gunifrac_a0.5	mock-4	Staggered2	mock-4|Staggered2	zOTU	UNOISE3	gunifrac_a0.5	gUniFrac 0.5	0.2677470696138876	-0.19566756453245376	-0.5064407719966976	-0.3638242819280849	0.0373654324311459	0.0	-0.09922110270183349	2.300103362333344	-0.8659198428619496	0.3326377535155407
mock-4|Staggered2|zOTU|gunifrac_a1.0	mock-4	Staggered2	mock-4|Staggered2	zOTU	UNOISE3	gunifrac_a1.0	gUniFrac 1.0	0.3669681723157211	-0.09644646183062028	-0.4072196692948641	-0.26460317922625143	0.1365865351329794	0.09922110270183349	0.0	1.0766638798301318	-0.8655251181915964	0.3161603237848776
mock-5|Even1|ASV|jaccard	mock-5	Even1	mock-5|Even1	ASV	DADA2	jaccard	Jaccard	0.4390243902439024	0.0	-0.40609218415263426	-0.2927521299316609	0.42467297567535167	0.1483782533342845	0.1448089335909888	-0.03355006800880513	-1.8849996168077374	0.4037407636763794
mock-5|Even1|ASV|weighted_jaccard	mock-5	Even1	mock-5|Even1	ASV	DADA2	weighted_jaccard	Weighted Jaccard	0.8451165743965366	0.40609218415263426	0.0	0.11334005422097337	0.8307651598279859	0.5544704374869187	0.550901117743623	-5.040843860351604	-1.8833840874580545	0.33630193013856496
mock-5|Even1|ASV|braycurtis	mock-5	Even1	mock-5|Even1	ASV	DADA2	braycurtis	Bray-Curtis	0.7317765201755633	0.2927521299316609	-0.11334005422097337	0.0	0.7174251056070126	0.4411303832659454	0.4375610635226497	-3.6433115460848384	-1.8838349806080201	0.35512406301394656
mock-5|Even1|ASV|gunifrac_a0.0	mock-5	Even1	mock-5|Even1	ASV	DADA2	gunifrac_a0.0	gUniFrac 0.0	0.0143514145685507	-0.42467297567535167	-0.8307651598279859	-0.7174251056070126	0.0	-0.27629472234106717	-0.2798640420843629	5.202852989863584	-1.886689064876415	0.4742652682893837
mock-5|Even1|ASV|gunifrac_a0.5	mock-5	Even1	mock-5|Even1	ASV	DADA2	gunifrac_a0.5	gUniFrac 0.5	0.2906461369096179	-0.1483782533342845	-0.5544704374869187	-0.4411303832659454	0.27629472234106717	0.0	-0.003569319743295718	1.7960185270867732	-1.8855899000795433	0.42838161301486344
mock-5|Even1|ASV|gunifrac_a1.0	mock-5	Even1	mock-5|Even1	ASV	DADA2	gunifrac_a1.0	gUniFrac 1.0	0.2942154566529136	-0.1448089335909888	-0.550901117743623	-0.4375610635226497	0.2798640420843629	0.003569319743295718	0.0	1.7520072575008165	-1.8855757004937632	0.4277888639558954
mock-5|Even1|OTU|jaccard	mock-5	Even1	mock-5|Even1	OTU	UPARSE	jaccard	Jaccard	0.1666666666666666	0.0	-0.590612207159322	-0.442704863177231	-0.028922605566547493	-0.041850738762366696	-0.063913196628747	2.3859278683084377	-1.3615130138367628	-0.32479341821588653
mock-5|Even1|OTU|weighted_jaccard	mock-5	Even1	mock-5|Even1	OTU	UPARSE	weighted_jaccard	Weighted Jaccard	0.7572788738259886	0.590612207159322	0.0	0.14790734398209093	0.5616896015927745	0.5487614683969553	0.526699010530575	-4.8965783063959485	-1.3591634208325523	-0.4228750850845271
mock-5|Even1|OTU|braycurtis	mock-5	Even1	mock-5|Even1	OTU	UPARSE	braycurtis	Bray-Curtis	0.6093715298438976	0.442704863177231	-0.14790734398209093	0.0	0.41378225761068355	0.40085412441486434	0.37879166654848406	-3.072816229051793	-1.3597518307172116	-0.39831243862374244
mock-5|Even1|OTU|gunifrac_a0.0	mock-5	Even1	mock-5|Even1	OTU	UPARSE	gunifrac_a0.0	gUniFrac 0.0	0.1955892722332141	0.028922605566547493	-0.5616896015927745	-0.41378225761068355	0.0	-0.012928133195819203	-0.03499059106219951	2.0292995238995273	-1.3613979529713105	-0.32959653154433605
mock-5|Even1|OTU|gunifrac_a0.5	mock-5	Even1	mock-5|Even1	OTU	UPARSE	gunifrac_a0.5	gUniFrac 0.5	0.2085174054290333	0.041850738762366696	-0.5487614683969553	-0.40085412441486434	0.012928133195819203	0.0	-0.02206245786638031	1.869890001568817	-1.3613465218445138	-0.3317434781160031
mock-5|Even1|OTU|gunifrac_a1.0	mock-5	Even1	mock-5|Even1	OTU	UPARSE	gunifrac_a1.0	gUniFrac 1.0	0.2305798632954136	0.063913196628747	-0.526699010530575	-0.37879166654848406	0.03499059106219951	0.02206245786638031	0.0	1.5978502711104043	-1.3612587522453927	-0.335407341843374
mock-5|Even1|TAC|jaccard	mock-5	Even1	mock-5|Even1	TAC	TAC	jaccard	Jaccard	0.1666666666666666	0.0	-0.5906289215665274	-0.44272650926687196	-0.02844858729728389	-0.041642929245021	-0.0638676259045527	2.3845570354008356	-1.3630305573302937	-0.32420933045225175
mock-5|Even1|TAC|weighted_jaccard	mock-5	Even1	mock-5|Even1	TAC	TAC	weighted_jaccard	Weighted Jaccard	0.757295588233194	0.5906289215665274	0.0	0.1479024122996554	0.5621803342692435	0.5489859923215064	0.5267612956619747	-4.8981552352362225	-1.360680897832277	-0.42229377304564053
mock-5|Even1|TAC|braycurtis	mock-5	Even1	mock-5|Even1	TAC	TAC	braycurtis	Bray-Curtis	0.6093931759335386	0.44272650926687196	-0.1479024122996554	0.0	0.4142779219695881	0.40108358002185096	0.3788588833623193	-3.0744539676879894	-1.3612692880975537	-0.39773194557848257
mock-5|Even1|TAC|gunifrac_a0.0	mock-5	Even1	mock-5|Even1	TAC	TAC	gunifrac_a0.0	gUniFrac 0.0	0.1951152539639505	0.02844858729728389	-0.5621803342692435	-0.4142779219695881	0.0	-0.01319434194773711	-0.035419038607268805	2.0337735430471144	-1.3629173822199876	-0.32893372461199244
mock-5|Even1|TAC|gunifrac_a0.5	mock-5	Even1	mock-5|Even1	TAC	TAC	gunifrac_a0.5	gUniFrac 0.5	0.2083095959116876	0.041642929245021	-0.5489859923215064	-0.40108358002185096	0.01319434194773711	0.0	-0.022224696659531695	1.8710815506690484	-1.3628648920527338	-0.3311248798840663
mock-5|Even1|TAC|gunifrac_a1.0	mock-5	Even1	mock-5|Even1	TAC	TAC	gunifrac_a1.0	gUniFrac 1.0	0.2305342925712193	0.0638676259045527	-0.5267612956619747	-0.3788588833623193	0.035419038607268805	0.022224696659531695	0.0	1.597041345112798	-1.3627764770298838	-0.3348156862500604
mock-5|Even1|TIC|jaccard	mock-5	Even1	mock-5|Even1	TIC	TIC	jaccard	Jaccard	0.1666666666666666	0.0	-0.5906289215665274	-0.44272650926687196	-0.028448587297283806	-0.041642929245021	-0.0638676259045527	2.384557035400835	-1.363030557330294	-0.3242093304522521
mock-5|Even1|TIC|weighted_jaccard	mock-5	Even1	mock-5|Even1	TIC	TIC	weighted_jaccard	Weighted Jaccard	0.757295588233194	0.5906289215665274	0.0	0.1479024122996554	0.5621803342692435	0.5489859923215064	0.5267612956619747	-4.8981552352362225	-1.3606808978322775	-0.42229377304564025
mock-5|Even1|TIC|braycurtis	mock-5	Even1	mock-5|Even1	TIC	TIC	braycurtis	Bray-Curtis	0.6093931759335386	0.44272650926687196	-0.1479024122996554	0.0	0.4142779219695882	0.40108358002185096	0.3788588833623193	-3.0744539676879894	-1.3612692880975537	-0.3977319455784829
mock-5|Even1|TIC|gunifrac_a0.0	mock-5	Even1	mock-5|Even1	TIC	TIC	gunifrac_a0.0	gUniFrac 0.0	0.1951152539639504	0.028448587297283806	-0.5621803342692435	-0.4142779219695882	0.0	-0.013194341947737193	-0.03541903860726889	2.033773543047115	-1.3629173822199876	-0.32893372461199255
mock-5|Even1|TIC|gunifrac_a0.5	mock-5	Even1	mock-5|Even1	TIC	TIC	gunifrac_a0.5	gUniFrac 0.5	0.2083095959116876	0.041642929245021	-0.5489859923215064	-0.40108358002185096	0.013194341947737193	0.0	-0.022224696659531695	1.8710815506690484	-1.3628648920527338	-0.3311248798840671
mock-5|Even1|TIC|gunifrac_a1.0	mock-5	Even1	mock-5|Even1	TIC	TIC	gunifrac_a1.0	gUniFrac 1.0	0.2305342925712193	0.0638676259045527	-0.5267612956619747	-0.3788588833623193	0.03541903860726889	0.022224696659531695	0.0	1.5970413451127978	-1.3627764770298836	-0.33481568625006053
mock-5|Even1|zOTU|jaccard	mock-5	Even1	mock-5|Even1	zOTU	UNOISE3	jaccard	Jaccard	0.1851851851851852	0.0	-0.5791900587835145	-0.4334291961127378	-0.010550559243250102	-0.023759376775827096	-0.0458338457633633	2.2241978994015184	-1.378626956250058	-0.2523064548938481
mock-5|Even1|zOTU|weighted_jaccard	mock-5	Even1	mock-5|Even1	zOTU	UNOISE3	weighted_jaccard	Weighted Jaccard	0.7643752439686997	0.5791900587835145	0.0	0.1457608626707767	0.5686394995402644	0.5554306820076874	0.5333562130201512	-4.917468202803711	-1.3763228032140622	-0.3484912707689969
mock-5|Even1|zOTU|braycurtis	mock-5	Even1	mock-5|Even1	zOTU	UNOISE3	braycurtis	Bray-Curtis	0.618614381297923	0.4334291961127378	-0.1457608626707767	0.0	0.4228786368694877	0.4096698193369107	0.38759535034937453	-3.1201731764518086	-1.3769026738958152	-0.32428508572631787
mock-5|Even1|zOTU|gunifrac_a0.0	mock-5	Even1	mock-5|Even1	zOTU	UNOISE3	gunifrac_a0.0	gUniFrac 0.0	0.1957357444284353	0.010550559243250102	-0.5686394995402644	-0.4228786368694877	0.0	-0.013208817532576994	-0.0352832865201132	2.09410490114619	-1.3785849836665458	-0.25405856300206275
mock-5|Even1|zOTU|gunifrac_a0.5	mock-5	Even1	mock-5|Even1	zOTU	UNOISE3	gunifrac_a0.5	gUniFrac 0.5	0.2089445619610123	0.023759376775827096	-0.5554306820076874	-0.4096698193369107	0.013208817532576994	0.0	-0.022074468987536205	1.9312344184919321	-1.3785324359120432	-0.25625212220259147
mock-5|Even1|zOTU|gunifrac_a1.0	mock-5	Even1	mock-5|Even1	zOTU	UNOISE3	gunifrac_a1.0	gUniFrac 1.0	0.2310190309485485	0.0458338457633633	-0.5333562130201512	-0.38759535034937453	0.0352832865201132	0.022074468987536205	0.0	1.6590465856696968	-1.3784446185298813	-0.2599179805903664
mock-5|Even2|ASV|jaccard	mock-5	Even2	mock-5|Even2	ASV	DADA2	jaccard	Jaccard	0.3235294117647058	0.0	-0.5243205429014817	-0.41235560434058766	0.13810397989327988	0.02515773499962648	0.018213100581970565	1.5396072129057903	-1.622728423561325	-0.03894719708685815
mock-5|Even2|ASV|weighted_jaccard	mock-5	Even2	mock-5|Even2	ASV	DADA2	weighted_jaccard	Weighted Jaccard	0.8478499546661874	0.5243205429014817	0.0	0.11196493856089396	0.6624245227947615	0.549478277901108	0.5425336434834522	-4.925493821103768	-1.6206425542470269	-0.12601995345366895
mock-5|Even2|ASV|braycurtis	mock-5	Even2	mock-5|Even2	ASV	DADA2	braycurtis	Bray-Curtis	0.7358850161052934	0.41235560434058766	-0.11196493856089396	0.0	0.5504595842338675	0.43751333934021414	0.4305687049225582	-3.544917282833616	-1.6210879768664197	-0.10742618300365356
mock-5|Even2|ASV|gunifrac_a0.0	mock-5	Even2	mock-5|Even2	ASV	DADA2	gunifrac_a0.0	gUniFrac 0.0	0.1854254318714259	-0.13810397989327988	-0.6624245227947615	-0.5504595842338675	0.0	-0.1129462448936534	-0.11989087931130932	3.2424895342201467	-1.623277833378929	-0.016012573682651972
mock-5|Even2|ASV|gunifrac_a0.5	mock-5	Even2	mock-5|Even2	ASV	DADA2	gunifrac_a0.5	gUniFrac 0.5	0.2983716767650793	-0.02515773499962648	-0.549478277901108	-0.43751333934021414	0.1129462448936534	0.0	-0.006944634417655915	1.8498130607624603	-1.622828506894246	-0.03476930751144357
mock-5|Even2|ASV|gunifrac_a1.0	mock-5	Even2	mock-5|Even2	ASV	DADA2	gunifrac_a1.0	gUniFrac 1.0	0.3053163111827352	-0.018213100581970565	-0.5425336434834522	-0.4305687049225582	0.11989087931130932	0.006944634417655915	0.0	1.7641826887271574	-1.6228008795200635	-0.03592258763538986
mock-5|Even2|OTU|jaccard	mock-5	Even2	mock-5|Even2	OTU	UPARSE	jaccard	Jaccard	0.1666666666666666	0.0	-0.5898417680380238	-0.44170773314281775	-0.028922605566547493	-0.041752482389891404	-0.06654245837364789	2.3890817491829655	-1.3560219677863523	-0.3316029247808704
mock-5|Even2|OTU|weighted_jaccard	mock-5	Even2	mock-5|Even2	OTU	UPARSE	weighted_jaccard	Weighted Jaccard	0.7565084347046904	0.5898417680380238	0.0	0.14813403489520605	0.5609191624714763	0.5480892856481324	0.5232993096643759	-4.883924575044113	-1.3536754397685251	-0.4295566465235532
mock-5|Even2|OTU|braycurtis	mock-5	Even2	mock-5|Even2	OTU	UPARSE	braycurtis	Bray-Curtis	0.6083743998094844	0.44170773314281775	-0.14813403489520605	0.0	0.4127851275762703	0.3999552507529264	0.3751652747691699	-3.057367299845089	-1.3542647514824622	-0.4049563540027115
mock-5|Even2|OTU|gunifrac_a0.0	mock-5	Even2	mock-5|Even2	OTU	UPARSE	gunifrac_a0.0	gUniFrac 0.0	0.1955892722332141	0.028922605566547493	-0.5609191624714763	-0.4127851275762703	0.0	-0.012829876823343911	-0.037619852807100396	2.0324534047740554	-1.3559069069209	-0.3364060381093203
mock-5|Even2|OTU|gunifrac_a0.5	mock-5	Even2	mock-5|Even2	OTU	UPARSE	gunifrac_a0.5	gUniFrac 0.5	0.208419149056558	0.041752482389891404	-0.5480892856481324	-0.3999552507529264	0.012829876823343911	0.0	-0.024789975983756485	1.87425542638128	-1.3558558666808516	-0.3385366674618787
mock-5|Even2|OTU|gunifrac_a1.0	mock-5	Even2	mock-5|Even2	OTU	UPARSE	gunifrac_a1.0	gUniFrac 1.0	0.2332091250403145	0.06654245837364789	-0.5232993096643759	-0.3751652747691699	0.037619852807100396	0.024789975983756485	0.0	1.5685842076288048	-1.3557572463790024	-0.3426534841084821
mock-5|Even2|TAC|jaccard	mock-5	Even2	mock-5|Even2	TAC	TAC	jaccard	Jaccard	0.1666666666666666	0.0	-0.5898477135317034	-0.4417154232838827	-0.02844858729728389	-0.04153856815718629	-0.06649287867195999	2.3876386615183365	-1.357482434472896	-0.33100789461774127
mock-5|Even2|TAC|weighted_jaccard	mock-5	Even2	mock-5|Even2	TAC	TAC	weighted_jaccard	Weighted Jaccard	0.75651438019837	0.5898477135317034	0.0	0.1481322902478207	0.5613991262344196	0.5483091453745171	0.5233548348597434	-4.88544097323959	-1.3551358828025064	-0.4289626037154472
mock-5|Even2|TAC|braycurtis	mock-5	Even2	mock-5|Even2	TAC	TAC	braycurtis	Bray-Curtis	0.6083820899505493	0.4417154232838827	-0.1481322902478207	0.0	0.41326683598659886	0.40017685512669643	0.3752225446119227	-3.058905210303949	-1.3557251875758327	-0.40436260092434745
mock-5|Even2|TAC|gunifrac_a0.0	mock-5	Even2	mock-5|Even2	TAC	TAC	gunifrac_a0.0	gUniFrac 0.0	0.1951152539639505	0.02844858729728389	-0.5613991262344196	-0.41326683598659886	0.0	-0.0130899808599024	-0.038044291374676104	2.036855169164615	-1.3573692593625908	-0.3357322887774822
mock-5|Even2|TAC|gunifrac_a0.5	mock-5	Even2	mock-5|Even2	TAC	TAC	gunifrac_a0.5	gUniFrac 0.5	0.2082052348238529	0.04153856815718629	-0.5483091453745171	-0.40017685512669643	0.0130899808599024	0.0	-0.024954310514773703	1.875449994528111	-1.3573171843680654	-0.33790611303382895
mock-5|Even2|TAC|gunifrac_a1.0	mock-5	Even2	mock-5|Even2	TAC	TAC	gunifrac_a1.0	gUniFrac 1.0	0.2331595453386266	0.06649287867195999	-0.5233548348597434	-0.3752225446119227	0.038044291374676104	0.024954310514773703	0.0	1.5677524593156238	-1.3572179103051538	-0.34205022035361976
mock-5|Even2|TIC|jaccard	mock-5	Even2	mock-5|Even2	TIC	TIC	jaccard	Jaccard	0.1666666666666666	0.0	-0.5898477135317034	-0.4417154232838828	-0.028448587297283806	-0.04153856815718629	-0.06649287867195999	2.387638661518337	-1.357482434472897	-0.3310078946177413
mock-5|Even2|TIC|weighted_jaccard	mock-5	Even2	mock-5|Even2	TIC	TIC	weighted_jaccard	Weighted Jaccard	0.75651438019837	0.5898477135317034	0.0	0.1481322902478206	0.5613991262344196	0.5483091453745171	0.5233548348597434	-4.88544097323959	-1.3551358828025066	-0.4289626037154473
mock-5|Even2|TIC|braycurtis	mock-5	Even2	mock-5|Even2	TIC	TIC	braycurtis	Bray-Curtis	0.6083820899505494	0.4417154232838828	-0.1481322902478206	0.0	0.413266835986599	0.40017685512669654	0.37522254461192284	-3.05890521030395	-1.3557251875758323	-0.40436260092434767
mock-5|Even2|TIC|gunifrac_a0.0	mock-5	Even2	mock-5|Even2	TIC	TIC	gunifrac_a0.0	gUniFrac 0.0	0.1951152539639504	0.028448587297283806	-0.5613991262344196	-0.413266835986599	0.0	-0.013089980859902484	-0.03804429137467619	2.0368551691646157	-1.3573692593625908	-0.33573228877748246
mock-5|Even2|TIC|gunifrac_a0.5	mock-5	Even2	mock-5|Even2	TIC	TIC	gunifrac_a0.5	gUniFrac 0.5	0.2082052348238529	0.04153856815718629	-0.5483091453745171	-0.40017685512669654	0.013089980859902484	0.0	-0.024954310514773703	1.875449994528111	-1.357317184368066	-0.33790611303382884
mock-5|Even2|TIC|gunifrac_a1.0	mock-5	Even2	mock-5|Even2	TIC	TIC	gunifrac_a1.0	gUniFrac 1.0	0.2331595453386266	0.06649287867195999	-0.5233548348597434	-0.37522254461192284	0.03804429137467619	0.024954310514773703	0.0	1.5677524593156236	-1.3572179103051543	-0.3420502203536196
mock-5|Even2|zOTU|jaccard	mock-5	Even2	mock-5|Even2	zOTU	UNOISE3	jaccard	Jaccard	0.1851851851851852	0.0	-0.5788508458473148	-0.4329849639582083	-0.010550559243250102	-0.02363300227570539	-0.0484417410829337	2.2290989897330835	-1.375767809849942	-0.258494856078973
mock-5|Even2|zOTU|weighted_jaccard	mock-5	Even2	mock-5|Even2	zOTU	UNOISE3	weighted_jaccard	Weighted Jaccard	0.7640360310325001	0.5788508458473148	0.0	0.14586588188910654	0.5683002866040647	0.5552178435716095	0.5304091047643812	-4.908384468983802	-1.3734650062820621	-0.3546233396098121
mock-5|Even2|zOTU|braycurtis	mock-5	Even2	mock-5|Even2	zOTU	UNOISE3	braycurtis	Bray-Curtis	0.6181701491433935	0.4329849639582083	-0.14586588188910654	0.0	0.4224344047149582	0.40935196168250293	0.38454322287527465	-3.1097945098542135	-1.3740452947547388	-0.33039971425713
mock-5|Even2|zOTU|gunifrac_a0.0	mock-5	Even2	mock-5|Even2	zOTU	UNOISE3	gunifrac_a0.0	gUniFrac 0.0	0.1957357444284353	0.010550559243250102	-0.5683002866040647	-0.4224344047149582	0.0	-0.013082443032455288	-0.037891181839683596	2.0990059914777546	-1.3757258372664303	-0.26024696418718846
mock-5|Even2|zOTU|gunifrac_a0.5	mock-5	Even2	mock-5|Even2	zOTU	UNOISE3	gunifrac_a0.5	gUniFrac 0.5	0.2088181874608906	0.02363300227570539	-0.5552178435716095	-0.40935196168250293	0.013082443032455288	0.0	-0.02480873880722831	1.9376937615421241	-1.3756737922591413	-0.26241953665315276
mock-5|Even2|zOTU|gunifrac_a1.0	mock-5	Even2	mock-5|Even2	zOTU	UNOISE3	gunifrac_a1.0	gUniFrac 1.0	0.2336269262681189	0.0484417410829337	-0.5304091047643812	-0.38454322287527465	0.037891181839683596	0.02480873880722831	0.0	1.6317911889907728	-1.3755750973144063	-0.26653946920047583
mock-5|Staggered1|ASV|jaccard	mock-5	Staggered1	mock-5|Staggered1	ASV	DADA2	jaccard	Jaccard	0.5128205128205128	0.0	-0.3088531389461613	-0.1845021372234381	0.3113140092639346	0.1787566840893689	0.08155945833727546	-0.14031920663632125	-1.073233056404314	0.2276099422180588
mock-5|Staggered1|ASV|weighted_jaccard	mock-5	Staggered1	mock-5|Staggered1	ASV	DADA2	weighted_jaccard	Weighted Jaccard	0.8216736517666741	0.3088531389461613	0.0	0.12435100172272318	0.6201671482100959	0.4876098230355302	0.39041259728343675	-3.948613150085934	-1.0720043666383434	0.17631938249334264
mock-5|Staggered1|ASV|braycurtis	mock-5	Staggered1	mock-5|Staggered1	ASV	DADA2	braycurtis	Bray-Curtis	0.6973226500439509	0.1845021372234381	-0.12435100172272318	0.0	0.4958161464873727	0.363258821312807	0.26606159556071357	-2.4153110494875953	-1.0724990639036067	0.19697007913981537
mock-5|Staggered1|ASV|gunifrac_a0.0	mock-5	Staggered1	mock-5|Staggered1	ASV	DADA2	gunifrac_a0.0	gUniFrac 0.0	0.2015065035565782	-0.3113140092639346	-0.6201671482100959	-0.4958161464873727	0.0	-0.13255732517456567	-0.2297545509266591	3.6983183414105025	-1.074471536085926	0.2793091732499173
mock-5|Staggered1|ASV|gunifrac_a0.5	mock-5	Staggered1	mock-5|Staggered1	ASV	DADA2	gunifrac_a0.5	gUniFrac 0.5	0.3340638287311439	-0.1787566840893689	-0.4876098230355302	-0.363258821312807	0.13255732517456567	0.0	-0.09719722575209344	2.063828692560997	-1.0739441921534592	0.25729567056377634
mock-5|Staggered1|ASV|gunifrac_a1.0	mock-5	Staggered1	mock-5|Staggered1	ASV	DADA2	gunifrac_a1.0	gUniFrac 1.0	0.4312610544832373	-0.08155945833727546	-0.39041259728343675	-0.26606159556071357	0.2297545509266591	0.09719722575209344	0.0	0.8653444957844608	-1.073557518937281	0.2411543416152524
mock-5|Staggered1|OTU|jaccard	mock-5	Staggered1	mock-5|Staggered1	OTU	UPARSE	jaccard	Jaccard	0.1304347826086956	0.0	-0.6321358612947561	-0.48581909899386244	-0.0422396762634589	-0.1096613189716863	-0.2145749050292897	3.1228043714679847	-1.4238690379281433	-0.7900310366127613
mock-5|Staggered1|OTU|weighted_jaccard	mock-5	Staggered1	mock-5|Staggered1	OTU	UPARSE	weighted_jaccard	Weighted Jaccard	0.7625706439034516	0.6321358612947561	0.0	0.14631676230089363	0.5898961850312971	0.5224745423230698	0.41756095626546635	-4.671706573832038	-1.4213542541505617	-0.8950084451587872
mock-5|Staggered1|OTU|braycurtis	mock-5	Staggered1	mock-5|Staggered1	OTU	UPARSE	braycurtis	Bray-Curtis	0.616253881602558	0.48581909899386244	-0.14631676230089363	0.0	0.4435794227304035	0.37615778002217615	0.2712441939645727	-2.8675570625240674	-1.4219363363306017	-0.8707099430903688
mock-5|Staggered1|OTU|gunifrac_a0.0	mock-5	Staggered1	mock-5|Staggered1	OTU	UPARSE	gunifrac_a0.0	gUniFrac 0.0	0.1726744588721545	0.0422396762634589	-0.5898961850312971	-0.4435794227304035	0.0	-0.0674216427082274	-0.1723352287658308	2.601970735662056	-1.4237009986518727	-0.7970456865060284
mock-5|Staggered1|OTU|gunifrac_a0.5	mock-5	Staggered1	mock-5|Staggered1	OTU	UPARSE	gunifrac_a0.5	gUniFrac 0.5	0.2400961015803819	0.1096613189716863	-0.5224745423230698	-0.37615778002217615	0.0674216427082274	0.0	-0.1049135860576034	1.770632467709648	-1.423432779644343	-0.8082422500373688
mock-5|Staggered1|OTU|gunifrac_a1.0	mock-5	Staggered1	mock-5|Staggered1	OTU	UPARSE	gunifrac_a1.0	gUniFrac 1.0	0.3450096876379853	0.2145749050292897	-0.41756095626546635	-0.2712441939645727	0.1723352287658308	0.1049135860576034	0.0	0.47700218202750017	-1.4230154089485474	-0.8256650179262827
mock-5|Staggered1|TAC|jaccard	mock-5	Staggered1	mock-5|Staggered1	TAC	TAC	jaccard	Jaccard	0.1304347826086956	0.0	-0.6321354171338209	-0.4858185188584595	-0.0417382587175133	-0.10964181569137321	-0.21457470310715762	3.1218890324601998	-1.4251292328031562	-0.7900152126894633
mock-5|Staggered1|TAC|weighted_jaccard	mock-5	Staggered1	mock-5|Staggered1	TAC	TAC	weighted_jaccard	Weighted Jaccard	0.7625701997425165	0.6321354171338209	0.0	0.14631689827536143	0.5903971584163076	0.5224936014424477	0.4175607140266633	-4.672616436141723	-1.4226144507925542	-0.8949925474746635
mock-5|Staggered1|TAC|braycurtis	mock-5	Staggered1	mock-5|Staggered1	TAC	TAC	braycurtis	Bray-Curtis	0.6162533014671551	0.4858185188584595	-0.14631689827536143	0.0	0.44408026014094615	0.3761767031670863	0.27124381575130185	-2.8684652482092434	-1.4231965335135262	-0.8706940228252618
mock-5|Staggered1|TAC|gunifrac_a0.0	mock-5	Staggered1	mock-5|Staggered1	TAC	TAC	gunifrac_a0.0	gUniFrac 0.0	0.1721730413262089	0.0417382587175133	-0.5903971584163076	-0.44408026014094615	0.0	-0.06790355697385991	-0.17283644438964432	2.607238093744155	-1.4249631882827394	-0.7969465932765651
mock-5|Staggered1|TAC|gunifrac_a0.5	mock-5	Staggered1	mock-5|Staggered1	TAC	TAC	gunifrac_a0.5	gUniFrac 0.5	0.2400765983000688	0.10964181569137321	-0.5224936014424477	-0.3761767031670863	0.06790355697385991	0.0	-0.10493288741578441	1.7699576126566237	-1.4246930521079486	-0.8082231872473161
mock-5|Staggered1|TAC|gunifrac_a1.0	mock-5	Staggered1	mock-5|Staggered1	TAC	TAC	gunifrac_a1.0	gUniFrac 1.0	0.3450094857158532	0.21457470310715762	-0.4175607140266633	-0.27124381575130185	0.17283644438964432	0.10493288741578441	0.0	0.4760893328076952	-1.4242756046268532	-0.8256491604702205
mock-5|Staggered1|TIC|jaccard	mock-5	Staggered1	mock-5|Staggered1	TIC	TIC	jaccard	Jaccard	0.1304347826086956	0.0	-0.6321354171338209	-0.4858185188584594	-0.0417382587175133	-0.10964181569137321	-0.21457470310715762	3.1218890324601993	-1.425129232803156	-0.7900152126894625
mock-5|Staggered1|TIC|weighted_jaccard	mock-5	Staggered1	mock-5|Staggered1	TIC	TIC	weighted_jaccard	Weighted Jaccard	0.7625701997425165	0.6321354171338209	0.0	0.14631689827536154	0.5903971584163076	0.5224936014424477	0.4175607140266633	-4.672616436141724	-1.4226144507925547	-0.8949925474746633
mock-5|Staggered1|TIC|braycurtis	mock-5	Staggered1	mock-5|Staggered1	TIC	TIC	braycurtis	Bray-Curtis	0.616253301467155	0.4858185188584594	-0.14631689827536154	0.0	0.44408026014094604	0.3761767031670862	0.27124381575130174	-2.868465248209243	-1.4231965335135262	-0.8706940228252621
mock-5|Staggered1|TIC|gunifrac_a0.0	mock-5	Staggered1	mock-5|Staggered1	TIC	TIC	gunifrac_a0.0	gUniFrac 0.0	0.1721730413262089	0.0417382587175133	-0.5903971584163076	-0.44408026014094604	0.0	-0.06790355697385991	-0.17283644438964432	2.607238093744155	-1.4249631882827387	-0.7969465932765648
mock-5|Staggered1|TIC|gunifrac_a0.5	mock-5	Staggered1	mock-5|Staggered1	TIC	TIC	gunifrac_a0.5	gUniFrac 0.5	0.2400765983000688	0.10964181569137321	-0.5224936014424477	-0.3761767031670862	0.06790355697385991	0.0	-0.10493288741578441	1.769957612656623	-1.4246930521079484	-0.8082231872473161
mock-5|Staggered1|TIC|gunifrac_a1.0	mock-5	Staggered1	mock-5|Staggered1	TIC	TIC	gunifrac_a1.0	gUniFrac 1.0	0.3450094857158532	0.21457470310715762	-0.4175607140266633	-0.27124381575130174	0.17283644438964432	0.10493288741578441	0.0	0.4760893328076952	-1.424275604626852	-0.8256491604702209
mock-5|Staggered1|zOTU|jaccard	mock-5	Staggered1	mock-5|Staggered1	zOTU	UNOISE3	jaccard	Jaccard	0.1538461538461538	0.0	-0.6112738963408573	-0.46574447948049574	-0.018961464594789312	-0.08673052574352569	-0.19152367324116482	2.88952528380825	-1.4068419399701984	-0.7053814110913278
mock-5|Staggered1|zOTU|weighted_jaccard	mock-5	Staggered1	mock-5|Staggered1	zOTU	UNOISE3	weighted_jaccard	Weighted Jaccard	0.765120050187011	0.6112738963408573	0.0	0.14552941686036147	0.592312431746068	0.5245433705973315	0.4197502230996924	-4.647748532371189	-1.4044101499511497	-0.8068943191207201
mock-5|Staggered1|zOTU|braycurtis	mock-5	Staggered1	mock-5|Staggered1	zOTU	UNOISE3	braycurtis	Bray-Curtis	0.6195906333266495	0.46574447948049574	-0.14552941686036147	0.0	0.44678301488570643	0.37901395373697006	0.2742208062393309	-2.853307333832235	-1.4049890998875352	-0.7827265697734128
mock-5|Staggered1|zOTU|gunifrac_a0.0	mock-5	Staggered1	mock-5|Staggered1	zOTU	UNOISE3	gunifrac_a0.0	gUniFrac 0.0	0.1728076184409431	0.018961464594789312	-0.592312431746068	-0.44678301488570643	0.0	-0.06776906114873638	-0.1725622086463755	2.6557221532276087	-1.4067665068450077	-0.7085302997041671
mock-5|Staggered1|zOTU|gunifrac_a0.5	mock-5	Staggered1	mock-5|Staggered1	zOTU	UNOISE3	gunifrac_a0.5	gUniFrac 0.5	0.2405766795896795	0.08673052574352569	-0.5245433705973315	-0.37901395373697006	0.06776906114873638	0.0	-0.10479314749763913	1.820100064338986	-1.4064969057259558	-0.7197845582498199
mock-5|Staggered1|zOTU|gunifrac_a1.0	mock-5	Staggered1	mock-5|Staggered1	zOTU	UNOISE3	gunifrac_a1.0	gUniFrac 1.0	0.3453698270873186	0.19152367324116482	-0.4197502230996924	-0.2742208062393309	0.1725622086463755	0.10479314749763913	0.0	0.5279548386437136	-1.4060800141628202	-0.7371873251726637
mock-5|Staggered2|ASV|jaccard	mock-5	Staggered2	mock-5|Staggered2	ASV	DADA2	jaccard	Jaccard	0.5365853658536586	0.0	-0.28374520202137443	-0.158804838838983	0.32610638296867717	0.20384733827712664	0.10674602306028186	-0.38849572822431	-1.0123022153049013	0.3177376912150491
mock-5|Staggered2|ASV|weighted_jaccard	mock-5	Staggered2	mock-5|Staggered2	ASV	DADA2	weighted_jaccard	Weighted Jaccard	0.820330567875033	0.28374520202137443	0.0	0.12494036318239143	0.6098515849900517	0.4875925402985011	0.3904912250816563	-3.8871978558049274	-1.011173410763504	0.27061675120926887
mock-5|Staggered2|ASV|braycurtis	mock-5	Staggered2	mock-5|Staggered2	ASV	DADA2	braycurtis	Bray-Curtis	0.6953902046926416	0.158804838838983	-0.12494036318239143	0.0	0.48491122180766016	0.36265217711610964	0.26555086189926486	-2.3466286712941025	-1.0116704526460072	0.2913653218137329
mock-5|Staggered2|ASV|gunifrac_a0.0	mock-5	Staggered2	mock-5|Staggered2	ASV	DADA2	gunifrac_a0.0	gUniFrac 0.0	0.2104789828849814	-0.32610638296867717	-0.6098515849900517	-0.48491122180766016	0.0	-0.12225904469155052	-0.2193603599083953	3.6325382409216536	-1.0135995424965214	0.37189345912900745
mock-5|Staggered2|ASV|gunifrac_a0.5	mock-5	Staggered2	mock-5|Staggered2	ASV	DADA2	gunifrac_a0.5	gUniFrac 0.5	0.3327380275765319	-0.20384733827712664	-0.4875925402985011	-0.36265217711610964	0.12225904469155052	0.0	-0.09710131521684479	2.1250308831546674	-1.0131131675238645	0.35159016917367536
mock-5|Staggered2|ASV|gunifrac_a1.0	mock-5	Staggered2	mock-5|Staggered2	ASV	DADA2	gunifrac_a1.0	gUniFrac 1.0	0.4298393427933767	-0.10674602306028186	-0.3904912250816563	-0.26555086189926486	0.2193603599083953	0.09710131521684479	0.0	0.927729305119669	-1.0127268758621495	0.33546476787624363
mock-5|Staggered2|OTU|jaccard	mock-5	Staggered2	mock-5|Staggered2	OTU	UPARSE	jaccard	Jaccard	0.1304347826086956	0.0	-0.62852757090938	-0.48111987543860146	-0.0422396762634589	-0.1079038673795081	-0.21196033833137293	3.0959892781721132	-1.404824342058202	-0.7840842241337918
mock-5|Staggered2|OTU|weighted_jaccard	mock-5	Staggered2	mock-5|Staggered2	OTU	UPARSE	weighted_jaccard	Weighted Jaccard	0.7589623535180756	0.62852757090938	0.0	0.1474076954707786	0.5862878946459211	0.520623703529872	0.4165672325780071	-4.654029872523771	-1.4023239129006961	-0.8884624118522508
mock-5|Staggered2|OTU|braycurtis	mock-5	Staggered2	mock-5|Staggered2	OTU	UPARSE	braycurtis	Bray-Curtis	0.611554658047297	0.48111987543860146	-0.1474076954707786	0.0	0.43888019917514254	0.37321600805909333	0.2691595371072285	-2.836428679300709	-1.4029103350671295	-0.863982740917956
mock-5|Staggered2|OTU|gunifrac_a0.0	mock-5	Staggered2	mock-5|Staggered2	OTU	UPARSE	gunifrac_a0.0	gUniFrac 0.0	0.1726744588721545	0.0422396762634589	-0.5862878946459211	-0.43888019917514254	0.0	-0.06566419111604921	-0.16972066206791403	2.575155642366187	-1.4046563027819292	-0.7910988740270587
mock-5|Staggered2|OTU|gunifrac_a0.5	mock-5	Staggered2	mock-5|Staggered2	OTU	UPARSE	gunifrac_a0.5	gUniFrac 0.5	0.2383386499882037	0.1079038673795081	-0.520623703529872	-0.37321600805909333	0.06566419111604921	0.0	-0.10405647095186482	1.7654875192510144	-1.404395075326413	-0.8020035814478893
mock-5|Staggered2|OTU|gunifrac_a1.0	mock-5	Staggered2	mock-5|Staggered2	OTU	UPARSE	gunifrac_a1.0	gUniFrac 1.0	0.3423951209400685	0.21196033833137293	-0.4165672325780071	-0.2691595371072285	0.16972066206791403	0.10405647095186482	0.0	0.482425836747585	-1.4039811144342609	-0.8192840101212397
mock-5|Staggered2|TAC|jaccard	mock-5	Staggered2	mock-5|Staggered2	TAC	TAC	jaccard	Jaccard	0.1304347826086956	0.0	-0.6285282469359439	-0.48112075329621895	-0.0417382587175133	-0.1078843254630951	-0.2119599971530469	3.095078388521123	-1.406091423496227	-0.7840666619504142
mock-5|Staggered2|TAC|weighted_jaccard	mock-5	Staggered2	mock-5|Staggered2	TAC	TAC	weighted_jaccard	Weighted Jaccard	0.7589630295446395	0.6285282469359439	0.0	0.14740749363972494	0.5867899882184305	0.5206439214728488	0.41656824978289697	-4.654949097877219	-1.4035909916493312	-0.8884449619351158
mock-5|Staggered2|TAC|braycurtis	mock-5	Staggered2	mock-5|Staggered2	TAC	TAC	braycurtis	Bray-Curtis	0.6115555359049145	0.48112075329621895	-0.14740749363972494	0.0	0.4393824945787056	0.37323642783312383	0.26916075614317203	-2.8373503933190993	-1.4041774130128328	-0.8639653245184552
mock-5|Staggered2|TAC|gunifrac_a0.0	mock-5	Staggered2	mock-5|Staggered2	TAC	TAC	gunifrac_a0.0	gUniFrac 0.0	0.1721730413262089	0.0417382587175133	-0.5867899882184305	-0.4393824945787056	0.0	-0.0661460667455818	-0.1702217384355336	2.5804274498050783	-1.4059253789758106	-0.7909980425375135
mock-5|Staggered2|TAC|gunifrac_a0.5	mock-5	Staggered2	mock-5|Staggered2	TAC	TAC	gunifrac_a0.5	gUniFrac 0.5	0.2383191080717907	0.1078843254630951	-0.5206439214728488	-0.37323642783312383	0.0661460667455818	0.0	-0.1040756716899518	1.764817589954749	-1.4056622345067369	-0.8019827739815435
mock-5|Staggered2|TAC|gunifrac_a1.0	mock-5	Staggered2	mock-5|Staggered2	TAC	TAC	gunifrac_a1.0	gUniFrac 1.0	0.3423947797617425	0.2119599971530469	-0.41656824978289697	-0.26916075614317203	0.1702217384355336	0.1040756716899518	0.0	0.48151915397419565	-1.4052481972295752	-0.8192663912791286
mock-5|Staggered2|TIC|jaccard	mock-5	Staggered2	mock-5|Staggered2	TIC	TIC	jaccard	Jaccard	0.1304347826086956	0.0	-0.6285282469359439	-0.48112075329621895	-0.0417382587175133	-0.1078843254630951	-0.21195999715304678	3.0950783885211224	-1.406091423496227	-0.7840666619504143
mock-5|Staggered2|TIC|weighted_jaccard	mock-5	Staggered2	mock-5|Staggered2	TIC	TIC	weighted_jaccard	Weighted Jaccard	0.7589630295446395	0.6285282469359439	0.0	0.14740749363972494	0.5867899882184305	0.5206439214728488	0.4165682497828971	-4.654949097877219	-1.4035909916493314	-0.8884449619351154
mock-5|Staggered2|TIC|braycurtis	mock-5	Staggered2	mock-5|Staggered2	TIC	TIC	braycurtis	Bray-Curtis	0.6115555359049145	0.48112075329621895	-0.14740749363972494	0.0	0.4393824945787056	0.37323642783312383	0.26916075614317214	-2.8373503933191007	-1.4041774130128337	-0.863965324518455
mock-5|Staggered2|TIC|gunifrac_a0.0	mock-5	Staggered2	mock-5|Staggered2	TIC	TIC	gunifrac_a0.0	gUniFrac 0.0	0.1721730413262089	0.0417382587175133	-0.5867899882184305	-0.4393824945787056	0.0	-0.0661460667455818	-0.17022173843553348	2.5804274498050783	-1.4059253789758104	-0.790998042537514
mock-5|Staggered2|TIC|gunifrac_a0.5	mock-5	Staggered2	mock-5|Staggered2	TIC	TIC	gunifrac_a0.5	gUniFrac 0.5	0.2383191080717907	0.1078843254630951	-0.5206439214728488	-0.37323642783312383	0.0661460667455818	0.0	-0.10407567168995169	1.764817589954749	-1.4056622345067364	-0.801982773981543
mock-5|Staggered2|TIC|gunifrac_a1.0	mock-5	Staggered2	mock-5|Staggered2	TIC	TIC	gunifrac_a1.0	gUniFrac 1.0	0.3423947797617424	0.21195999715304678	-0.4165682497828971	-0.26916075614317214	0.17022173843553348	0.10407567168995169	0.0	0.48151915397419665	-1.4052481972295752	-0.8192663912791286
mock-5|Staggered2|zOTU|jaccard	mock-5	Staggered2	mock-5|Staggered2	zOTU	UNOISE3	jaccard	Jaccard	0.1538461538461538	0.0	-0.6077988963716292	-0.4611996780066033	-0.018961464594789312	-0.0849701375460224	-0.188913450781856	2.8632609433710727	-1.388557158213687	-0.699289195937775
mock-5|Staggered2|zOTU|weighted_jaccard	mock-5	Staggered2	mock-5|Staggered2	zOTU	UNOISE3	weighted_jaccard	Weighted Jaccard	0.761645050217783	0.6077988963716292	0.0	0.14659921836502587	0.5888374317768399	0.5228287588256068	0.41888544558977314	-4.631164607184601	-1.3861391925543778	-0.8002250183850884
mock-5|Staggered2|zOTU|braycurtis	mock-5	Staggered2	mock-5|Staggered2	zOTU	UNOISE3	braycurtis	Bray-Curtis	0.6150458318527571	0.4611996780066033	-0.14659921836502587	0.0	0.44223821341181396	0.3762295404605809	0.27228622722474727	-2.823532289381621	-1.3867223984104666	-0.7758796094609496
mock-5|Staggered2|zOTU|gunifrac_a0.0	mock-5	Staggered2	mock-5|Staggered2	zOTU	UNOISE3	gunifrac_a0.0	gUniFrac 0.0	0.1728076184409431	0.018961464594789312	-0.5888374317768399	-0.44223821341181396	0.0	-0.06600867295123308	-0.1699519861870667	2.6294578127904327	-1.3884817250884967	-0.7024380845506156
mock-5|Staggered2|zOTU|gunifrac_a0.5	mock-5	Staggered2	mock-5|Staggered2	zOTU	UNOISE3	gunifrac_a0.5	gUniFrac 0.5	0.2388162913921762	0.0849701375460224	-0.5228287588256068	-0.3762295404605809	0.06600867295123308	0.0	-0.10394331323583361	1.815542078363827	-1.3882191272039581	-0.713399999310188
mock-5|Staggered2|zOTU|gunifrac_a1.0	mock-5	Staggered2	mock-5|Staggered2	zOTU	UNOISE3	gunifrac_a1.0	gUniFrac 1.0	0.3427596046280098	0.188913450781856	-0.41888544558977314	-0.27228622722474727	0.1699519861870667	0.10394331323583361	0.0	0.5338756798652374	-1.387805616479573	-0.730661636131164
mock-ZIEL_1|SRR13005984|ASV|jaccard	mock-ZIEL_1	SRR13005984	mock-ZIEL_1|SRR13005984	ASV	DADA2	jaccard	Jaccard	0.5238095238095238	0.0	-0.006265049723196858	0.16319628181216173	0.44413264834566774	0.39999336046959744	0.38191394729774475	-2.9186515123756585	-0.03668759150924542	1.1017144668733048
mock-ZIEL_1|SRR13005984|ASV|weighted_jaccard	mock-ZIEL_1	SRR13005984	mock-ZIEL_1|SRR13005984	ASV	DADA2	weighted_jaccard	Weighted Jaccard	0.5300745735327207	0.006265049723196858	0.0	0.16946133153535858	0.4503976980688646	0.4062584101927943	0.3881789970209416	-2.995902308652721	-0.03666266768135561	1.1006740438809965
mock-ZIEL_1|SRR13005984|ASV|braycurtis	mock-ZIEL_1	SRR13005984	mock-ZIEL_1|SRR13005984	ASV	DADA2	braycurtis	Bray-Curtis	0.3606132419973621	-0.16319628181216173	-0.16946133153535858	0.0	0.280936366533506	0.2367970786574357	0.21871766548558302	-0.9063701616360438	-0.03733682435172808	1.1288161135254922
mock-ZIEL_1|SRR13005984|ASV|gunifrac_a0.0	mock-ZIEL_1	SRR13005984	mock-ZIEL_1|SRR13005984	ASV	DADA2	gunifrac_a0.0	gUniFrac 0.0	0.0796768754638561	-0.44413264834566774	-0.4503976980688646	-0.280936366533506	0.0	-0.0441392878760703	-0.062218701047922986	2.5576977989968306	-0.03845445469094636	1.1754705964156367
mock-ZIEL_1|SRR13005984|ASV|gunifrac_a0.5	mock-ZIEL_1	SRR13005984	mock-ZIEL_1|SRR13005984	ASV	DADA2	gunifrac_a0.5	gUniFrac 0.5	0.1238161633399264	-0.39999336046959744	-0.4062584101927943	-0.2367970786574357	0.0441392878760703	0.0	-0.018079413171852687	2.0134411232830076	-0.038278858316969165	1.1681404822107468
mock-ZIEL_1|SRR13005984|ASV|gunifrac_a1.0	mock-ZIEL_1	SRR13005984	mock-ZIEL_1|SRR13005984	ASV	DADA2	gunifrac_a1.0	gUniFrac 1.0	0.1418955765117791	-0.38191394729774475	-0.3881789970209416	-0.21871766548558302	0.062218701047922986	0.018079413171852687	0.0	1.7905140715508516	-0.038206934197904406	1.16513807393268
mock-ZIEL_1|SRR13005984|OTU|jaccard	mock-ZIEL_1	SRR13005984	mock-ZIEL_1|SRR13005984	OTU	UPARSE	jaccard	Jaccard	0.2666666666666667	0.0	-0.1376240179053866	0.013305555928506796	0.22872094519077782	0.16207701644979183	0.13475667817886833	-0.7949755516466314	0.10303606385419357	0.12683484657967797
mock-ZIEL_1|SRR13005984|OTU|weighted_jaccard	mock-ZIEL_1	SRR13005984	mock-ZIEL_1|SRR13005984	OTU	UPARSE	weighted_jaccard	Weighted Jaccard	0.4042906845720533	0.1376240179053866	0.0	0.15092957383389338	0.3663449630961644	0.2997010343551784	0.2723806960842549	-2.4919397322620873	0.10358356427115335	0.10397992940442526
mock-ZIEL_1|SRR13005984|OTU|braycurtis	mock-ZIEL_1	SRR13005984	mock-ZIEL_1|SRR13005984	OTU	UPARSE	braycurtis	Bray-Curtis	0.2533611107381599	-0.013305555928506796	-0.15092957383389338	0.0	0.21541538926227102	0.14877146052128504	0.12145112225036153	-0.6309122423674742	0.102983131251806	0.12904447091229826
mock-ZIEL_1|SRR13005984|OTU|gunifrac_a0.0	mock-ZIEL_1	SRR13005984	mock-ZIEL_1|SRR13005984	OTU	UPARSE	gunifrac_a0.0	gUniFrac 0.0	0.0379457214758889	-0.22872094519077782	-0.3663449630961644	-0.21541538926227102	0.0	-0.066643928740986	-0.09396426701190949	2.0252534843352468	0.10212615863005217	0.1648180295890182
mock-ZIEL_1|SRR13005984|OTU|gunifrac_a0.5	mock-ZIEL_1	SRR13005984	mock-ZIEL_1|SRR13005984	OTU	UPARSE	gunifrac_a0.5	gUniFrac 0.5	0.1045896502168749	-0.16207701644979183	-0.2997010343551784	-0.14877146052128504	0.066643928740986	0.0	-0.02732033827092349	1.2035047688843532	0.10239128371017196	0.15375061930125974
mock-ZIEL_1|SRR13005984|OTU|gunifrac_a1.0	mock-ZIEL_1	SRR13005984	mock-ZIEL_1|SRR13005984	OTU	UPARSE	gunifrac_a1.0	gUniFrac 1.0	0.1319099884877984	-0.13475667817886833	-0.2723806960842549	-0.12145112225036153	0.09396426701190949	0.02732033827092349	0.0	0.8666330792354769	0.10249997038290921	0.14921359096939338
mock-ZIEL_1|SRR13005984|TAC|jaccard	mock-ZIEL_1	SRR13005984	mock-ZIEL_1|SRR13005984	TAC	TAC	jaccard	Jaccard	0.2666666666666667	0.0	-0.13766658137095916	0.013272123263182833	0.22540503223251532	0.15939157153855432	0.13288975591662602	-0.7777382599099906	0.11463972333326035	0.11643415007836784
mock-ZIEL_1|SRR13005984|TAC|weighted_jaccard	mock-ZIEL_1	SRR13005984	mock-ZIEL_1|SRR13005984	TAC	TAC	weighted_jaccard	Weighted Jaccard	0.4043332480376259	0.13766658137095916	0.0	0.150938704634142	0.3630716136034745	0.2970581529095135	0.2705563372875852	-2.4752272666246906	0.11518739307760661	0.09357216448224527
mock-ZIEL_1|SRR13005984|TAC|braycurtis	mock-ZIEL_1	SRR13005984	mock-ZIEL_1|SRR13005984	TAC	TAC	braycurtis	Bray-Curtis	0.2533945434034839	-0.013272123263182833	-0.150938704634142	0.0	0.21213290896933248	0.1461194482753715	0.11961763265344319	-0.6140871899796091	0.11458692373380736	0.1186382223219814
mock-ZIEL_1|SRR13005984|TAC|gunifrac_a0.0	mock-ZIEL_1	SRR13005984	mock-ZIEL_1|SRR13005984	TAC	TAC	gunifrac_a0.0	gUniFrac 0.0	0.0412616344341514	-0.22540503223251532	-0.3630716136034745	-0.21213290896933248	0.0	-0.066013460693961	-0.0925152763158893	2.0016041226966137	0.11374300958365152	0.1538666667347335
mock-ZIEL_1|SRR13005984|TAC|gunifrac_a0.5	mock-ZIEL_1	SRR13005984	mock-ZIEL_1|SRR13005984	TAC	TAC	gunifrac_a0.5	gUniFrac 0.5	0.1072750951281124	-0.15939157153855432	-0.2970581529095135	-0.1461194482753715	0.066013460693961	0.0	-0.0265018156219283	1.1876293533134734	0.11400562651494776	0.14290395688528362
mock-ZIEL_1|SRR13005984|TAC|gunifrac_a1.0	mock-ZIEL_1	SRR13005984	mock-ZIEL_1|SRR13005984	TAC	TAC	gunifrac_a1.0	gUniFrac 1.0	0.1337769107500407	-0.13288975591662602	-0.2705563372875852	-0.11961763265344319	0.0925152763158893	0.0265018156219283	0.0	0.8608504050153272	0.114111056913827	0.13850285880479216
mock-ZIEL_1|SRR13005984|TIC|jaccard	mock-ZIEL_1	SRR13005984	mock-ZIEL_1|SRR13005984	TIC	TIC	jaccard	Jaccard	0.2666666666666667	0.0	-0.13766658137095916	0.013272123263182833	0.22761402828483132	0.1611085787012369	0.13403276452036603	-0.7886903573417243	0.10689058331828921	0.12298636668498848
mock-ZIEL_1|SRR13005984|TIC|weighted_jaccard	mock-ZIEL_1	SRR13005984	mock-ZIEL_1|SRR13005984	TIC	TIC	weighted_jaccard	Weighted Jaccard	0.4043332480376259	0.13766658137095916	0.0	0.150938704634142	0.36528060965579046	0.29877516007219607	0.27169934589132516	-2.4861793640564254	0.10743825306263516	0.10012438108886587
mock-ZIEL_1|SRR13005984|TIC|braycurtis	mock-ZIEL_1	SRR13005984	mock-ZIEL_1|SRR13005984	TIC	TIC	braycurtis	Bray-Curtis	0.2533945434034839	-0.013272123263182833	-0.150938704634142	0.0	0.2143419050216485	0.14783645543805407	0.1207606412571832	-0.6250392874113434	0.10683778371883666	0.12519043892860202
mock-ZIEL_1|SRR13005984|TIC|gunifrac_a0.0	mock-ZIEL_1	SRR13005984	mock-ZIEL_1|SRR13005984	TIC	TIC	gunifrac_a0.0	gUniFrac 0.0	0.0390526383818354	-0.22761402828483132	-0.36528060965579046	-0.2143419050216485	0.0	-0.0665054495835944	-0.0935812637644653	2.0178899102863603	0.10598508166757065	0.16078572644464842
mock-ZIEL_1|SRR13005984|TIC|gunifrac_a0.5	mock-ZIEL_1	SRR13005984	mock-ZIEL_1|SRR13005984	TIC	TIC	gunifrac_a0.5	gUniFrac 0.5	0.1055580879654298	-0.1611085787012369	-0.29877516007219607	-0.14783645543805407	0.0665054495835944	0.0	-0.02707581418087089	1.1978487032590104	0.10624965584532936	0.14974131308519417
mock-ZIEL_1|SRR13005984|TIC|gunifrac_a1.0	mock-ZIEL_1	SRR13005984	mock-ZIEL_1|SRR13005984	TIC	TIC	gunifrac_a1.0	gUniFrac 1.0	0.1326339021463007	-0.13403276452036603	-0.27169934589132516	-0.1207606412571832	0.0935812637644653	0.02707581418087089	0.0	0.8639921023165406	0.10635736974424889	0.14524489232975707
mock-ZIEL_1|SRR13005984|zOTU|jaccard	mock-ZIEL_1	SRR13005984	mock-ZIEL_1|SRR13005984	zOTU	UNOISE3	jaccard	Jaccard	0.5238095238095238	0.0	-0.01251041556739152	0.15739069102949294	0.44413264834566774	0.4073364745666103	0.3907836038544623	-2.9365352940746807	-0.07962018315455452	1.1458902441032537
mock-ZIEL_1|SRR13005984|zOTU|weighted_jaccard	mock-ZIEL_1	SRR13005984	mock-ZIEL_1|SRR13005984	zOTU	UNOISE3	weighted_jaccard	Weighted Jaccard	0.5363199393769154	0.01251041556739152	0.0	0.16990110659688445	0.45664306391305926	0.41984689013400184	0.40329401942185383	-3.090794175813421	-0.07957041380583332	1.1438126669770183
mock-ZIEL_1|SRR13005984|zOTU|braycurtis	mock-ZIEL_1	SRR13005984	mock-ZIEL_1|SRR13005984	zOTU	UNOISE3	braycurtis	Bray-Curtis	0.3664188327800309	-0.15739069102949294	-0.16990110659688445	0.0	0.2867419573161748	0.24994578353711738	0.2333929128249694	-0.9958394104318999	-0.08024632000389045	1.1720277690962235
mock-ZIEL_1|SRR13005984|zOTU|gunifrac_a0.0	mock-ZIEL_1	SRR13005984	mock-ZIEL_1|SRR13005984	zOTU	UNOISE3	gunifrac_a0.0	gUniFrac 0.0	0.0796768754638561	-0.44413264834566774	-0.45664306391305926	-0.2867419573161748	0.0	-0.0367961737790574	-0.053349044491205394	2.539814017297809	-0.08138704633625471	1.2196463736455871
mock-ZIEL_1|SRR13005984|zOTU|gunifrac_a0.5	mock-ZIEL_1	SRR13005984	mock-ZIEL_1|SRR13005984	zOTU	UNOISE3	gunifrac_a0.5	gUniFrac 0.5	0.1164730492429135	-0.4073364745666103	-0.41984689013400184	-0.24994578353711738	0.0367961737790574	0.0	-0.01655287071214799	2.08610114190647	-0.08124066258149318	1.2135357142062961
mock-ZIEL_1|SRR13005984|zOTU|gunifrac_a1.0	mock-ZIEL_1	SRR13005984	mock-ZIEL_1|SRR13005984	zOTU	UNOISE3	gunifrac_a1.0	gUniFrac 1.0	0.1330259199550615	-0.3907836038544623	-0.40329401942185383	-0.2333929128249694	0.053349044491205394	0.01655287071214799	0.0	1.8819970246717532	-0.08117481140409871	1.2107868154682948
mock-ZIEL_1|SRR13005985|ASV|jaccard	mock-ZIEL_1	SRR13005985	mock-ZIEL_1|SRR13005985	ASV	DADA2	jaccard	Jaccard	0.5238095238095238	0.0	-0.01195073570953964	0.15791298056784786	0.44413264834566774	0.40286399445223126	0.38879921217923574	-2.9225404095321577	-0.07118605977773605	1.130231006868511
mock-ZIEL_1|SRR13005985|ASV|weighted_jaccard	mock-ZIEL_1	SRR13005985	mock-ZIEL_1|SRR13005985	ASV	DADA2	weighted_jaccard	Weighted Jaccard	0.5357602595190635	0.01195073570953964	0.0	0.1698637162773875	0.4560833840552074	0.4148147301617709	0.4007499478887754	-3.069898194457701	-0.07113851696592567	1.128246374542105
mock-ZIEL_1|SRR13005985|ASV|braycurtis	mock-ZIEL_1	SRR13005985	mock-ZIEL_1|SRR13005985	ASV	DADA2	braycurtis	Bray-Curtis	0.365896543241676	-0.15791298056784786	-0.1698637162773875	0.0	0.2862196677778199	0.2449510138843834	0.23088623161138788	-0.9754044680274729	-0.07181427441657803	1.1564552673334005
mock-ZIEL_1|SRR13005985|ASV|gunifrac_a0.0	mock-ZIEL_1	SRR13005985	mock-ZIEL_1|SRR13005985	ASV	DADA2	gunifrac_a0.0	gUniFrac 0.0	0.0796768754638561	-0.44413264834566774	-0.4560833840552074	-0.2862196677778199	0.0	-0.041268653893436494	-0.05533343616643199	2.5538089018403314	-0.07295292295943814	1.2039871364108452
mock-ZIEL_1|SRR13005985|ASV|gunifrac_a0.5	mock-ZIEL_1	SRR13005985	mock-ZIEL_1|SRR13005985	ASV	DADA2	gunifrac_a0.5	gUniFrac 0.5	0.1209455293572926	-0.40286399445223126	-0.4148147301617709	-0.2449510138843834	0.041268653893436494	0.0	-0.014064782272995499	2.044948395474913	-0.07278874663645439	1.1971337420613435
mock-ZIEL_1|SRR13005985|ASV|gunifrac_a1.0	mock-ZIEL_1	SRR13005985	mock-ZIEL_1|SRR13005985	ASV	DADA2	gunifrac_a1.0	gUniFrac 1.0	0.1350103116302881	-0.38879921217923574	-0.4007499478887754	-0.23088623161138788	0.05533343616643199	0.014064782272995499	0.0	1.8715234941481915	-0.0727327936547272	1.1947980346838807
mock-ZIEL_1|SRR13005985|OTU|jaccard	mock-ZIEL_1	SRR13005985	mock-ZIEL_1|SRR13005985	OTU	UPARSE	jaccard	Jaccard	0.2666666666666667	0.0	-0.14287584057300617	0.009166853497256544	0.22872094519077782	0.1583992463560021	0.13246137508108383	-0.7622517108979701	0.08311368503767758	0.11783869788283835
mock-ZIEL_1|SRR13005985|OTU|weighted_jaccard	mock-ZIEL_1	SRR13005985	mock-ZIEL_1|SRR13005985	OTU	UPARSE	weighted_jaccard	Weighted Jaccard	0.4095425072396729	0.14287584057300617	0.0	0.15204269407026272	0.37159678576378397	0.3012750869290083	0.27533721565409	-2.5239731561648746	0.08368207842916436	0.09411162209810399
mock-ZIEL_1|SRR13005985|OTU|braycurtis	mock-ZIEL_1	SRR13005985	mock-ZIEL_1|SRR13005985	OTU	UPARSE	braycurtis	Bray-Curtis	0.2574998131694102	-0.009166853497256544	-0.15204269407026272	0.0	0.21955409169352127	0.14923239285874557	0.12329452158382728	-0.6492204081460901	0.08307721715810057	0.1193610170290613
mock-ZIEL_1|SRR13005985|OTU|gunifrac_a0.0	mock-ZIEL_1	SRR13005985	mock-ZIEL_1|SRR13005985	OTU	UPARSE	gunifrac_a0.0	gUniFrac 0.0	0.0379457214758889	-0.22872094519077782	-0.37159678576378397	-0.21955409169352127	0.0	-0.0703216988347757	-0.09625957010969399	2.057977325083909	0.08220377981353821	0.15582188089217736
mock-ZIEL_1|SRR13005985|OTU|gunifrac_a0.5	mock-ZIEL_1	SRR13005985	mock-ZIEL_1|SRR13005985	OTU	UPARSE	gunifrac_a0.5	gUniFrac 0.5	0.1082674203106646	-0.1583992463560021	-0.3012750869290083	-0.14923239285874557	0.0703216988347757	0.0	-0.025937871274918298	1.1908800999129268	0.08248353592020624	0.14414371143489044
mock-ZIEL_1|SRR13005985|OTU|gunifrac_a1.0	mock-ZIEL_1	SRR13005985	mock-ZIEL_1|SRR13005985	OTU	UPARSE	gunifrac_a1.0	gUniFrac 1.0	0.1342052915855829	-0.13246137508108383	-0.27533721565409	-0.12329452158382728	0.09625957010969399	0.025937871274918298	0.0	0.871054831439726	0.08258672281704475	0.13983626634853705
mock-ZIEL_1|SRR13005985|TAC|jaccard	mock-ZIEL_1	SRR13005985	mock-ZIEL_1|SRR13005985	TAC	TAC	jaccard	Jaccard	0.2666666666666667	0.0	-0.1428985373813011	0.009148907944088736	0.22540503223251532	0.15571207620684632	0.130597163194894	-0.7450842504388206	0.09481143572004556	0.10742159129754134
mock-ZIEL_1|SRR13005985|TAC|weighted_jaccard	mock-ZIEL_1	SRR13005985	mock-ZIEL_1|SRR13005985	TAC	TAC	weighted_jaccard	Weighted Jaccard	0.4095652040479678	0.1428985373813011	0.0	0.15204744532538983	0.3683035696138164	0.29861061358814744	0.2734957005761951	-2.5070855572537094	0.09537991940472511	0.08369074630390297
mock-ZIEL_1|SRR13005985|TAC|braycurtis	mock-ZIEL_1	SRR13005985	mock-ZIEL_1|SRR13005985	TAC	TAC	braycurtis	Bray-Curtis	0.257517758722578	-0.009148907944088736	-0.15204744532538983	0.0	0.21625612428842658	0.1465631682627576	0.12144825525080527	-0.6322742241864251	0.09477503923206071	0.10894093026532162
mock-ZIEL_1|SRR13005985|TAC|gunifrac_a0.0	mock-ZIEL_1	SRR13005985	mock-ZIEL_1|SRR13005985	TAC	TAC	gunifrac_a0.0	gUniFrac 0.0	0.0412616344341514	-0.22540503223251532	-0.3683035696138164	-0.21625612428842658	0.0	-0.069692956025669	-0.09480786903762131	2.0342581321677833	0.0939147219704371	0.144854107953907
mock-ZIEL_1|SRR13005985|TAC|gunifrac_a0.5	mock-ZIEL_1	SRR13005985	mock-ZIEL_1|SRR13005985	TAC	TAC	gunifrac_a0.5	gUniFrac 0.5	0.1109545904598204	-0.15571207620684632	-0.29861061358814744	-0.1465631682627576	0.069692956025669	0.0	-0.025114913011952317	1.174913580128371	0.0941919767916817	0.13328035242847172
mock-ZIEL_1|SRR13005985|TAC|gunifrac_a1.0	mock-ZIEL_1	SRR13005985	mock-ZIEL_1|SRR13005985	TAC	TAC	gunifrac_a1.0	gUniFrac 1.0	0.1360695034717727	-0.130597163194894	-0.2734957005761951	-0.12144825525080527	0.09480786903762131	0.025114913011952317	0.0	0.8652357460612394	0.09429188976875615	0.12910957420612312
mock-ZIEL_1|SRR13005985|TIC|jaccard	mock-ZIEL_1	SRR13005985	mock-ZIEL_1|SRR13005985	TIC	TIC	jaccard	Jaccard	0.2666666666666667	0.0	-0.1428985373813012	0.009148907944088625	0.22761402828483132	0.15744789799202832	0.13176042040228111	-0.756134439043081	0.0870345579435438	0.11406505575971339
mock-ZIEL_1|SRR13005985|TIC|weighted_jaccard	mock-ZIEL_1	SRR13005985	mock-ZIEL_1|SRR13005985	TIC	TIC	weighted_jaccard	Weighted Jaccard	0.4095652040479679	0.1428985373813012	0.0	0.15204744532538983	0.37051256566613255	0.3003464353733295	0.2746589577835823	-2.518135745857971	0.08760304162822335	0.09033421076607469
mock-ZIEL_1|SRR13005985|TIC|braycurtis	mock-ZIEL_1	SRR13005985	mock-ZIEL_1|SRR13005985	TIC	TIC	braycurtis	Bray-Curtis	0.2575177587225781	-0.009148907944088625	-0.15204744532538983	0.0	0.2184651203407427	0.1482989900479397	0.12261151245819249	-0.6433244127906871	0.08699816145555905	0.11558439472749397
mock-ZIEL_1|SRR13005985|TIC|gunifrac_a0.0	mock-ZIEL_1	SRR13005985	mock-ZIEL_1|SRR13005985	TIC	TIC	gunifrac_a0.0	gUniFrac 0.0	0.0390526383818354	-0.22761402828483132	-0.37051256566613255	-0.2184651203407427	0.0	-0.070166130292803	-0.0958536078825502	2.0504458285850036	0.08612905629282484	0.15186441551937443
mock-ZIEL_1|SRR13005985|TIC|gunifrac_a0.5	mock-ZIEL_1	SRR13005985	mock-ZIEL_1|SRR13005985	TIC	TIC	gunifrac_a0.5	gUniFrac 0.5	0.1092187686746384	-0.15744789799202832	-0.3003464353733295	-0.1482989900479397	0.070166130292803	0.0	-0.02568747758974721	1.1852668314048649	0.0864081935115788	0.14021208098680318
mock-ZIEL_1|SRR13005985|TIC|gunifrac_a1.0	mock-ZIEL_1	SRR13005985	mock-ZIEL_1|SRR13005985	TIC	TIC	gunifrac_a1.0	gUniFrac 1.0	0.1349062462643856	-0.13176042040228111	-0.2746589577835823	-0.12261151245819249	0.0958536078825502	0.02568747758974721	0.0	0.8685290263065505	0.08651038428398118	0.13594621822759756
mock-ZIEL_1|SRR13005985|zOTU|jaccard	mock-ZIEL_1	SRR13005985	mock-ZIEL_1|SRR13005985	zOTU	UNOISE3	jaccard	Jaccard	0.5238095238095238	0.0	-0.01228042199365409	0.15760536784633172	0.44413264834566774	0.4066367775817986	0.3938798440368597	-2.9436211418081792	-0.07879247430937003	1.1512414728387068
mock-ZIEL_1|SRR13005985|zOTU|weighted_jaccard	mock-ZIEL_1	SRR13005985	mock-ZIEL_1|SRR13005985	zOTU	UNOISE3	weighted_jaccard	Weighted Jaccard	0.5360899458031779	0.01228042199365409	0.0	0.1698857898399858	0.4564130703393218	0.4189171995754527	0.4061602660305138	-3.095044102445762	-0.07874361992868578	1.1492020902380977
mock-ZIEL_1|SRR13005985|zOTU|braycurtis	mock-ZIEL_1	SRR13005985	mock-ZIEL_1|SRR13005985	zOTU	UNOISE3	braycurtis	Bray-Curtis	0.3662041559631921	-0.15760536784633172	-0.1698857898399858	0.0	0.286527280499336	0.24903140973546692	0.23627447619052802	-1.0002781993588878	-0.07941946519311485	1.1774146487372597
mock-ZIEL_1|SRR13005985|zOTU|gunifrac_a0.0	mock-ZIEL_1	SRR13005985	mock-ZIEL_1|SRR13005985	zOTU	UNOISE3	gunifrac_a0.0	gUniFrac 0.0	0.0796768754638561	-0.44413264834566774	-0.4564130703393218	-0.286527280499336	0.0	-0.037495870763869094	-0.05025280430880799	2.5327281695643107	-0.0805593374910701	1.224997602381042
mock-ZIEL_1|SRR13005985|zOTU|gunifrac_a0.5	mock-ZIEL_1	SRR13005985	mock-ZIEL_1|SRR13005985	zOTU	UNOISE3	gunifrac_a0.5	gUniFrac 0.5	0.1171727462277252	-0.4066367775817986	-0.4189171995754527	-0.24903140973546692	0.037495870763869094	0.0	-0.012756933544938898	2.0703877251004967	-0.0804101701786365	1.218770745806404
mock-ZIEL_1|SRR13005985|zOTU|gunifrac_a1.0	mock-ZIEL_1	SRR13005985	mock-ZIEL_1|SRR13005985	zOTU	UNOISE3	gunifrac_a1.0	gUniFrac 1.0	0.1299296797726641	-0.3938798440368597	-0.4061602660305138	-0.23627447619052802	0.05025280430880799	0.012756933544938898	0.0	1.913089169152685	-0.080359420123948	1.2166522299832414
mock-ZIEL_2|SRR13005964|ASV|jaccard	mock-ZIEL_2	SRR13005964	mock-ZIEL_2|SRR13005964	ASV	DADA2	jaccard	Jaccard	0.3076923076923077	0.0	-0.0992667525261266	0.0522317918600933	0.2817874299794559	0.2390144181879252	0.1976205693494595	-1.3832322265693666	0.06902136918053688	0.41007555549307095
mock-ZIEL_2|SRR13005964|ASV|weighted_jaccard	mock-ZIEL_2	SRR13005964	mock-ZIEL_2|SRR13005964	ASV	DADA2	weighted_jaccard	Weighted Jaccard	0.4069590602184343	0.0992667525261266	0.0	0.1514985443862199	0.3810541825055825	0.33828117071405184	0.2968873218755861	-2.6072345913213013	0.06941627545653058	0.3935905447967511
mock-ZIEL_2|SRR13005964|ASV|braycurtis	mock-ZIEL_2	SRR13005964	mock-ZIEL_2|SRR13005964	ASV	DADA2	braycurtis	Bray-Curtis	0.2554605158322144	-0.0522317918600933	-0.1514985443862199	0.0	0.2295556381193626	0.1867826263278319	0.1453887774893662	-0.7391914462974583	0.06881357893972528	0.4187495739895969
mock-ZIEL_2|SRR13005964|ASV|gunifrac_a0.0	mock-ZIEL_2	SRR13005964	mock-ZIEL_2|SRR13005964	ASV	DADA2	gunifrac_a0.0	gUniFrac 0.0	0.0259048777128518	-0.2817874299794559	-0.3810541825055825	-0.2295556381193626	0.0	-0.0427730117915307	-0.0841668606299964	2.091329717636934	0.06790035311258638	0.4568713726129826
mock-ZIEL_2|SRR13005964|ASV|gunifrac_a0.5	mock-ZIEL_2	SRR13005964	mock-ZIEL_2|SRR13005964	ASV	DADA2	gunifrac_a0.5	gUniFrac 0.5	0.0686778895043825	-0.2390144181879252	-0.33828117071405184	-0.1867826263278319	0.0427730117915307	0.0	-0.0413938488384657	1.56391982209697	0.06807051412188485	0.4497681528646426
mock-ZIEL_2|SRR13005964|ASV|gunifrac_a1.0	mock-ZIEL_2	SRR13005964	mock-ZIEL_2|SRR13005964	ASV	DADA2	gunifrac_a1.0	gUniFrac 1.0	0.1100717383428482	-0.1976205693494595	-0.2968873218755861	-0.1453887774893662	0.0841668606299964	0.0413938488384657	0.0	1.0535156074418057	0.06823518849953843	0.44289396766668937
mock-ZIEL_2|SRR13005964|OTU|jaccard	mock-ZIEL_2	SRR13005964	mock-ZIEL_2|SRR13005964	OTU	UPARSE	jaccard	Jaccard	0.2380952380952381	0.0	-0.2257521760443025	-0.06385875944968769	0.1892160056504763	0.16068917766531202	0.1113765816019312	-0.34953787713916473	-0.2249220323392699	0.1582260239492153
mock-ZIEL_2|SRR13005964|OTU|weighted_jaccard	mock-ZIEL_2	SRR13005964	mock-ZIEL_2|SRR13005964	OTU	UPARSE	weighted_jaccard	Weighted Jaccard	0.4638474141395406	0.2257521760443025	0.0	0.16189341659461481	0.41496818169477884	0.3864413537096145	0.33712875764623373	-3.1331606943900336	-0.22402393757067357	0.12073585788552184
mock-ZIEL_2|SRR13005964|OTU|braycurtis	mock-ZIEL_2	SRR13005964	mock-ZIEL_2|SRR13005964	OTU	UPARSE	braycurtis	Bray-Curtis	0.3019539975449258	0.06385875944968769	-0.16189341659461481	0.0	0.253074765100164	0.2245479371149997	0.1752353410516189	-1.1369442401706382	-0.22466798731168378	0.1476211405840139
mock-ZIEL_2|SRR13005964|OTU|gunifrac_a0.0	mock-ZIEL_2	SRR13005964	mock-ZIEL_2|SRR13005964	OTU	UPARSE	gunifrac_a0.0	gUniFrac 0.0	0.0488792324447618	-0.1892160056504763	-0.41496818169477884	-0.253074765100164	0.0	-0.028526827985164295	-0.0778394240485451	1.9835780198893194	-0.22567477770716324	0.1896487087624653
mock-ZIEL_2|SRR13005964|OTU|gunifrac_a0.5	mock-ZIEL_2	SRR13005964	mock-ZIEL_2|SRR13005964	OTU	UPARSE	gunifrac_a0.5	gUniFrac 0.5	0.0774060604299261	-0.16068917766531202	-0.3864413537096145	-0.2245479371149997	0.028526827985164295	0.0	-0.049312596063380815	1.631829785720757	-0.22556129133716638	0.18491132134421806
mock-ZIEL_2|SRR13005964|OTU|gunifrac_a1.0	mock-ZIEL_2	SRR13005964	mock-ZIEL_2|SRR13005964	OTU	UPARSE	gunifrac_a1.0	gUniFrac 1.0	0.1267186564933069	-0.1113765816019312	-0.33712875764623373	-0.1752353410516189	0.0778394240485451	0.049312596063380815	0.0	1.0237839631504166	-0.225365114337563	0.17672208725645702
mock-ZIEL_2|SRR13005964|TAC|jaccard	mock-ZIEL_2	SRR13005964	mock-ZIEL_2|SRR13005964	TAC	TAC	jaccard	Jaccard	0.2380952380952381	0.0	-0.2174451532032177	-0.05685607609383089	0.1885455394998729	0.16008331161864292	0.11082483079892061	-0.3745420280356342	-0.1820539480013247	0.1475020934461792
mock-ZIEL_2|SRR13005964|TAC|weighted_jaccard	mock-ZIEL_2	SRR13005964	mock-ZIEL_2|SRR13005964	TAC	TAC	weighted_jaccard	Weighted Jaccard	0.4555403912984558	0.2174451532032177	0.0	0.1605890771093868	0.4059906927030906	0.3775284648218606	0.3282699840021383	-3.0557356296348686	-0.18118890050557088	0.11139145634767264
mock-ZIEL_2|SRR13005964|TAC|braycurtis	mock-ZIEL_2	SRR13005964	mock-ZIEL_2|SRR13005964	TAC	TAC	braycurtis	Bray-Curtis	0.294951314189069	0.05685607609383089	-0.1605890771093868	0.0	0.2454016155937038	0.21693938771247379	0.1676809068927515	-1.075602250299364	-0.18182776128012673	0.1380601302640864
mock-ZIEL_2|SRR13005964|TAC|gunifrac_a0.0	mock-ZIEL_2	SRR13005964	mock-ZIEL_2|SRR13005964	TAC	TAC	gunifrac_a0.0	gUniFrac 0.0	0.0495496985953652	-0.1885455394998729	-0.4059906927030906	-0.2454016155937038	0.0	-0.028462227881230005	-0.0777207087009523	1.950306728858405	-0.1828040260986168	0.1788134354242617
mock-ZIEL_2|SRR13005964|TAC|gunifrac_a0.5	mock-ZIEL_2	SRR13005964	mock-ZIEL_2|SRR13005964	TAC	TAC	gunifrac_a0.5	gUniFrac 0.5	0.0780119264765952	-0.16008331161864292	-0.3775284648218606	-0.21693938771247379	0.028462227881230005	0.0	-0.0492584808197223	1.599355042153788	-0.18269079672288838	0.17408677600282238
mock-ZIEL_2|SRR13005964|TAC|gunifrac_a1.0	mock-ZIEL_2	SRR13005964	mock-ZIEL_2|SRR13005964	TAC	TAC	gunifrac_a1.0	gUniFrac 1.0	0.1272704072963175	-0.11082483079892061	-0.3282699840021383	-0.1676809068927515	0.0777207087009523	0.0492584808197223	0.0	0.9919764841460686	-0.18249483500633537	0.16590652871424516
mock-ZIEL_2|SRR13005964|TIC|jaccard	mock-ZIEL_2	SRR13005964	mock-ZIEL_2|SRR13005964	TIC	TIC	jaccard	Jaccard	0.1428571428571429	0.0	-0.23535556024477722	-0.0903501980964524	0.0933055371336368	0.0652930064893521	0.016252131740579212	0.36270802527050977	0.05539008552783403	-0.2633681851853107
mock-ZIEL_2|SRR13005964|TIC|weighted_jaccard	mock-ZIEL_2	SRR13005964	mock-ZIEL_2|SRR13005964	TIC	TIC	weighted_jaccard	Weighted Jaccard	0.3782127031019201	0.23535556024477722	0.0	0.14500536214832482	0.32866109737841404	0.3006485667341293	0.25160769198535643	-2.5393287087437657	0.05632638479687936	-0.30245316408650663
mock-ZIEL_2|SRR13005964|TIC|braycurtis	mock-ZIEL_2	SRR13005964	mock-ZIEL_2|SRR13005964	TIC	TIC	braycurtis	Bray-Curtis	0.2332073409535953	0.0903501980964524	-0.14500536214832482	0.0	0.1836557352300892	0.1556432045858045	0.1066023298370316	-0.7513493334282855	0.05574951967227476	-0.2783724433496216
mock-ZIEL_2|SRR13005964|TIC|gunifrac_a0.0	mock-ZIEL_2	SRR13005964	mock-ZIEL_2|SRR13005964	TIC	TIC	gunifrac_a0.0	gUniFrac 0.0	0.0495516057235061	-0.0933055371336368	-0.32866109737841404	-0.1836557352300892	0.0	-0.028012530644284703	-0.07705340539305759	1.5132060035937382	0.05501889435595281	-0.2478731403839887
mock-ZIEL_2|SRR13005964|TIC|gunifrac_a0.5	mock-ZIEL_2	SRR13005964	mock-ZIEL_2|SRR13005964	TIC	TIC	gunifrac_a0.5	gUniFrac 0.5	0.0775641363677908	-0.0652930064893521	-0.3006485667341293	-0.1556432045858045	0.028012530644284703	0.0	-0.04904087474877289	1.167799280005534	0.05513033473126805	-0.25252511957692786
mock-ZIEL_2|SRR13005964|TIC|gunifrac_a1.0	mock-ZIEL_2	SRR13005964	mock-ZIEL_2|SRR13005964	TIC	TIC	gunifrac_a1.0	gUniFrac 1.0	0.1266050111165637	-0.016252131740579212	-0.25160769198535643	-0.1066023298370316	0.07705340539305759	0.04904087474877289	0.0	0.5631038997854257	0.055325430760157716	-0.2606692295051506
mock-ZIEL_2|SRR13005964|zOTU|jaccard	mock-ZIEL_2	SRR13005964	mock-ZIEL_2|SRR13005964	zOTU	UNOISE3	jaccard	Jaccard	0.3076923076923077	0.0	-0.11383359684302569	0.04064585710659452	0.2551415301450292	0.22920973331037742	0.1808510677173474	-1.2205330296852688	0.08274751595434993	0.3634183334376228
mock-ZIEL_2|SRR13005964|zOTU|weighted_jaccard	mock-ZIEL_2	SRR13005964	mock-ZIEL_2|SRR13005964	zOTU	UNOISE3	weighted_jaccard	Weighted Jaccard	0.4215259045353334	0.11383359684302569	0.0	0.1544794539496202	0.3689751269880549	0.3430433301534031	0.2946846645603731	-2.6241509397947986	0.08320037253188894	0.34451423902732253
mock-ZIEL_2|SRR13005964|zOTU|braycurtis	mock-ZIEL_2	SRR13005964	mock-ZIEL_2|SRR13005964	zOTU	UNOISE3	braycurtis	Bray-Curtis	0.2670464505857132	-0.04064585710659452	-0.1544794539496202	0.0	0.2144956730384347	0.1885638762037829	0.1402052106107529	-0.7193518794028844	0.08258581726212838	0.3701683012980813
mock-ZIEL_2|SRR13005964|zOTU|gunifrac_a0.0	mock-ZIEL_2	SRR13005964	mock-ZIEL_2|SRR13005964	zOTU	UNOISE3	gunifrac_a0.0	gUniFrac 0.0	0.0525507775472785	-0.2551415301450292	-0.3689751269880549	-0.2144956730384347	0.0	-0.025931796834651806	-0.07429046242768181	1.9254733450246153	0.08173250348585501	0.40578912472959755
mock-ZIEL_2|SRR13005964|zOTU|gunifrac_a0.5	mock-ZIEL_2	SRR13005964	mock-ZIEL_2|SRR13005964	zOTU	UNOISE3	gunifrac_a0.5	gUniFrac 0.5	0.0784825743819303	-0.22920973331037742	-0.3430433301534031	-0.1885638762037829	0.025931796834651806	0.0	-0.048358665593029995	1.605722977049935	0.08183566621715478	0.40148268841214657
mock-ZIEL_2|SRR13005964|zOTU|gunifrac_a1.0	mock-ZIEL_2	SRR13005964	mock-ZIEL_2|SRR13005964	zOTU	UNOISE3	gunifrac_a1.0	gUniFrac 1.0	0.1268412399749603	-0.1808510677173474	-0.2946846645603731	-0.1402052106107529	0.07429046242768181	0.048358665593029995	0.0	1.0094395333406443	0.082028048259031	0.39345187145405963
mock-ZIEL_2|SRR13005965|ASV|jaccard	mock-ZIEL_2	SRR13005965	mock-ZIEL_2|SRR13005965	ASV	DADA2	jaccard	Jaccard	0.3333333333333333	0.0	-0.053003375536972375	0.09391739631970841	0.264825583713933	0.2745072195656827	0.24462613396116473	-1.7286303062027806	0.2873450701096172	0.5576384890214586
mock-ZIEL_2|SRR13005965|ASV|weighted_jaccard	mock-ZIEL_2	SRR13005965	mock-ZIEL_2|SRR13005965	ASV	DADA2	weighted_jaccard	Weighted Jaccard	0.3863367088703057	0.053003375536972375	0.0	0.1469207718566808	0.3178289592509054	0.32751059510265507	0.2976295094981371	-2.3821850498216364	0.28755592989011575	0.5488363353251517
mock-ZIEL_2|SRR13005965|ASV|braycurtis	mock-ZIEL_2	SRR13005965	mock-ZIEL_2|SRR13005965	ASV	DADA2	braycurtis	Bray-Curtis	0.2394159370136249	-0.09391739631970841	-0.1469207718566808	0.0	0.1709081873942246	0.1805898232459743	0.15070873764145631	-0.5705878371856543	0.28697144481929837	0.5732351439285842
mock-ZIEL_2|SRR13005965|ASV|gunifrac_a0.0	mock-ZIEL_2	SRR13005965	mock-ZIEL_2|SRR13005965	ASV	DADA2	gunifrac_a0.0	gUniFrac 0.0	0.0685077496194003	-0.264825583713933	-0.3178289592509054	-0.1709081873942246	0.0	0.0096816358517497	-0.0201994497527683	1.5367846737760513	0.28629153221912573	0.6016174897350626
mock-ZIEL_2|SRR13005965|ASV|gunifrac_a0.5	mock-ZIEL_2	SRR13005965	mock-ZIEL_2|SRR13005965	ASV	DADA2	gunifrac_a0.5	gUniFrac 0.5	0.0588261137676506	-0.2745072195656827	-0.32751059510265507	-0.1805898232459743	-0.0096816358517497	0.0	-0.029881085604518	1.6561634675377372	0.28625301641537026	0.6032252976517363
mock-ZIEL_2|SRR13005965|ASV|gunifrac_a1.0	mock-ZIEL_2	SRR13005965	mock-ZIEL_2|SRR13005965	ASV	DADA2	gunifrac_a1.0	gUniFrac 1.0	0.0887071993721686	-0.24462613396116473	-0.2976295094981371	-0.15070873764145631	0.0201994497527683	0.029881085604518	0.0	1.287716646114232	0.2863718903377906	0.5982630116569494
mock-ZIEL_2|SRR13005965|OTU|jaccard	mock-ZIEL_2	SRR13005965	mock-ZIEL_2|SRR13005965	OTU	UPARSE	jaccard	Jaccard	0.2727272727272727	0.0	-0.18643408507438158	-0.02526717343132029	0.2002728715461417	0.1986532552976643	0.1561472419300309	-0.7245709360336478	-0.1043320248015609	0.3101645349412643
mock-ZIEL_2|SRR13005965|OTU|weighted_jaccard	mock-ZIEL_2	SRR13005965	mock-ZIEL_2|SRR13005965	OTU	UPARSE	weighted_jaccard	Weighted Jaccard	0.4591613578016543	0.18643408507438158	0.0	0.1611669116430613	0.3867069566205233	0.3850873403720459	0.34258132700441246	-3.0233845387184557	-0.10359034656205533	0.2792038375436014
mock-ZIEL_2|SRR13005965|OTU|braycurtis	mock-ZIEL_2	SRR13005965	mock-ZIEL_2|SRR13005965	OTU	UPARSE	braycurtis	Bray-Curtis	0.297994446158593	0.02526717343132029	-0.1611669116430613	0.0	0.225540044977462	0.2239204287289846	0.1814144153613512	-1.036126207496703	-0.10423150609705296	0.30596847116682524
mock-ZIEL_2|SRR13005965|OTU|gunifrac_a0.0	mock-ZIEL_2	SRR13005965	mock-ZIEL_2|SRR13005965	OTU	UPARSE	gunifrac_a0.0	gUniFrac 0.0	0.072454401181131	-0.2002728715461417	-0.3867069566205233	-0.225540044977462	0.0	-0.0016196162484773957	-0.0441256296161108	1.744880941155741	-0.10512875695882681	0.3434234090920242
mock-ZIEL_2|SRR13005965|OTU|gunifrac_a0.5	mock-ZIEL_2	SRR13005965	mock-ZIEL_2|SRR13005965	OTU	UPARSE	gunifrac_a0.5	gUniFrac 0.5	0.0740740174296084	-0.1986532552976643	-0.3850873403720459	-0.2239204287289846	0.0016196162484773957	0.0	-0.042506013367633405	1.7249103662383718	-0.1051223137479336	0.34315444299309933
mock-ZIEL_2|SRR13005965|OTU|gunifrac_a1.0	mock-ZIEL_2	SRR13005965	mock-ZIEL_2|SRR13005965	OTU	UPARSE	gunifrac_a1.0	gUniFrac 1.0	0.1165800307972418	-0.1561472419300309	-0.34258132700441246	-0.1814144153613512	0.0441256296161108	0.042506013367633405	0.0	1.2007926777457698	-0.10495321492058987	0.33609556308424915
mock-ZIEL_2|SRR13005965|TAC|jaccard	mock-ZIEL_2	SRR13005965	mock-ZIEL_2|SRR13005965	TAC	TAC	jaccard	Jaccard	0.2727272727272727	0.0	-0.1780877772600754	-0.01827416643831331	0.1996737226905208	0.1980358119350068	0.15556187656136222	-0.7496389931006677	-0.061537830311229245	0.299312457848249
mock-ZIEL_2|SRR13005965|TAC|weighted_jaccard	mock-ZIEL_2	SRR13005965	mock-ZIEL_2|SRR13005965	TAC	TAC	weighted_jaccard	Weighted Jaccard	0.4508150499873481	0.1780877772600754	0.0	0.1598136108217621	0.3777614999505962	0.3761235891950822	0.33364965382143763	-2.945538979275561	-0.06082935562934314	0.26973781338464764
mock-ZIEL_2|SRR13005965|TAC|braycurtis	mock-ZIEL_2	SRR13005965	mock-ZIEL_2|SRR13005965	TAC	TAC	braycurtis	Bray-Curtis	0.291001439165586	0.01827416643831331	-0.1598136108217621	0.0	0.21794788912883412	0.2163099783733201	0.17383604299967553	-0.9749674375713265	-0.06146513141828293	0.29627770732467745
mock-ZIEL_2|SRR13005965|TAC|gunifrac_a0.0	mock-ZIEL_2	SRR13005965	mock-ZIEL_2|SRR13005965	TAC	TAC	gunifrac_a0.0	gUniFrac 0.0	0.0730535500367519	-0.1996737226905208	-0.3777614999505962	-0.21794788912883412	0.0	-0.0016379107555140049	-0.0441118461291586	1.7124251173142884	-0.06233217891471411	0.3324718326697543
mock-ZIEL_2|SRR13005965|TAC|gunifrac_a0.5	mock-ZIEL_2	SRR13005965	mock-ZIEL_2|SRR13005965	TAC	TAC	gunifrac_a0.5	gUniFrac 0.5	0.0746914607922659	-0.1980358119350068	-0.3761235891950822	-0.2163099783733201	0.0016379107555140049	0.0	-0.04247393537364459	1.6922289631439977	-0.0623256629240085	0.3321998284423874
mock-ZIEL_2|SRR13005965|TAC|gunifrac_a1.0	mock-ZIEL_2	SRR13005965	mock-ZIEL_2|SRR13005965	TAC	TAC	gunifrac_a1.0	gUniFrac 1.0	0.1171653961659105	-0.15556187656136222	-0.33364965382143763	-0.17383604299967553	0.0441118461291586	0.04247393537364459	0.0	1.1685068103116203	-0.062156691710399704	0.325146275655263
mock-ZIEL_2|SRR13005965|TIC|jaccard	mock-ZIEL_2	SRR13005965	mock-ZIEL_2|SRR13005965	TIC	TIC	jaccard	Jaccard	0.1818181818181817	0.0	-0.1937462538372926	-0.049378699054725084	0.10876281790703832	0.10758671687060851	0.06536476806508171	-0.05054772576455001	0.17112558742364253	-0.09386279480382569
mock-ZIEL_2|SRR13005965|TIC|weighted_jaccard	mock-ZIEL_2	SRR13005965	mock-ZIEL_2|SRR13005965	TIC	TIC	weighted_jaccard	Weighted Jaccard	0.3755644356554743	0.1937462538372926	0.0	0.14436755478256752	0.30250907174433095	0.3013329707079011	0.25911102190237434	-2.439523559302158	0.1718963551746129	-0.12603780794369354
mock-ZIEL_2|SRR13005965|TIC|braycurtis	mock-ZIEL_2	SRR13005965	mock-ZIEL_2|SRR13005965	TIC	TIC	braycurtis	Bray-Curtis	0.2311968808729068	0.049378699054725084	-0.14436755478256752	0.0	0.1581415169617634	0.15696541592533358	0.11474346711980679	-0.6594086270562508	0.1713220273963522	-0.10206300646959296
mock-ZIEL_2|SRR13005965|TIC|gunifrac_a0.0	mock-ZIEL_2	SRR13005965	mock-ZIEL_2|SRR13005965	TIC	TIC	gunifrac_a0.0	gUniFrac 0.0	0.0730553639111434	-0.10876281790703832	-0.30250907174433095	-0.1581415169617634	0.0	-0.0011761010364298025	-0.04339804984195661	1.29054526788668	0.1706929035864741	-0.07580079346971666
mock-ZIEL_2|SRR13005965|TIC|gunifrac_a0.5	mock-ZIEL_2	SRR13005965	mock-ZIEL_2|SRR13005965	TIC	TIC	gunifrac_a0.5	gUniFrac 0.5	0.0742314649475732	-0.10758671687060851	-0.3013329707079011	-0.15696541592533358	0.0011761010364298025	0.0	-0.04222194880552681	1.2760434290217648	0.17069758239049151	-0.07599610597538507
mock-ZIEL_2|SRR13005965|TIC|gunifrac_a1.0	mock-ZIEL_2	SRR13005965	mock-ZIEL_2|SRR13005965	TIC	TIC	gunifrac_a1.0	gUniFrac 1.0	0.1164534137531	-0.06536476806508171	-0.25911102190237434	-0.11474346711980679	0.04339804984195661	0.04222194880552681	0.0	0.7554283805059193	0.1708655511428055	-0.08300781190880413
mock-ZIEL_2|SRR13005965|zOTU|jaccard	mock-ZIEL_2	SRR13005965	mock-ZIEL_2|SRR13005965	zOTU	UNOISE3	jaccard	Jaccard	0.3333333333333333	0.0	-0.08077052927856126	0.0722166984861714	0.2574250746906418	0.2581982739268007	0.2166444530166392	-1.5101606171213493	0.20306131301597477	0.48081147776146915
mock-ZIEL_2|SRR13005965|zOTU|weighted_jaccard	mock-ZIEL_2	SRR13005965	mock-ZIEL_2|SRR13005965	zOTU	UNOISE3	weighted_jaccard	Weighted Jaccard	0.4141038626118946	0.08077052927856126	0.0	0.15298722776473267	0.33819560396920306	0.338968803205362	0.29741498229520047	-2.5060964800700636	0.20338263700528503	0.4673980940733683
mock-ZIEL_2|SRR13005965|zOTU|braycurtis	mock-ZIEL_2	SRR13005965	mock-ZIEL_2|SRR13005965	zOTU	UNOISE3	braycurtis	Bray-Curtis	0.2611166348471619	-0.0722166984861714	-0.15298722776473267	0.0	0.1852083762044704	0.18598157544062932	0.1444277545304678	-0.6196972195362771	0.20277401815905713	0.4928043456321514
mock-ZIEL_2|SRR13005965|zOTU|gunifrac_a0.0	mock-ZIEL_2	SRR13005965	mock-ZIEL_2|SRR13005965	zOTU	UNOISE3	gunifrac_a0.0	gUniFrac 0.0	0.0759082586426915	-0.2574250746906418	-0.33819560396920306	-0.1852083762044704	0.0	0.0007731992361589002	-0.04078062167400259	1.6640028580548816	0.20203721607509068	0.5235614922606294
mock-ZIEL_2|SRR13005965|zOTU|gunifrac_a0.5	mock-ZIEL_2	SRR13005965	mock-ZIEL_2|SRR13005965	zOTU	UNOISE3	gunifrac_a0.5	gUniFrac 0.5	0.0751350594065326	-0.2581982739268007	-0.338968803205362	-0.18598157544062932	-0.0007731992361589002	0.0	-0.04155382091016149	1.6735367419525524	0.20203414010833304	0.5236898957527768
mock-ZIEL_2|SRR13005965|zOTU|gunifrac_a1.0	mock-ZIEL_2	SRR13005965	mock-ZIEL_2|SRR13005965	zOTU	UNOISE3	gunifrac_a1.0	gUniFrac 1.0	0.1166888803166941	-0.2166444530166392	-0.29741498229520047	-0.1444277545304678	0.04078062167400259	0.04155382091016149	0.0	1.1611600018639776	0.20219945089216895	0.5167891443456352
mock-ZIEL_2|SRR13005966|ASV|jaccard	mock-ZIEL_2	SRR13005966	mock-ZIEL_2|SRR13005966	ASV	DADA2	jaccard	Jaccard	0.5135135135135135	0.0	0.11547894161811251	0.2650471203489966	0.1561406210955571	0.4410411317860291	0.4178419527974448	-3.0390128122598843	1.2081603013384525	1.1808879543063502
mock-ZIEL_2|SRR13005966|ASV|weighted_jaccard	mock-ZIEL_2	SRR13005966	mock-ZIEL_2|SRR13005966	ASV	DADA2	weighted_jaccard	Weighted Jaccard	0.398034571895401	-0.11547894161811251	0.0	0.14956817873088407	0.04066167947744459	0.3255621901679166	0.3023630111793323	-1.6151070832755652	1.2077008991959468	1.2000652874952595
mock-ZIEL_2|SRR13005966|ASV|braycurtis	mock-ZIEL_2	SRR13005966	mock-ZIEL_2|SRR13005966	ASV	DADA2	braycurtis	Bray-Curtis	0.2484663931645169	-0.2650471203489966	-0.14956817873088407	0.0	-0.10890649925343948	0.17599401143703253	0.15279483244844821	0.22913381107683445	1.2071058821235972	1.224903745120424
mock-ZIEL_2|SRR13005966|ASV|gunifrac_a0.0	mock-ZIEL_2	SRR13005966	mock-ZIEL_2|SRR13005966	ASV	DADA2	gunifrac_a0.0	gUniFrac 0.0	0.3573728924179564	-0.1561406210955571	-0.04066167947744459	0.10890649925343948	0.0	0.284900510690472	0.2617013317018877	-1.1137308362579337	1.2075391375586462	1.2068178829419547
mock-ZIEL_2|SRR13005966|ASV|gunifrac_a0.5	mock-ZIEL_2	SRR13005966	mock-ZIEL_2|SRR13005966	ASV	DADA2	gunifrac_a0.5	gUniFrac 0.5	0.0724723817274844	-0.4410411317860291	-0.3255621901679166	-0.17599401143703253	-0.284900510690472	0.0	-0.0231991789885843	2.399216751227514	1.2064057369301144	1.2541306825108083
mock-ZIEL_2|SRR13005966|ASV|gunifrac_a1.0	mock-ZIEL_2	SRR13005966	mock-ZIEL_2|SRR13005966	ASV	DADA2	gunifrac_a1.0	gUniFrac 1.0	0.0956715607160687	-0.4178419527974448	-0.3023630111793323	-0.15279483244844821	-0.2617013317018877	0.0231991789885843	0.0	2.1131607534264703	1.2064980286707758	1.2502780460132874
mock-ZIEL_2|SRR13005966|OTU|jaccard	mock-ZIEL_2	SRR13005966	mock-ZIEL_2|SRR13005966	OTU	UPARSE	jaccard	Jaccard	0.2727272727272727	0.0	-0.1953487595782335	-0.03282054960358921	0.2002728715461417	0.1971003540252233	0.1520890843087842	-0.6790810706431721	-0.1445930056491212	0.30573292175955447
mock-ZIEL_2|SRR13005966|OTU|weighted_jaccard	mock-ZIEL_2	SRR13005966	mock-ZIEL_2|SRR13005966	OTU	UPARSE	weighted_jaccard	Weighted Jaccard	0.4680760323055062	0.1953487595782335	0.0	0.1625282099746443	0.3956216311243752	0.3924491136034568	0.3474378438870177	-3.0878164990755956	-0.1438158627568449	0.27329178402501675
mock-ZIEL_2|SRR13005966|OTU|braycurtis	mock-ZIEL_2	SRR13005966	mock-ZIEL_2|SRR13005966	OTU	UPARSE	braycurtis	Bray-Curtis	0.3055478223308619	0.03282054960358921	-0.1625282099746443	0.0	0.23309342114973092	0.2299209036288125	0.18490963391237342	-1.0837727655455331	-0.14446243785386054	0.3002824854603324
mock-ZIEL_2|SRR13005966|OTU|gunifrac_a0.0	mock-ZIEL_2	SRR13005966	mock-ZIEL_2|SRR13005966	OTU	UPARSE	gunifrac_a0.0	gUniFrac 0.0	0.072454401181131	-0.2002728715461417	-0.3956216311243752	-0.23309342114973092	0.0	-0.0031725175209184053	-0.0481837872373575	1.7903708065462167	-0.14538973780638784	0.3389917959103139
mock-ZIEL_2|SRR13005966|OTU|gunifrac_a0.5	mock-ZIEL_2	SRR13005966	mock-ZIEL_2|SRR13005966	OTU	UPARSE	gunifrac_a0.5	gUniFrac 0.5	0.0756269187020494	-0.1971003540252233	-0.3924491136034568	-0.2299209036288125	0.0031725175209184053	0.0	-0.045011269716439095	1.7512522814710763	-0.14537711679232382	0.33846494292141555
mock-ZIEL_2|SRR13005966|OTU|gunifrac_a1.0	mock-ZIEL_2	SRR13005966	mock-ZIEL_2|SRR13005966	OTU	UPARSE	gunifrac_a1.0	gUniFrac 1.0	0.1206381884184885	-0.1520890843087842	-0.3474378438870177	-0.18490963391237342	0.0481837872373575	0.045011269716439095	0.0	1.1962436892547839	-0.14519805147136547	0.3309900206151262
mock-ZIEL_2|SRR13005966|TAC|jaccard	mock-ZIEL_2	SRR13005966	mock-ZIEL_2|SRR13005966	TAC	TAC	jaccard	Jaccard	0.2727272727272727	0.0	-0.18709691033744857	-0.025825774274661872	0.1996737226905208	0.196467168075597	0.1514867380933419	-0.7038922138448296	-0.10201995013406183	0.29485860516112433
mock-ZIEL_2|SRR13005966|TAC|weighted_jaccard	mock-ZIEL_2	SRR13005966	mock-ZIEL_2|SRR13005966	TAC	TAC	weighted_jaccard	Weighted Jaccard	0.4598241830647213	0.18709691033744857	0.0	0.1612711360627867	0.3867706330279694	0.3835640784130456	0.3385836484307905	-3.010878741187345	-0.10127563502118538	0.2637878338336371
mock-ZIEL_2|SRR13005966|TAC|braycurtis	mock-ZIEL_2	SRR13005966	mock-ZIEL_2|SRR13005966	TAC	TAC	braycurtis	Bray-Curtis	0.2985530470019346	0.025825774274661872	-0.1612711360627867	0.0	0.22549949696518268	0.22229294235025887	0.17731251236800377	-1.0223352774014416	-0.10191720918521498	0.2905697757764168
mock-ZIEL_2|SRR13005966|TAC|gunifrac_a0.0	mock-ZIEL_2	SRR13005966	mock-ZIEL_2|SRR13005966	TAC	TAC	gunifrac_a0.0	gUniFrac 0.0	0.0730535500367519	-0.1996737226905208	-0.3867706330279694	-0.22549949696518268	0.0	-0.003206554614923793	-0.04818698459717889	1.7581718965701267	-0.10281429873754613	0.32801797998263116
mock-ZIEL_2|SRR13005966|TAC|gunifrac_a0.5	mock-ZIEL_2	SRR13005966	mock-ZIEL_2|SRR13005966	TAC	TAC	gunifrac_a0.5	gUniFrac 0.5	0.0762601046516757	-0.196467168075597	-0.3835640784130456	-0.22229294235025887	0.003206554614923793	0.0	-0.0449804299822551	1.7186336792768797	-0.1028015423159907	0.32748547452858734
mock-ZIEL_2|SRR13005966|TAC|gunifrac_a1.0	mock-ZIEL_2	SRR13005966	mock-ZIEL_2|SRR13005966	TAC	TAC	gunifrac_a1.0	gUniFrac 1.0	0.1212405346339308	-0.1514867380933419	-0.3385836484307905	-0.17731251236800377	0.04818698459717889	0.0449804299822551	0.0	1.1640053544372158	-0.10262259968268227	0.32001567370894773
mock-ZIEL_2|SRR13005966|TIC|jaccard	mock-ZIEL_2	SRR13005966	mock-ZIEL_2|SRR13005966	TIC	TIC	jaccard	Jaccard	0.1818181818181817	0.0	-0.20005235578538327	-0.05417686460907889	0.10876281790703832	0.10604020540828991	0.06132110393717931	-0.01530093842350797	0.1449889118604996	-0.10103229569204507
mock-ZIEL_2|SRR13005966|TIC|weighted_jaccard	mock-ZIEL_2	SRR13005966	mock-ZIEL_2|SRR13005966	TIC	TIC	weighted_jaccard	Weighted Jaccard	0.381870537603565	0.20005235578538327	0.0	0.14587549117630438	0.3088151736924216	0.3060925611936732	0.2613734597225626	-2.4820337600805593	0.14578476675467583	-0.13425454927668254
mock-ZIEL_2|SRR13005966|TIC|braycurtis	mock-ZIEL_2	SRR13005966	mock-ZIEL_2|SRR13005966	TIC	TIC	braycurtis	Bray-Curtis	0.2359950464272606	0.05417686460907889	-0.14587549117630438	0.0	0.1629396825161172	0.1602170700173688	0.1154979685462582	-0.6833253142476764	0.1452044400540117	-0.11002932813086459
mock-ZIEL_2|SRR13005966|TIC|gunifrac_a0.0	mock-ZIEL_2	SRR13005966	mock-ZIEL_2|SRR13005966	TIC	TIC	gunifrac_a0.0	gUniFrac 0.0	0.0730553639111434	-0.10876281790703832	-0.3088151736924216	-0.1629396825161172	0.0	-0.002722612498748403	-0.04744171396985901	1.3257920552277225	0.14455622802333074	-0.08297029435793661
mock-ZIEL_2|SRR13005966|TIC|gunifrac_a0.5	mock-ZIEL_2	SRR13005966	mock-ZIEL_2|SRR13005966	TIC	TIC	gunifrac_a0.5	gUniFrac 0.5	0.0757779764098918	-0.10604020540828991	-0.3060925611936732	-0.1602170700173688	0.002722612498748403	0.0	-0.044719101471110606	1.2922210553514635	0.1445670592103651	-0.0834224326118994
mock-ZIEL_2|SRR13005966|TIC|gunifrac_a1.0	mock-ZIEL_2	SRR13005966	mock-ZIEL_2|SRR13005966	TIC	TIC	gunifrac_a1.0	gUniFrac 1.0	0.1204970778810024	-0.06132110393717931	-0.2613734597225626	-0.1154979685462582	0.04744171396985901	0.044719101471110606	0.0	0.7408150250613651	0.14474496221795163	-0.09084883518195638
mock-ZIEL_2|SRR13005966|zOTU|jaccard	mock-ZIEL_2	SRR13005966	mock-ZIEL_2|SRR13005966	zOTU	UNOISE3	jaccard	Jaccard	0.3333333333333333	0.0	-0.08694686466569046	0.06728602705365683	0.2574250746906418	0.25663221318622353	0.2125885801756411	-1.4748257963388458	0.17694327617114464	0.47355313846437735
mock-ZIEL_2|SRR13005966|zOTU|weighted_jaccard	mock-ZIEL_2	SRR13005966	mock-ZIEL_2|SRR13005966	zOTU	UNOISE3	weighted_jaccard	Weighted Jaccard	0.4202801979990238	0.08694686466569046	0.0	0.1542328917193473	0.34437193935633226	0.343579077851914	0.29953544484133154	-2.5469185690983993	0.1772891710620385	0.4591140643781337
mock-ZIEL_2|SRR13005966|zOTU|braycurtis	mock-ZIEL_2	SRR13005966	mock-ZIEL_2|SRR13005966	zOTU	UNOISE3	braycurtis	Bray-Curtis	0.2660473062796765	-0.06728602705365683	-0.1542328917193473	0.0	0.19013904763698497	0.1893461861325667	0.14530255312198428	-0.6451597285709668	0.17667559667429372	0.48472718060301356
mock-ZIEL_2|SRR13005966|zOTU|gunifrac_a0.0	mock-ZIEL_2	SRR13005966	mock-ZIEL_2|SRR13005966	zOTU	UNOISE3	gunifrac_a0.0	gUniFrac 0.0	0.0759082586426915	-0.2574250746906418	-0.34437193935633226	-0.19013904763698497	0.0	-0.0007928615044182907	-0.0448364945150007	1.699337678837386	0.17591917923025982	0.5163031529635391
mock-ZIEL_2|SRR13005966|zOTU|gunifrac_a0.5	mock-ZIEL_2	SRR13005966	mock-ZIEL_2|SRR13005966	zOTU	UNOISE3	gunifrac_a0.5	gUniFrac 0.5	0.0767011201471098	-0.25663221318622353	-0.343579077851914	-0.1893461861325667	0.0007928615044182907	0.0	-0.04404363301058241	1.689561350594218	0.17592233341810373	0.5161714842018578
mock-ZIEL_2|SRR13005966|zOTU|gunifrac_a1.0	mock-ZIEL_2	SRR13005966	mock-ZIEL_2|SRR13005966	zOTU	UNOISE3	gunifrac_a1.0	gUniFrac 1.0	0.1207447531576922	-0.2125885801756411	-0.29953544484133154	-0.14530255312198428	0.0448364945150007	0.04404363301058241	0.0	1.1464841411022433	0.17609754925473411	0.5088572551895497
mock-ZYMO|SRR13006002|ASV|jaccard	mock-ZYMO	SRR13006002	mock-ZYMO|SRR13006002	ASV	DADA2	jaccard	Jaccard	0.4545454545454546	0.0	-0.07852619641684466	0.09115234723248178	-0.06217588707055566	-0.008191978281140988	0.06777040049430216	0.03556419689750766	1.3937121687732077	-0.4807631122540079
mock-ZYMO|SRR13006002|ASV|weighted_jaccard	mock-ZYMO	SRR13006002	mock-ZYMO|SRR13006002	ASV	DADA2	weighted_jaccard	Weighted Jaccard	0.5330716509622992	0.07852619641684466	0.0	0.16967854364932644	0.016350309346289005	0.07033421813570367	0.14629659691114683	-0.9326980627537823	1.3940245642833444	-0.4938037845327995
mock-ZYMO|SRR13006002|ASV|braycurtis	mock-ZYMO	SRR13006002	mock-ZYMO|SRR13006002	ASV	DADA2	braycurtis	Bray-Curtis	0.3633931073129728	-0.09115234723248178	-0.16967854364932644	0.0	-0.15332823430303744	-0.09934432551362277	-0.023381946738179615	1.1595124043890563	1.3933495434925605	-0.4656256429515163
mock-ZYMO|SRR13006002|ASV|gunifrac_a0.0	mock-ZYMO	SRR13006002	mock-ZYMO|SRR13006002	ASV	DADA2	gunifrac_a0.0	gUniFrac 0.0	0.5167213416160102	0.06217588707055566	-0.016350309346289005	0.15332823430303744	0.0	0.05398390878941467	0.12994628756485782	-0.7310916155295105	1.3939595189422707	-0.49108852471415293
mock-ZYMO|SRR13006002|ASV|gunifrac_a0.5	mock-ZYMO	SRR13006002	mock-ZYMO|SRR13006002	ASV	DADA2	gunifrac_a0.5	gUniFrac 0.5	0.4627374328265956	0.008191978281140988	-0.07033421813570367	0.09934432551362277	-0.05398390878941467	0.0	0.07596237877544315	-0.06544646914069045	1.3937447583719786	-0.48212353602281166
mock-ZYMO|SRR13006002|ASV|gunifrac_a1.0	mock-ZYMO	SRR13006002	mock-ZYMO|SRR13006002	ASV	DADA2	gunifrac_a1.0	gUniFrac 1.0	0.3867750540511524	-0.06777040049430216	-0.14629659691114683	0.023381946738179615	-0.12994628756485782	-0.07596237877544315	0.0	0.8712028005012583	1.3934425623259263	-0.4695086312861885
mock-ZYMO|SRR13006002|OTU|jaccard	mock-ZYMO	SRR13006002	mock-ZYMO|SRR13006002	OTU	UPARSE	jaccard	Jaccard	0.3	0.0	-0.09037215212127508	0.05747676543013738	-0.2515567807814321	-0.1511199092577516	-0.0695830140659589	1.1519306155953462	1.9475118537142921	-1.1019046013162592
mock-ZYMO|SRR13006002|OTU|weighted_jaccard	mock-ZYMO	SRR13006002	mock-ZYMO|SRR13006002	OTU	UPARSE	weighted_jaccard	Weighted Jaccard	0.3903721521212751	0.09037215212127508	0.0	0.14784891755141247	-0.16118462866015704	-0.06074775713647651	0.02078913805531618	0.03760255419282795	1.9478713751969596	-1.116912505337061
mock-ZYMO|SRR13006002|OTU|braycurtis	mock-ZYMO	SRR13006002	mock-ZYMO|SRR13006002	OTU	UPARSE	braycurtis	Bray-Curtis	0.2425232345698626	-0.05747676543013738	-0.14784891755141247	0.0	-0.30903354621156953	-0.20859667468788898	-0.1270597794960963	1.8606442081576118	1.947283197746261	-1.092359561624784
mock-ZYMO|SRR13006002|OTU|gunifrac_a0.0	mock-ZYMO	SRR13006002	mock-ZYMO|SRR13006002	OTU	UPARSE	gunifrac_a0.0	gUniFrac 0.0	0.5515567807814321	0.2515567807814321	0.16118462866015704	0.30903354621156953	0.0	0.10043687152368053	0.18197376671547322	-1.9498742355789405	1.9485126052143802	-1.1436800811862458
mock-ZYMO|SRR13006002|OTU|gunifrac_a0.5	mock-ZYMO	SRR13006002	mock-ZYMO|SRR13006002	OTU	UPARSE	gunifrac_a0.5	gUniFrac 0.5	0.4511199092577516	0.1511199092577516	0.06074775713647651	0.20859667468788898	-0.10043687152368053	0.0	0.08153689519179269	-0.7114437931111541	1.9481130439323142	-1.1270007514082596
mock-ZYMO|SRR13006002|OTU|gunifrac_a1.0	mock-ZYMO	SRR13006002	mock-ZYMO|SRR13006002	OTU	UPARSE	gunifrac_a1.0	gUniFrac 1.0	0.3695830140659589	0.0695830140659589	-0.02078913805531618	0.1270597794960963	-0.18197376671547322	-0.08153689519179269	0.0	0.29394169588242997	1.9477886711607992	-1.113460099022883
mock-ZYMO|SRR13006002|TAC|jaccard	mock-ZYMO	SRR13006002	mock-ZYMO|SRR13006002	TAC	TAC	jaccard	Jaccard	0.3	0.0	-0.09037215212127508	0.05747676543013738	-0.2515567807814321	-0.1511199092577516	-0.0695830140659589	1.1519306155953468	1.9475118537142917	-1.1019046013162597
mock-ZYMO|SRR13006002|TAC|weighted_jaccard	mock-ZYMO	SRR13006002	mock-ZYMO|SRR13006002	TAC	TAC	weighted_jaccard	Weighted Jaccard	0.3903721521212751	0.09037215212127508	0.0	0.14784891755141247	-0.16118462866015704	-0.06074775713647651	0.02078913805531618	0.037602554192827944	1.9478713751969596	-1.1169125053370608
mock-ZYMO|SRR13006002|TAC|braycurtis	mock-ZYMO	SRR13006002	mock-ZYMO|SRR13006002	TAC	TAC	braycurtis	Bray-Curtis	0.2425232345698626	-0.05747676543013738	-0.14784891755141247	0.0	-0.30903354621156953	-0.20859667468788898	-0.1270597794960963	1.8606442081576116	1.9472831977462615	-1.0923595616247845
mock-ZYMO|SRR13006002|TAC|gunifrac_a0.0	mock-ZYMO	SRR13006002	mock-ZYMO|SRR13006002	TAC	TAC	gunifrac_a0.0	gUniFrac 0.0	0.5515567807814321	0.2515567807814321	0.16118462866015704	0.30903354621156953	0.0	0.10043687152368053	0.18197376671547322	-1.94987423557894	1.9485126052143797	-1.1436800811862455
mock-ZYMO|SRR13006002|TAC|gunifrac_a0.5	mock-ZYMO	SRR13006002	mock-ZYMO|SRR13006002	TAC	TAC	gunifrac_a0.5	gUniFrac 0.5	0.4511199092577516	0.1511199092577516	0.06074775713647651	0.20859667468788898	-0.10043687152368053	0.0	0.08153689519179269	-0.7114437931111538	1.9481130439323147	-1.1270007514082598
mock-ZYMO|SRR13006002|TAC|gunifrac_a1.0	mock-ZYMO	SRR13006002	mock-ZYMO|SRR13006002	TAC	TAC	gunifrac_a1.0	gUniFrac 1.0	0.3695830140659589	0.0695830140659589	-0.02078913805531618	0.1270597794960963	-0.18197376671547322	-0.08153689519179269	0.0	0.2939416958824299	1.9477886711607992	-1.113460099022883
mock-ZYMO|SRR13006002|TIC|jaccard	mock-ZYMO	SRR13006002	mock-ZYMO|SRR13006002	TIC	TIC	jaccard	Jaccard	0.3	0.0	-0.09037215212127508	0.05747676543013738	-0.2515567807814321	-0.1511199092577516	-0.0695830140659589	1.1519306155953464	1.9475118537142921	-1.101904601316259
mock-ZYMO|SRR13006002|TIC|weighted_jaccard	mock-ZYMO	SRR13006002	mock-ZYMO|SRR13006002	TIC	TIC	weighted_jaccard	Weighted Jaccard	0.3903721521212751	0.09037215212127508	0.0	0.14784891755141247	-0.16118462866015704	-0.06074775713647651	0.02078913805531618	0.03760255419282797	1.94787137519696	-1.1169125053370608
mock-ZYMO|SRR13006002|TIC|braycurtis	mock-ZYMO	SRR13006002	mock-ZYMO|SRR13006002	TIC	TIC	braycurtis	Bray-Curtis	0.2425232345698626	-0.05747676543013738	-0.14784891755141247	0.0	-0.30903354621156953	-0.20859667468788898	-0.1270597794960963	1.8606442081576116	1.9472831977462615	-1.0923595616247845
mock-ZYMO|SRR13006002|TIC|gunifrac_a0.0	mock-ZYMO	SRR13006002	mock-ZYMO|SRR13006002	TIC	TIC	gunifrac_a0.0	gUniFrac 0.0	0.5515567807814321	0.2515567807814321	0.16118462866015704	0.30903354621156953	0.0	0.10043687152368053	0.18197376671547322	-1.94987423557894	1.9485126052143802	-1.1436800811862458
mock-ZYMO|SRR13006002|TIC|gunifrac_a0.5	mock-ZYMO	SRR13006002	mock-ZYMO|SRR13006002	TIC	TIC	gunifrac_a0.5	gUniFrac 0.5	0.4511199092577516	0.1511199092577516	0.06074775713647651	0.20859667468788898	-0.10043687152368053	0.0	0.08153689519179269	-0.7114437931111539	1.9481130439323138	-1.1270007514082594
mock-ZYMO|SRR13006002|TIC|gunifrac_a1.0	mock-ZYMO	SRR13006002	mock-ZYMO|SRR13006002	TIC	TIC	gunifrac_a1.0	gUniFrac 1.0	0.3695830140659589	0.0695830140659589	-0.02078913805531618	0.1270597794960963	-0.18197376671547322	-0.08153689519179269	0.0	0.2939416958824299	1.9477886711607992	-1.113460099022883
mock-ZYMO|SRR13006002|zOTU|jaccard	mock-ZYMO	SRR13006002	mock-ZYMO|SRR13006002	zOTU	UNOISE3	jaccard	Jaccard	0.5	0.0	-0.03750199671812149	0.13247676543013742	-0.05241551589260851	0.048411515953554696	0.1302005464395406	-0.4366878719983688	1.502589320618503	-0.24619891718836498
mock-ZYMO|SRR13006002|zOTU|weighted_jaccard	mock-ZYMO	SRR13006002	mock-ZYMO|SRR13006002	zOTU	UNOISE3	weighted_jaccard	Weighted Jaccard	0.5375019967181215	0.03750199671812149	0.0	0.1699787621482589	-0.014913519174487022	0.08591351267167618	0.1677025431576621	-0.899103852150622	1.5027385123014112	-0.2524267910867167
mock-ZYMO|SRR13006002|zOTU|braycurtis	mock-ZYMO	SRR13006002	mock-ZYMO|SRR13006002	zOTU	UNOISE3	braycurtis	Bray-Curtis	0.3675232345698626	-0.13247676543013742	-0.1699787621482589	0.0	-0.18489228132274593	-0.08406524947658273	-0.0022762189905968233	1.19680844005735	1.5020622971714745	-0.22419879288133643
mock-ZYMO|SRR13006002|zOTU|gunifrac_a0.0	mock-ZYMO	SRR13006002	mock-ZYMO|SRR13006002	zOTU	UNOISE3	gunifrac_a0.0	gUniFrac 0.0	0.5524155158926085	0.05241551589260851	0.014913519174487022	0.18489228132274593	0.0	0.1008270318461632	0.1826160623321491	-1.0829940497426205	1.5027978417563335	-0.25490344632983647
mock-ZYMO|SRR13006002|zOTU|gunifrac_a0.5	mock-ZYMO	SRR13006002	mock-ZYMO|SRR13006002	zOTU	UNOISE3	gunifrac_a0.5	gUniFrac 0.5	0.4515884840464453	-0.048411515953554696	-0.08591351267167618	0.08406524947658273	-0.1008270318461632	0.0	0.0817890304859859	0.1602472397126852	1.5023967283255752	-0.23815932348744853
mock-ZYMO|SRR13006002|zOTU|gunifrac_a1.0	mock-ZYMO	SRR13006002	mock-ZYMO|SRR13006002	zOTU	UNOISE3	gunifrac_a1.0	gUniFrac 1.0	0.3697994535604594	-0.1302005464395406	-0.1677025431576621	0.0022762189905968233	-0.1826160623321491	-0.0817890304859859	0.0	1.1687416668801927	1.502071352501098	-0.22457679954975499
mock-ZYMO|SRR13006003|ASV|jaccard	mock-ZYMO	SRR13006003	mock-ZYMO|SRR13006003	ASV	DADA2	jaccard	Jaccard	0.6666666666666667	0.0	0.07495792193312545	0.24650589202521245	-0.12211977493501769	0.12105948384494936	0.1552198204872285	-0.9888120213559628	2.184009144725116	-0.13167621738199417
mock-ZYMO|SRR13006003|ASV|weighted_jaccard	mock-ZYMO	SRR13006003	mock-ZYMO|SRR13006003	ASV	DADA2	weighted_jaccard	Weighted Jaccard	0.5917087447335413	-0.07495792193312545	0.0	0.171547970092087	-0.19707769686814314	0.04610156191182391	0.08026189855410304	-0.06454814278404508	2.183710944642475	-0.11922812057821937
mock-ZYMO|SRR13006003|ASV|braycurtis	mock-ZYMO	SRR13006003	mock-ZYMO|SRR13006003	ASV	DADA2	braycurtis	Bray-Curtis	0.4201607746414543	-0.24650589202521245	-0.171547970092087	0.0	-0.36862566696023014	-0.1254464081802631	-0.09128607153798396	2.050713167953848	2.1830284868376277	-0.09073952746990799
mock-ZYMO|SRR13006003|ASV|gunifrac_a0.0	mock-ZYMO	SRR13006003	mock-ZYMO|SRR13006003	ASV	DADA2	gunifrac_a0.0	gUniFrac 0.0	0.7887864416016844	0.12211977493501769	0.19707769686814314	0.36862566696023014	0.0	0.24317925877996704	0.2773395954222462	-2.4946021222670867	2.1844949656502264	-0.1519563791159681
mock-ZYMO|SRR13006003|ASV|gunifrac_a0.5	mock-ZYMO	SRR13006003	mock-ZYMO|SRR13006003	ASV	DADA2	gunifrac_a0.5	gUniFrac 0.5	0.5456071828217174	-0.12105948384494936	-0.04610156191182391	0.1254464081802631	-0.24317925877996704	0.0	0.03416033664227913	0.5039042278521196	2.1835275418850677	-0.11157213585127423
mock-ZYMO|SRR13006003|ASV|gunifrac_a1.0	mock-ZYMO	SRR13006003	mock-ZYMO|SRR13006003	ASV	DADA2	gunifrac_a1.0	gUniFrac 1.0	0.5114468461794383	-0.1552198204872285	-0.08026189855410304	0.09128607153798396	-0.2773395954222462	-0.03416033664227913	0.0	0.925116081436903	2.183391644104726	-0.10589920407293486
mock-ZYMO|SRR13006003|OTU|jaccard	mock-ZYMO	SRR13006003	mock-ZYMO|SRR13006003	OTU	UPARSE	jaccard	Jaccard	0.3	0.0	-0.128789412457887	0.02709615384615388	-0.2515567807814321	-0.22711602205257259	-0.19923032538489222	1.8016653581706004	1.895329385883036	-1.5457419593744222
mock-ZYMO|SRR13006003|OTU|weighted_jaccard	mock-ZYMO	SRR13006003	mock-ZYMO|SRR13006003	OTU	UPARSE	weighted_jaccard	Weighted Jaccard	0.428789412457887	0.128789412457887	0.0	0.15588556630404088	-0.12276736832354512	-0.09832660959468559	-0.07044091292700522	0.21363571690701436	1.8958417401805923	-1.5671297331044272
mock-ZYMO|SRR13006003|OTU|braycurtis	mock-ZYMO	SRR13006003	mock-ZYMO|SRR13006003	OTU	UPARSE	braycurtis	Bray-Curtis	0.2729038461538461	-0.02709615384615388	-0.15588556630404088	0.0	-0.278652934627586	-0.25421217589872647	-0.2263264792310461	2.135772756059389	1.8952215910681884	-1.541242160855623
mock-ZYMO|SRR13006003|OTU|gunifrac_a0.0	mock-ZYMO	SRR13006003	mock-ZYMO|SRR13006003	OTU	UPARSE	gunifrac_a0.0	gUniFrac 0.0	0.5515567807814321	0.2515567807814321	0.12276736832354512	0.278652934627586	0.0	0.024440758728859535	0.052326455396539906	-1.3001394930036871	1.896330137383124	-1.5875174392444091
mock-ZYMO|SRR13006003|OTU|gunifrac_a0.5	mock-ZYMO	SRR13006003	mock-ZYMO|SRR13006003	OTU	UPARSE	gunifrac_a0.5	gUniFrac 0.5	0.5271160220525726	0.22711602205257259	0.09832660959468559	0.25421217589872647	-0.024440758728859535	0.0	0.02788569666768037	-0.9987742753535791	1.8962329063489014	-1.583458616337257
mock-ZYMO|SRR13006003|OTU|gunifrac_a1.0	mock-ZYMO	SRR13006003	mock-ZYMO|SRR13006003	OTU	UPARSE	gunifrac_a1.0	gUniFrac 1.0	0.4992303253848922	0.19923032538489222	0.07044091292700522	0.2263264792310461	-0.052326455396539906	-0.02788569666768037	0.0	-0.6549314700294853	1.8961219705487038	-1.5788277001831292
mock-ZYMO|SRR13006003|TAC|jaccard	mock-ZYMO	SRR13006003	mock-ZYMO|SRR13006003	TAC	TAC	jaccard	Jaccard	0.3636363636363636	0.0	-0.06529546106868361	0.09061713286713291	-0.1851047038490356	-0.16342787909810658	-0.1356083462149414	1.1263539685701356	1.9734062746886423	-1.3184822899696493
mock-ZYMO|SRR13006003|TAC|weighted_jaccard	mock-ZYMO	SRR13006003	mock-ZYMO|SRR13006003	TAC	TAC	weighted_jaccard	Weighted Jaccard	0.4289318247050472	0.06529546106868361	0.0	0.15591259393581652	-0.11980924278035199	-0.09813241802942296	-0.07031288514625778	0.32123244780111987	1.973666035250096	-1.3293257632046092
mock-ZYMO|SRR13006003|TAC|braycurtis	mock-ZYMO	SRR13006003	mock-ZYMO|SRR13006003	TAC	TAC	braycurtis	Bray-Curtis	0.2730192307692307	-0.09061713286713291	-0.15591259393581652	0.0	-0.2757218367161685	-0.2540450119652395	-0.2262254790820743	2.243702749444361	1.973045778615475	-1.3034337025365967
mock-ZYMO|SRR13006003|TAC|gunifrac_a0.0	mock-ZYMO	SRR13006003	mock-ZYMO|SRR13006003	TAC	TAC	gunifrac_a0.0	gUniFrac 0.0	0.5487410674853992	0.1851047038490356	0.11980924278035199	0.2757218367161685	0.0	0.021676824750929025	0.04949635763409421	-1.1560677836504192	1.9741426643398174	-1.3492222199586696
mock-ZYMO|SRR13006003|TAC|gunifrac_a0.5	mock-ZYMO	SRR13006003	mock-ZYMO|SRR13006003	TAC	TAC	gunifrac_a0.5	gUniFrac 0.5	0.5270642427344702	0.16342787909810658	0.09813241802942296	0.2540450119652395	-0.021676824750929025	0.0	0.027819532883165188	-0.8887830777417907	1.974056428879103	-1.3456223974724144
mock-ZYMO|SRR13006003|TAC|gunifrac_a1.0	mock-ZYMO	SRR13006003	mock-ZYMO|SRR13006003	TAC	TAC	gunifrac_a1.0	gUniFrac 1.0	0.499244709851305	0.1356083462149414	0.07031288514625778	0.2262254790820743	-0.04949635763409421	-0.027819532883165188	0.0	-0.5457561007453762	1.973945756293859	-1.3410024689920799
mock-ZYMO|SRR13006003|TIC|jaccard	mock-ZYMO	SRR13006003	mock-ZYMO|SRR13006003	TIC	TIC	jaccard	Jaccard	0.3636363636363636	0.0	-0.0652954610686835	0.09061713286713291	-0.1851047038490356	-0.16342787909810658	-0.1356083462149415	1.1263539685701358	1.9734062746886432	-1.3184822899696502
mock-ZYMO|SRR13006003|TIC|weighted_jaccard	mock-ZYMO	SRR13006003	mock-ZYMO|SRR13006003	TIC	TIC	weighted_jaccard	Weighted Jaccard	0.4289318247050471	0.0652954610686835	0.0	0.1559125939358164	-0.1198092427803521	-0.09813241802942307	-0.070312885146258	0.32123244780112137	1.9736660352500965	-1.3293257632046085
mock-ZYMO|SRR13006003|TIC|braycurtis	mock-ZYMO	SRR13006003	mock-ZYMO|SRR13006003	TIC	TIC	braycurtis	Bray-Curtis	0.2730192307692307	-0.09061713286713291	-0.1559125939358164	0.0	-0.2757218367161685	-0.2540450119652395	-0.2262254790820744	2.243702749444361	1.973045778615475	-1.3034337025365974
mock-ZYMO|SRR13006003|TIC|gunifrac_a0.0	mock-ZYMO	SRR13006003	mock-ZYMO|SRR13006003	TIC	TIC	gunifrac_a0.0	gUniFrac 0.0	0.5487410674853992	0.1851047038490356	0.1198092427803521	0.2757218367161685	0.0	0.021676824750929025	0.0494963576340941	-1.1560677836504192	1.9741426643398179	-1.349222219958671
mock-ZYMO|SRR13006003|TIC|gunifrac_a0.5	mock-ZYMO	SRR13006003	mock-ZYMO|SRR13006003	TIC	TIC	gunifrac_a0.5	gUniFrac 0.5	0.5270642427344702	0.16342787909810658	0.09813241802942307	0.2540450119652395	-0.021676824750929025	0.0	0.027819532883165077	-0.8887830777417906	1.9740564288791034	-1.345622397472415
mock-ZYMO|SRR13006003|TIC|gunifrac_a1.0	mock-ZYMO	SRR13006003	mock-ZYMO|SRR13006003	TIC	TIC	gunifrac_a1.0	gUniFrac 1.0	0.4992447098513051	0.1356083462149415	0.070312885146258	0.2262254790820744	-0.0494963576340941	-0.027819532883165077	0.0	-0.5457561007453775	1.9739457562938603	-1.341002468992081
mock-ZYMO|SRR13006003|zOTU|jaccard	mock-ZYMO	SRR13006003	mock-ZYMO|SRR13006003	zOTU	UNOISE3	jaccard	Jaccard	0.5384615384615384	0.0	-0.046033235057625244	0.12553846153846154	-0.01113633885746168	0.01109480766161286	0.039107225629120945	-0.15314082792517333	1.4328239192542682	-0.5402542141742055
mock-ZYMO|SRR13006003|zOTU|weighted_jaccard	mock-ZYMO	SRR13006003	mock-ZYMO|SRR13006003	zOTU	UNOISE3	weighted_jaccard	Weighted Jaccard	0.5844947735191637	0.046033235057625244	0.0	0.1715716965960868	0.03489689620016356	0.057128042719238104	0.08514046068674619	-0.7207506986408011	1.4330070501915242	-0.5478988520111434
mock-ZYMO|SRR13006003|zOTU|braycurtis	mock-ZYMO	SRR13006003	mock-ZYMO|SRR13006003	zOTU	UNOISE3	braycurtis	Bray-Curtis	0.4129230769230769	-0.12553846153846154	-0.1715716965960868	0.0	-0.13667480039592322	-0.11444365387684868	-0.0864312359093406	1.3948031702423318	1.4323244979971144	-0.5194063186946329
mock-ZYMO|SRR13006003|zOTU|gunifrac_a0.0	mock-ZYMO	SRR13006003	mock-ZYMO|SRR13006003	zOTU	UNOISE3	gunifrac_a0.0	gUniFrac 0.0	0.5495978773190001	0.01113633885746168	-0.03489689620016356	0.13667480039592322	0.0	0.02223114651907454	0.050243564486582626	-0.2904567443758939	1.4328682222056037	-0.5421036014112336
mock-ZYMO|SRR13006003|zOTU|gunifrac_a0.5	mock-ZYMO	SRR13006003	mock-ZYMO|SRR13006003	zOTU	UNOISE3	gunifrac_a0.5	gUniFrac 0.5	0.5273667307999256	-0.01109480766161286	-0.057128042719238104	0.11444365387684868	-0.02223114651907454	0.0	0.028012417967508085	-0.01633700923766443	1.4327797815237087	-0.5384117239312899
mock-ZYMO|SRR13006003|zOTU|gunifrac_a1.0	mock-ZYMO	SRR13006003	mock-ZYMO|SRR13006003	zOTU	UNOISE3	gunifrac_a1.0	gUniFrac 1.0	0.4993543128324175	-0.039107225629120945	-0.08514046068674619	0.0864312359093406	-0.050243564486582626	-0.028012417967508085	0.0	0.3290683249967279	1.4326683415966475	-0.5337597634503356
mock-ZYMO|SRR13006004|ASV|jaccard	mock-ZYMO	SRR13006004	mock-ZYMO|SRR13006004	ASV	DADA2	jaccard	Jaccard	0.5	0.0	-0.06938851218271591	0.10199640710879182	-0.01411674828612619	-0.029544580138886722	-0.003483455956000081	0.15001406506206763	1.3761069680187161	-0.7100672629962478
mock-ZYMO|SRR13006004|ASV|weighted_jaccard	mock-ZYMO	SRR13006004	mock-ZYMO|SRR13006004	ASV	DADA2	weighted_jaccard	Weighted Jaccard	0.5693885121827159	0.06938851218271591	0.0	0.17138491929150773	0.05527176389658972	0.03984393204382919	0.06590505622671583	-0.7055765615770885	1.3763830116914018	-0.7215904602040221
mock-ZYMO|SRR13006004|ASV|braycurtis	mock-ZYMO	SRR13006004	mock-ZYMO|SRR13006004	ASV	DADA2	braycurtis	Bray-Curtis	0.3980035928912082	-0.10199640710879182	-0.17138491929150773	0.0	-0.11611315539491801	-0.13154098724767854	-0.1054798630647919	1.4076742616571347	1.3757012025406377	-0.6931289445826154
mock-ZYMO|SRR13006004|ASV|gunifrac_a0.0	mock-ZYMO	SRR13006004	mock-ZYMO|SRR13006004	ASV	DADA2	gunifrac_a0.0	gUniFrac 0.0	0.5141167482861262	0.01411674828612619	-0.05527176389658972	0.11611315539491801	0.0	-0.015427831852760532	0.01063329233012611	-0.024051599877243708	1.3761631277333535	-0.7124116002549173
mock-ZYMO|SRR13006004|ASV|gunifrac_a0.5	mock-ZYMO	SRR13006004	mock-ZYMO|SRR13006004	ASV	DADA2	gunifrac_a0.5	gUniFrac 0.5	0.5295445801388867	0.029544580138886722	-0.03984393204382919	0.13154098724767854	0.015427831852760532	0.0	0.02606112418288664	-0.2142834971663586	1.3762245032439708	-0.7149736662703926
mock-ZYMO|SRR13006004|ASV|gunifrac_a1.0	mock-ZYMO	SRR13006004	mock-ZYMO|SRR13006004	ASV	DADA2	gunifrac_a1.0	gUniFrac 1.0	0.5034834559560001	0.003483455956000081	-0.06590505622671583	0.1054798630647919	-0.01063329233012611	-0.02606112418288664	0.0	0.1070615334323952	1.3761208260183406	-0.7106457528454019
mock-ZYMO|SRR13006004|OTU|jaccard	mock-ZYMO	SRR13006004	mock-ZYMO|SRR13006004	OTU	UPARSE	jaccard	Jaccard	0.3	0.0	-0.10501358424401303	0.046070825279069416	-0.2515567807814321	-0.2214292081368356	-0.1900281276820759	1.6829626073936164	1.9985188861513612	-1.5335494905879017
mock-ZYMO|SRR13006004|OTU|weighted_jaccard	mock-ZYMO	SRR13006004	mock-ZYMO|SRR13006004	OTU	UPARSE	weighted_jaccard	Weighted Jaccard	0.405013584244013	0.10501358424401303	0.0	0.15108440952308244	-0.1465431965374191	-0.11641562389282256	-0.08501454343806286	0.3880993004478381	1.9989366546632452	-1.5509888649551242
mock-ZYMO|SRR13006004|OTU|braycurtis	mock-ZYMO	SRR13006004	mock-ZYMO|SRR13006004	OTU	UPARSE	braycurtis	Bray-Curtis	0.2539291747209306	-0.046070825279069416	-0.15108440952308244	0.0	-0.29762760606050154	-0.267500033415905	-0.2360989529611453	2.251035981938757	1.9983356056714416	-1.5258986102257799
mock-ZYMO|SRR13006004|OTU|gunifrac_a0.0	mock-ZYMO	SRR13006004	mock-ZYMO|SRR13006004	OTU	UPARSE	gunifrac_a0.0	gUniFrac 0.0	0.5515567807814321	0.2515567807814321	0.1465431965374191	0.29762760606050154	0.0	0.030127572644596534	0.061528653099356234	-1.4188422437806716	1.9995196376514488	-1.575324970457887
mock-ZYMO|SRR13006004|OTU|gunifrac_a0.5	mock-ZYMO	SRR13006004	mock-ZYMO|SRR13006004	OTU	UPARSE	gunifrac_a0.5	gUniFrac 0.5	0.5214292081368356	0.2214292081368356	0.11641562389282256	0.267500033415905	-0.030127572644596534	0.0	0.0314010804547597	-1.047356129620583	1.999399783146138	-1.5703217509038918
mock-ZYMO|SRR13006004|OTU|gunifrac_a1.0	mock-ZYMO	SRR13006004	mock-ZYMO|SRR13006004	OTU	UPARSE	gunifrac_a1.0	gUniFrac 1.0	0.4900281276820759	0.1900281276820759	0.08501454343806286	0.2360989529611453	-0.061528653099356234	-0.0314010804547597	0.0	-0.6601671085807773	1.9992748623299632	-1.565107042716107
mock-ZYMO|SRR13006004|TAC|jaccard	mock-ZYMO	SRR13006004	mock-ZYMO|SRR13006004	TAC	TAC	jaccard	Jaccard	0.3636363636363636	0.0	-0.04148225436454939	0.10962460917402139	-0.1851047038490356	-0.15773491536080725	-0.12638598118096572	1.0074511000297586	2.0767668415360405	-1.30626525634458
mock-ZYMO|SRR13006004|TAC|weighted_jaccard	mock-ZYMO	SRR13006004	mock-ZYMO|SRR13006004	TAC	TAC	weighted_jaccard	Weighted Jaccard	0.405118618000913	0.04148225436454939	0.0	0.15110686353857078	-0.14362244948448621	-0.11625266099625786	-0.08490372681641634	0.4959568066701957	2.0769318676114796	-1.3131541228533046
mock-ZYMO|SRR13006004|TAC|braycurtis	mock-ZYMO	SRR13006004	mock-ZYMO|SRR13006004	TAC	TAC	braycurtis	Bray-Curtis	0.2540117544623422	-0.10962460917402139	-0.15110686353857078	0.0	-0.294729313023057	-0.26735952453482864	-0.23601059035498712	2.359170355967872	2.0763307292923687	-1.2880601392351199
mock-ZYMO|SRR13006004|TAC|gunifrac_a0.0	mock-ZYMO	SRR13006004	mock-ZYMO|SRR13006004	TAC	TAC	gunifrac_a0.0	gUniFrac 0.0	0.5487410674853992	0.1851047038490356	0.14362244948448621	0.294729313023057	0.0	0.027369788488228353	0.05871872266806988	-1.2749706521907966	2.0775032311872144	-1.337005186333602
mock-ZYMO|SRR13006004|TAC|gunifrac_a0.5	mock-ZYMO	SRR13006004	mock-ZYMO|SRR13006004	TAC	TAC	gunifrac_a0.5	gUniFrac 0.5	0.5213712789971708	0.15773491536080725	0.11625266099625786	0.26735952453482864	-0.027369788488228353	0.0	0.031348934179841526	-0.9374892197894037	2.077394347789989	-1.332459945913193
mock-ZYMO|SRR13006004|TAC|gunifrac_a1.0	mock-ZYMO	SRR13006004	mock-ZYMO|SRR13006004	TAC	TAC	gunifrac_a1.0	gUniFrac 1.0	0.4900223448173293	0.12638598118096572	0.08490372681641634	0.23601059035498712	-0.05871872266806988	-0.031348934179841526	0.0	-0.5509431850686688	2.07726963442385	-1.327253897542297
mock-ZYMO|SRR13006004|TIC|jaccard	mock-ZYMO	SRR13006004	mock-ZYMO|SRR13006004	TIC	TIC	jaccard	Jaccard	0.3636363636363636	0.0	-0.04148225436454939	0.10962460917402139	-0.1851047038490356	-0.15773491536080725	-0.12638598118096572	1.0074511000297588	2.0767668415360405	-1.3062652563445798
mock-ZYMO|SRR13006004|TIC|weighted_jaccard	mock-ZYMO	SRR13006004	mock-ZYMO|SRR13006004	TIC	TIC	weighted_jaccard	Weighted Jaccard	0.405118618000913	0.04148225436454939	0.0	0.15110686353857078	-0.14362244948448621	-0.11625266099625786	-0.08490372681641634	0.4959568066701957	2.076931867611479	-1.3131541228533041
mock-ZYMO|SRR13006004|TIC|braycurtis	mock-ZYMO	SRR13006004	mock-ZYMO|SRR13006004	TIC	TIC	braycurtis	Bray-Curtis	0.2540117544623422	-0.10962460917402139	-0.15110686353857078	0.0	-0.294729313023057	-0.26735952453482864	-0.23601059035498712	2.359170355967872	2.076330729292369	-1.2880601392351199
mock-ZYMO|SRR13006004|TIC|gunifrac_a0.0	mock-ZYMO	SRR13006004	mock-ZYMO|SRR13006004	TIC	TIC	gunifrac_a0.0	gUniFrac 0.0	0.5487410674853992	0.1851047038490356	0.14362244948448621	0.294729313023057	0.0	0.027369788488228353	0.05871872266806988	-1.2749706521907966	2.077503231187215	-1.3370051863336017
mock-ZYMO|SRR13006004|TIC|gunifrac_a0.5	mock-ZYMO	SRR13006004	mock-ZYMO|SRR13006004	TIC	TIC	gunifrac_a0.5	gUniFrac 0.5	0.5213712789971708	0.15773491536080725	0.11625266099625786	0.26735952453482864	-0.027369788488228353	0.0	0.031348934179841526	-0.9374892197894039	2.077394347789989	-1.3324599459131927
mock-ZYMO|SRR13006004|TIC|gunifrac_a1.0	mock-ZYMO	SRR13006004	mock-ZYMO|SRR13006004	TIC	TIC	gunifrac_a1.0	gUniFrac 1.0	0.4900223448173293	0.12638598118096572	0.08490372681641634	0.23601059035498712	-0.05871872266806988	-0.031348934179841526	0.0	-0.5509431850686688	2.07726963442385	-1.3272538975422974
mock-ZYMO|SRR13006004|zOTU|jaccard	mock-ZYMO	SRR13006004	mock-ZYMO|SRR13006004	zOTU	UNOISE3	jaccard	Jaccard	0.5384615384615384	0.0	-0.026895295455249824	0.14438665818291424	-0.01113633885746168	0.016782358476409964	0.04832582068393182	-0.2628997411722679	1.5234466728173464	-0.5252625008558559
mock-ZYMO|SRR13006004|zOTU|weighted_jaccard	mock-ZYMO	SRR13006004	mock-ZYMO|SRR13006004	zOTU	UNOISE3	weighted_jaccard	Weighted Jaccard	0.5653568339167883	0.026895295455249824	0.0	0.17128195363816406	0.015758956597788143	0.04367765393165979	0.07522111613918164	-0.5945304674747462	1.5235536685707043	-0.5297289432645949
mock-ZYMO|SRR13006004|zOTU|braycurtis	mock-ZYMO	SRR13006004	mock-ZYMO|SRR13006004	zOTU	UNOISE3	braycurtis	Bray-Curtis	0.3940748802786242	-0.14438665818291424	-0.17128195363816406	0.0	-0.15552299704037592	-0.12760429970650428	-0.09606083749898242	1.5174507443339624	1.5228722690413081	-0.5012845269221855
mock-ZYMO|SRR13006004|zOTU|gunifrac_a0.0	mock-ZYMO	SRR13006004	mock-ZYMO|SRR13006004	zOTU	UNOISE3	gunifrac_a0.0	gUniFrac 0.0	0.5495978773190001	0.01113633885746168	-0.015758956597788143	0.15552299704037592	0.0	0.027918697333871645	0.0594621595413935	-0.40021565762298844	1.5234909757686825	-0.5271118880928846
mock-ZYMO|SRR13006004|zOTU|gunifrac_a0.5	mock-ZYMO	SRR13006004	mock-ZYMO|SRR13006004	zOTU	UNOISE3	gunifrac_a0.5	gUniFrac 0.5	0.5216791799851285	-0.016782358476409964	-0.04367765393165979	0.12760429970650428	-0.027918697333871645	0.0	0.031543462207521855	-0.0559659396878887	1.523379908684143	-0.5224754915908916
mock-ZYMO|SRR13006004|zOTU|gunifrac_a1.0	mock-ZYMO	SRR13006004	mock-ZYMO|SRR13006004	zOTU	UNOISE3	gunifrac_a1.0	gUniFrac 1.0	0.4901357177776066	-0.04832582068393182	-0.07522111613918164	0.09606083749898242	-0.0594621595413935	-0.031543462207521855	0.0	0.3329787104789252	1.5232544214401744	-0.5172371383793969
