community_id	sample_id	sample_key	source	rank	relative_abundance
mock-12	Mock 3	mock-12|Mock 3	EXPECTED	1	0.42653017701002355
mock-12	Mock 3	mock-12|Mock 3	EXPECTED	2	0.42653017701002355
mock-12	Mock 3	mock-12|Mock 3	EXPECTED	3	0.04265728300277248
mock-12	Mock 3	mock-12|Mock 3	EXPECTED	4	0.04265301770100238
mock-12	Mock 3	mock-12|Mock 3	EXPECTED	5	0.04265301770100238
mock-12	Mock 3	mock-12|Mock 3	EXPECTED	6	0.004265301770100198
mock-12	Mock 3	mock-12|Mock 3	EXPECTED	7	0.004265301770100198
mock-12	Mock 3	mock-12|Mock 3	EXPECTED	8	0.004265301770100198
mock-12	Mock 3	mock-12|Mock 3	EXPECTED	9	0.004265301770100198
mock-12	Mock 3	mock-12|Mock 3	EXPECTED	10	0.00042653017700999986
mock-12	Mock 3	mock-12|Mock 3	EXPECTED	11	0.00042653017700999986
mock-12	Mock 3	mock-12|Mock 3	EXPECTED	12	0.00042653017700999986
mock-12	Mock 3	mock-12|Mock 3	EXPECTED	13	0.00042653017700999986
mock-12	Mock 3	mock-12|Mock 3	EXPECTED	14	4.265301770099998e-05
mock-12	Mock 3	mock-12|Mock 3	EXPECTED	15	4.265301770099998e-05
mock-12	Mock 3	mock-12|Mock 3	EXPECTED	16	4.265301770099998e-05
mock-12	Mock 3	mock-12|Mock 3	EXPECTED	17	4.265301770099998e-05
mock-12	Mock 3	mock-12|Mock 3	EXPECTED	18	4.26530177009999e-06
mock-12	Mock 3	mock-12|Mock 3	EXPECTED	19	4.26530177009999e-06
mock-12	Mock 3	mock-12|Mock 3	EXPECTED	20	4.26530177009999e-06
mock-12	Mock 3	mock-12|Mock 3	EXPECTED	21	4.26530177009999e-06
mock-12	Mock 3	mock-12|Mock 3	EXPECTED	22	4.26530177009999e-06
mock-12	Mock 3	mock-12|Mock 3	EXPECTED	23	4.26530177009999e-06
mock-12	Mock 3	mock-12|Mock 3	EXPECTED	24	4.26530177009999e-06
mock-12	Mock 3	mock-12|Mock 3	EXPECTED	25	4.26530177009999e-06
mock-12	Mock 3	mock-12|Mock 3	EXPECTED	26	4.26530177009999e-06
mock-12	Mock 3	mock-12|Mock 3	ASV	1	0.5007037322073618
mock-12	Mock 3	mock-12|Mock 3	ASV	2	0.38239906816149094
mock-12	Mock 3	mock-12|Mock 3	ASV	3	0.04528568754289992
mock-12	Mock 3	mock-12|Mock 3	ASV	4	0.029257233188426893
mock-12	Mock 3	mock-12|Mock 3	ASV	5	0.026603157434948097
mock-12	Mock 3	mock-12|Mock 3	ASV	6	0.005212471660045343
mock-12	Mock 3	mock-12|Mock 3	ASV	7	0.004749325734412158
mock-12	Mock 3	mock-12|Mock 3	ASV	8	0.00234762291047001
mock-12	Mock 3	mock-12|Mock 3	ASV	9	0.002012050114053151
mock-12	Mock 3	mock-12|Mock 3	ASV	10	0.0004229326566410826
mock-12	Mock 3	mock-12|Mock 3	ASV	11	0.00032725280972883774
mock-12	Mock 3	mock-12|Mock 3	ASV	12	0.00029397286297675254
mock-12	Mock 3	mock-12|Mock 3	ASV	13	0.00025098626508864247
mock-12	Mock 3	mock-12|Mock 3	ASV	14	5.685324236814554e-05
mock-12	Mock 3	mock-12|Mock 3	ASV	15	3.466661120008874e-05
mock-12	Mock 3	mock-12|Mock 3	ASV	16	2.7733288960070986e-05
mock-12	Mock 3	mock-12|Mock 3	ASV	17	8.319986688021295e-06
mock-12	Mock 3	mock-12|Mock 3	ASV	18	6.9333222400177415e-06
mock-12	Mock 3	mock-12|Mock 3	zOTU	1	0.4783732225440906
mock-12	Mock 3	mock-12|Mock 3	zOTU	2	0.38000742916584174
mock-12	Mock 3	mock-12|Mock 3	zOTU	3	0.045794301647917694
mock-12	Mock 3	mock-12|Mock 3	zOTU	4	0.03929063358472641
mock-12	Mock 3	mock-12|Mock 3	zOTU	5	0.03881844084054506
mock-12	Mock 3	mock-12|Mock 3	zOTU	6	0.0050444175974693264
mock-12	Mock 3	mock-12|Mock 3	zOTU	7	0.004537947157784429
mock-12	Mock 3	mock-12|Mock 3	zOTU	8	0.0034235722815164167
mock-12	Mock 3	mock-12|Mock 3	zOTU	9	0.0030423203621403553
mock-12	Mock 3	mock-12|Mock 3	zOTU	10	0.00045680275844507977
mock-12	Mock 3	mock-12|Mock 3	zOTU	11	0.0003742564713141159
mock-12	Mock 3	mock-12|Mock 3	zOTU	12	0.00036726102325216974
mock-12	Mock 3	mock-12|Mock 3	zOTU	13	0.00031619425239996334
mock-12	Mock 3	mock-12|Mock 3	zOTU	14	5.176631565840107e-05
mock-12	Mock 3	mock-12|Mock 3	zOTU	15	4.477086759645498e-05
mock-12	Mock 3	mock-12|Mock 3	zOTU	16	3.987405395309272e-05
mock-12	Mock 3	mock-12|Mock 3	zOTU	17	1.6789075348670606e-05
mock-12	Mock 3	mock-12|Mock 3	OTU	1	0.4790411201391498
mock-12	Mock 3	mock-12|Mock 3	OTU	2	0.3800731991791505
mock-12	Mock 3	mock-12|Mock 3	OTU	3	0.045802311840257584
mock-12	Mock 3	mock-12|Mock 3	OTU	4	0.039297506176311926
mock-12	Mock 3	mock-12|Mock 3	OTU	5	0.03882523083769051
mock-12	Mock 3	mock-12|Mock 3	OTU	6	0.005045299950813399
mock-12	Mock 3	mock-12|Mock 3	OTU	7	0.0045387409209439065
mock-12	Mock 3	mock-12|Mock 3	OTU	8	0.003424171121797361
mock-12	Mock 3	mock-12|Mock 3	OTU	9	0.003042852515058587
mock-12	Mock 3	mock-12|Mock 3	OTU	10	0.00037432193505549413
mock-12	Mock 3	mock-12|Mock 3	OTU	11	0.00036732526337221385
mock-12	Mock 3	mock-12|Mock 3	OTU	12	7.13660511694587e-05
mock-12	Mock 3	mock-12|Mock 3	OTU	13	5.1775370456273945e-05
mock-12	Mock 3	mock-12|Mock 3	OTU	14	4.477869877299368e-05
mock-12	Mock 3	mock-12|Mock 3	TIC	1	0.4783661951337579
mock-12	Mock 3	mock-12|Mock 3	TIC	2	0.3800018467711584
mock-12	Mock 3	mock-12|Mock 3	TIC	3	0.04579362891931708
mock-12	Mock 3	mock-12|Mock 3	TIC	4	0.039290056396473774
mock-12	Mock 3	mock-12|Mock 3	TIC	5	0.03881787058891013
mock-12	Mock 3	mock-12|Mock 3	TIC	6	0.0050443434938391984
mock-12	Mock 3	mock-12|Mock 3	TIC	7	0.004537880494319079
mock-12	Mock 3	mock-12|Mock 3	TIC	8	0.0034235219884688724
mock-12	Mock 3	mock-12|Mock 3	TIC	9	0.0030422756697693347
mock-12	Mock 3	mock-12|Mock 3	TIC	10	0.0004567960479097208
mock-12	Mock 3	mock-12|Mock 3	TIC	11	0.000374250973402298
mock-12	Mock 3	mock-12|Mock 3	TIC	12	0.00036725562810505883
mock-12	Mock 3	mock-12|Mock 3	TIC	13	0.00031618960743521257
mock-12	Mock 3	mock-12|Mock 3	TIC	14	5.176555519957019e-05
mock-12	Mock 3	mock-12|Mock 3	TIC	15	4.4770209902330977e-05
mock-12	Mock 3	mock-12|Mock 3	TIC	16	3.987346819426353e-05
mock-12	Mock 3	mock-12|Mock 3	TIC	17	3.147905383757647e-05
mock-12	Mock 3	mock-12|Mock 3	TAC	1	0.4783661951337579
mock-12	Mock 3	mock-12|Mock 3	TAC	2	0.3800018467711584
mock-12	Mock 3	mock-12|Mock 3	TAC	3	0.04579362891931708
mock-12	Mock 3	mock-12|Mock 3	TAC	4	0.039290056396473774
mock-12	Mock 3	mock-12|Mock 3	TAC	5	0.03881787058891013
mock-12	Mock 3	mock-12|Mock 3	TAC	6	0.0050443434938391984
mock-12	Mock 3	mock-12|Mock 3	TAC	7	0.004537880494319079
mock-12	Mock 3	mock-12|Mock 3	TAC	8	0.0034235219884688724
mock-12	Mock 3	mock-12|Mock 3	TAC	9	0.0030422756697693347
mock-12	Mock 3	mock-12|Mock 3	TAC	10	0.0004567960479097208
mock-12	Mock 3	mock-12|Mock 3	TAC	11	0.000374250973402298
mock-12	Mock 3	mock-12|Mock 3	TAC	12	0.00036725562810505883
mock-12	Mock 3	mock-12|Mock 3	TAC	13	0.00031618960743521257
mock-12	Mock 3	mock-12|Mock 3	TAC	14	5.176555519957019e-05
mock-12	Mock 3	mock-12|Mock 3	TAC	15	4.4770209902330977e-05
mock-12	Mock 3	mock-12|Mock 3	TAC	16	3.987346819426353e-05
mock-12	Mock 3	mock-12|Mock 3	TAC	17	3.147905383757647e-05
mock-13	Mock 4	mock-13|Mock 4	EXPECTED	1	0.0476190477
mock-13	Mock 4	mock-13|Mock 4	EXPECTED	2	0.0476190477
mock-13	Mock 4	mock-13|Mock 4	EXPECTED	3	0.0476190477
mock-13	Mock 4	mock-13|Mock 4	EXPECTED	4	0.0476190477
mock-13	Mock 4	mock-13|Mock 4	EXPECTED	5	0.0476190476
mock-13	Mock 4	mock-13|Mock 4	EXPECTED	6	0.0476190476
mock-13	Mock 4	mock-13|Mock 4	EXPECTED	7	0.0476190476
mock-13	Mock 4	mock-13|Mock 4	EXPECTED	8	0.0476190476
mock-13	Mock 4	mock-13|Mock 4	EXPECTED	9	0.0476190476
mock-13	Mock 4	mock-13|Mock 4	EXPECTED	10	0.0476190476
mock-13	Mock 4	mock-13|Mock 4	EXPECTED	11	0.0476190476
mock-13	Mock 4	mock-13|Mock 4	EXPECTED	12	0.0476190476
mock-13	Mock 4	mock-13|Mock 4	EXPECTED	13	0.0476190476
mock-13	Mock 4	mock-13|Mock 4	EXPECTED	14	0.0476190476
mock-13	Mock 4	mock-13|Mock 4	EXPECTED	15	0.0476190476
mock-13	Mock 4	mock-13|Mock 4	EXPECTED	16	0.0476190476
mock-13	Mock 4	mock-13|Mock 4	EXPECTED	17	0.0476190476
mock-13	Mock 4	mock-13|Mock 4	EXPECTED	18	0.0476190476
mock-13	Mock 4	mock-13|Mock 4	EXPECTED	19	0.0476190476
mock-13	Mock 4	mock-13|Mock 4	EXPECTED	20	0.0476190476
mock-13	Mock 4	mock-13|Mock 4	EXPECTED	21	0.0476190476
mock-13	Mock 4	mock-13|Mock 4	ASV	1	0.15141771411867874
mock-13	Mock 4	mock-13|Mock 4	ASV	2	0.13017193271504876
mock-13	Mock 4	mock-13|Mock 4	ASV	3	0.11263320134995083
mock-13	Mock 4	mock-13|Mock 4	ASV	4	0.07901729956684649
mock-13	Mock 4	mock-13|Mock 4	ASV	5	0.0746724774786745
mock-13	Mock 4	mock-13|Mock 4	ASV	6	0.07431373070075203
mock-13	Mock 4	mock-13|Mock 4	ASV	7	0.06918498046823097
mock-13	Mock 4	mock-13|Mock 4	ASV	8	0.054343493396401904
mock-13	Mock 4	mock-13|Mock 4	ASV	9	0.04675666338922697
mock-13	Mock 4	mock-13|Mock 4	ASV	10	0.044351731285376415
mock-13	Mock 4	mock-13|Mock 4	ASV	11	0.04339507321091653
mock-13	Mock 4	mock-13|Mock 4	ASV	12	0.04033908213972523
mock-13	Mock 4	mock-13|Mock 4	ASV	13	0.02664026999016768
mock-13	Mock 4	mock-13|Mock 4	ASV	14	0.021471659004544126
mock-13	Mock 4	mock-13|Mock 4	ASV	15	0.02120592065052749
mock-13	Mock 4	mock-13|Mock 4	ASV	16	0.007440673912465786
mock-13	Mock 4	mock-13|Mock 4	ASV	17	0.001062953416066541
mock-13	Mock 4	mock-13|Mock 4	ASV	18	0.0008503627328532325
mock-13	Mock 4	mock-13|Mock 4	ASV	19	0.0007307804735457469
mock-13	Mock 4	mock-13|Mock 4	zOTU	1	0.14300737662232607
mock-13	Mock 4	mock-13|Mock 4	zOTU	2	0.1092741181169642
mock-13	Mock 4	mock-13|Mock 4	zOTU	3	0.08994524412625704
mock-13	Mock 4	mock-13|Mock 4	zOTU	4	0.07268930718399087
mock-13	Mock 4	mock-13|Mock 4	zOTU	5	0.07242639809492031
mock-13	Mock 4	mock-13|Mock 4	zOTU	6	0.0673704540743325
mock-13	Mock 4	mock-13|Mock 4	zOTU	7	0.056742859743056935
mock-13	Mock 4	mock-13|Mock 4	zOTU	8	0.05669230030285107
mock-13	Mock 4	mock-13|Mock 4	zOTU	9	0.049588698953925196
mock-13	Mock 4	mock-13|Mock 4	zOTU	10	0.04672703463827249
mock-13	Mock 4	mock-13|Mock 4	zOTU	11	0.0438653703226198
mock-13	Mock 4	mock-13|Mock 4	zOTU	12	0.04293002067881105
mock-13	Mock 4	mock-13|Mock 4	zOTU	13	0.03650391582864396
mock-13	Mock 4	mock-13|Mock 4	zOTU	14	0.029081790006421054
mock-13	Mock 4	mock-13|Mock 4	zOTU	15	0.02253434249975985
mock-13	Mock 4	mock-13|Mock 4	zOTU	16	0.02200852432161872
mock-13	Mock 4	mock-13|Mock 4	zOTU	17	0.02032489496276298
mock-13	Mock 4	mock-13|Mock 4	zOTU	18	0.014186978921769382
mock-13	Mock 4	mock-13|Mock 4	zOTU	19	0.003867797175749671
mock-13	Mock 4	mock-13|Mock 4	zOTU	20	0.000232573424947039
mock-13	Mock 4	mock-13|Mock 4	OTU	1	0.14300737662232607
mock-13	Mock 4	mock-13|Mock 4	OTU	2	0.10927411811696425
mock-13	Mock 4	mock-13|Mock 4	OTU	3	0.08994524412625705
mock-13	Mock 4	mock-13|Mock 4	OTU	4	0.07268930718399087
mock-13	Mock 4	mock-13|Mock 4	OTU	5	0.07242639809492031
mock-13	Mock 4	mock-13|Mock 4	OTU	6	0.06737045407433251
mock-13	Mock 4	mock-13|Mock 4	OTU	7	0.056742859743056935
mock-13	Mock 4	mock-13|Mock 4	OTU	8	0.05669230030285106
mock-13	Mock 4	mock-13|Mock 4	OTU	9	0.049588698953925196
mock-13	Mock 4	mock-13|Mock 4	OTU	10	0.0467270346382725
mock-13	Mock 4	mock-13|Mock 4	OTU	11	0.0438653703226198
mock-13	Mock 4	mock-13|Mock 4	OTU	12	0.042930020678811055
mock-13	Mock 4	mock-13|Mock 4	OTU	13	0.03650391582864396
mock-13	Mock 4	mock-13|Mock 4	OTU	14	0.029081790006421058
mock-13	Mock 4	mock-13|Mock 4	OTU	15	0.02253434249975985
mock-13	Mock 4	mock-13|Mock 4	OTU	16	0.02200852432161872
mock-13	Mock 4	mock-13|Mock 4	OTU	17	0.020324894962762977
mock-13	Mock 4	mock-13|Mock 4	OTU	18	0.01418697892176938
mock-13	Mock 4	mock-13|Mock 4	OTU	19	0.0038677971757496714
mock-13	Mock 4	mock-13|Mock 4	OTU	20	0.0002325734249470391
mock-13	Mock 4	mock-13|Mock 4	TIC	1	0.14300737662232602
mock-13	Mock 4	mock-13|Mock 4	TIC	2	0.10927411811696419
mock-13	Mock 4	mock-13|Mock 4	TIC	3	0.08994524412625703
mock-13	Mock 4	mock-13|Mock 4	TIC	4	0.07268930718399086
mock-13	Mock 4	mock-13|Mock 4	TIC	5	0.07242639809492031
mock-13	Mock 4	mock-13|Mock 4	TIC	6	0.06737045407433248
mock-13	Mock 4	mock-13|Mock 4	TIC	7	0.05674285974305693
mock-13	Mock 4	mock-13|Mock 4	TIC	8	0.05669230030285105
mock-13	Mock 4	mock-13|Mock 4	TIC	9	0.04958869895392518
mock-13	Mock 4	mock-13|Mock 4	TIC	10	0.04672703463827249
mock-13	Mock 4	mock-13|Mock 4	TIC	11	0.04386537032261979
mock-13	Mock 4	mock-13|Mock 4	TIC	12	0.04293002067881104
mock-13	Mock 4	mock-13|Mock 4	TIC	13	0.03650391582864395
mock-13	Mock 4	mock-13|Mock 4	TIC	14	0.02908179000642105
mock-13	Mock 4	mock-13|Mock 4	TIC	15	0.022534342499759843
mock-13	Mock 4	mock-13|Mock 4	TIC	16	0.022008524321618712
mock-13	Mock 4	mock-13|Mock 4	TIC	17	0.020324894962762977
mock-13	Mock 4	mock-13|Mock 4	TIC	18	0.01418697892176938
mock-13	Mock 4	mock-13|Mock 4	TIC	19	0.00386779717574967
mock-13	Mock 4	mock-13|Mock 4	TIC	20	0.000232573424947039
mock-13	Mock 4	mock-13|Mock 4	TAC	1	0.14300737662232602
mock-13	Mock 4	mock-13|Mock 4	TAC	2	0.10927411811696419
mock-13	Mock 4	mock-13|Mock 4	TAC	3	0.08994524412625703
mock-13	Mock 4	mock-13|Mock 4	TAC	4	0.07268930718399086
mock-13	Mock 4	mock-13|Mock 4	TAC	5	0.07242639809492031
mock-13	Mock 4	mock-13|Mock 4	TAC	6	0.06737045407433248
mock-13	Mock 4	mock-13|Mock 4	TAC	7	0.05674285974305693
mock-13	Mock 4	mock-13|Mock 4	TAC	8	0.05669230030285105
mock-13	Mock 4	mock-13|Mock 4	TAC	9	0.04958869895392518
mock-13	Mock 4	mock-13|Mock 4	TAC	10	0.04672703463827249
mock-13	Mock 4	mock-13|Mock 4	TAC	11	0.04386537032261979
mock-13	Mock 4	mock-13|Mock 4	TAC	12	0.04293002067881104
mock-13	Mock 4	mock-13|Mock 4	TAC	13	0.03650391582864395
mock-13	Mock 4	mock-13|Mock 4	TAC	14	0.02908179000642105
mock-13	Mock 4	mock-13|Mock 4	TAC	15	0.022534342499759843
mock-13	Mock 4	mock-13|Mock 4	TAC	16	0.022008524321618712
mock-13	Mock 4	mock-13|Mock 4	TAC	17	0.020324894962762977
mock-13	Mock 4	mock-13|Mock 4	TAC	18	0.01418697892176938
mock-13	Mock 4	mock-13|Mock 4	TAC	19	0.00386779717574967
mock-13	Mock 4	mock-13|Mock 4	TAC	20	0.000232573424947039
mock-14	Mock 5	mock-14|Mock 5	EXPECTED	1	0.0476190477
mock-14	Mock 5	mock-14|Mock 5	EXPECTED	2	0.0476190477
mock-14	Mock 5	mock-14|Mock 5	EXPECTED	3	0.0476190477
mock-14	Mock 5	mock-14|Mock 5	EXPECTED	4	0.0476190477
mock-14	Mock 5	mock-14|Mock 5	EXPECTED	5	0.0476190476
mock-14	Mock 5	mock-14|Mock 5	EXPECTED	6	0.0476190476
mock-14	Mock 5	mock-14|Mock 5	EXPECTED	7	0.0476190476
mock-14	Mock 5	mock-14|Mock 5	EXPECTED	8	0.0476190476
mock-14	Mock 5	mock-14|Mock 5	EXPECTED	9	0.0476190476
mock-14	Mock 5	mock-14|Mock 5	EXPECTED	10	0.0476190476
mock-14	Mock 5	mock-14|Mock 5	EXPECTED	11	0.0476190476
mock-14	Mock 5	mock-14|Mock 5	EXPECTED	12	0.0476190476
mock-14	Mock 5	mock-14|Mock 5	EXPECTED	13	0.0476190476
mock-14	Mock 5	mock-14|Mock 5	EXPECTED	14	0.0476190476
mock-14	Mock 5	mock-14|Mock 5	EXPECTED	15	0.0476190476
mock-14	Mock 5	mock-14|Mock 5	EXPECTED	16	0.0476190476
mock-14	Mock 5	mock-14|Mock 5	EXPECTED	17	0.0476190476
mock-14	Mock 5	mock-14|Mock 5	EXPECTED	18	0.0476190476
mock-14	Mock 5	mock-14|Mock 5	EXPECTED	19	0.0476190476
mock-14	Mock 5	mock-14|Mock 5	EXPECTED	20	0.0476190476
mock-14	Mock 5	mock-14|Mock 5	EXPECTED	21	0.0476190476
mock-14	Mock 5	mock-14|Mock 5	ASV	1	0.15933334548968836
mock-14	Mock 5	mock-14|Mock 5	ASV	2	0.13068689484145077
mock-14	Mock 5	mock-14|Mock 5	ASV	3	0.10696376798380777
mock-14	Mock 5	mock-14|Mock 5	ASV	4	0.08196422384712167
mock-14	Mock 5	mock-14|Mock 5	ASV	5	0.08083368282854068
mock-14	Mock 5	mock-14|Mock 5	ASV	6	0.07067704819386955
mock-14	Mock 5	mock-14|Mock 5	ASV	7	0.0687077186776317
mock-14	Mock 5	mock-14|Mock 5	ASV	8	0.05577943509418136
mock-14	Mock 5	mock-14|Mock 5	ASV	9	0.05242428110355391
mock-14	Mock 5	mock-14|Mock 5	ASV	10	0.04270527525026896
mock-14	Mock 5	mock-14|Mock 5	ASV	11	0.04002479896427855
mock-14	Mock 5	mock-14|Mock 5	ASV	12	0.037016101092248496
mock-14	Mock 5	mock-14|Mock 5	ASV	13	0.02523659305993691
mock-14	Mock 5	mock-14|Mock 5	ASV	14	0.019510949836800934
mock-14	Mock 5	mock-14|Mock 5	ASV	15	0.019474480771685416
mock-14	Mock 5	mock-14|Mock 5	ASV	16	0.006509728123119563
mock-14	Mock 5	mock-14|Mock 5	ASV	17	0.0008570230302146204
mock-14	Mock 5	mock-14|Mock 5	ASV	18	0.0006746777046370417
mock-14	Mock 5	mock-14|Mock 5	ASV	19	0.0006199741069637679
mock-14	Mock 5	mock-14|Mock 5	zOTU	1	0.14816862054303595
mock-14	Mock 5	mock-14|Mock 5	zOTU	2	0.11539209135637492
mock-14	Mock 5	mock-14|Mock 5	zOTU	3	0.08254874567211323
mock-14	Mock 5	mock-14|Mock 5	zOTU	4	0.07689364028427384
mock-14	Mock 5	mock-14|Mock 5	zOTU	5	0.07564234951102473
mock-14	Mock 5	mock-14|Mock 5	zOTU	6	0.06860839458178948
mock-14	Mock 5	mock-14|Mock 5	zOTU	7	0.06004373443479318
mock-14	Mock 5	mock-14|Mock 5	zOTU	8	0.05547591568972849
mock-14	Mock 5	mock-14|Mock 5	zOTU	9	0.04806535868310758
mock-14	Mock 5	mock-14|Mock 5	zOTU	10	0.04753690092935674
mock-14	Mock 5	mock-14|Mock 5	zOTU	11	0.04196076049322724
mock-14	Mock 5	mock-14|Mock 5	zOTU	12	0.0402599769179372
mock-14	Mock 5	mock-14|Mock 5	zOTU	13	0.030717366215149127
mock-14	Mock 5	mock-14|Mock 5	zOTU	14	0.02696956812245642
mock-14	Mock 5	mock-14|Mock 5	zOTU	15	0.02600984024782847
mock-14	Mock 5	mock-14|Mock 5	zOTU	16	0.02180647512604021
mock-14	Mock 5	mock-14|Mock 5	zOTU	17	0.01677094089777076
mock-14	Mock 5	mock-14|Mock 5	zOTU	18	0.01330255724958999
mock-14	Mock 5	mock-14|Mock 5	zOTU	19	0.0035048290105084137
mock-14	Mock 5	mock-14|Mock 5	zOTU	20	0.000321934033894187
mock-14	Mock 5	mock-14|Mock 5	OTU	1	0.1481686205430359
mock-14	Mock 5	mock-14|Mock 5	OTU	2	0.1153920913563749
mock-14	Mock 5	mock-14|Mock 5	OTU	3	0.08254874567211323
mock-14	Mock 5	mock-14|Mock 5	OTU	4	0.07689364028427383
mock-14	Mock 5	mock-14|Mock 5	OTU	5	0.07564234951102472
mock-14	Mock 5	mock-14|Mock 5	OTU	6	0.06860839458178947
mock-14	Mock 5	mock-14|Mock 5	OTU	7	0.06004373443479317
mock-14	Mock 5	mock-14|Mock 5	OTU	8	0.055475915689728476
mock-14	Mock 5	mock-14|Mock 5	OTU	9	0.04806535868310759
mock-14	Mock 5	mock-14|Mock 5	OTU	10	0.047536900929356744
mock-14	Mock 5	mock-14|Mock 5	OTU	11	0.04196076049322724
mock-14	Mock 5	mock-14|Mock 5	OTU	12	0.04025997691793721
mock-14	Mock 5	mock-14|Mock 5	OTU	13	0.030717366215149124
mock-14	Mock 5	mock-14|Mock 5	OTU	14	0.02696956812245642
mock-14	Mock 5	mock-14|Mock 5	OTU	15	0.026009840247828476
mock-14	Mock 5	mock-14|Mock 5	OTU	16	0.021806475126040212
mock-14	Mock 5	mock-14|Mock 5	OTU	17	0.016770940897770755
mock-14	Mock 5	mock-14|Mock 5	OTU	18	0.013302557249589989
mock-14	Mock 5	mock-14|Mock 5	OTU	19	0.0035048290105084133
mock-14	Mock 5	mock-14|Mock 5	OTU	20	0.000321934033894187
mock-14	Mock 5	mock-14|Mock 5	TIC	1	0.14816862054303592
mock-14	Mock 5	mock-14|Mock 5	TIC	2	0.1153920913563749
mock-14	Mock 5	mock-14|Mock 5	TIC	3	0.08254874567211325
mock-14	Mock 5	mock-14|Mock 5	TIC	4	0.07689364028427383
mock-14	Mock 5	mock-14|Mock 5	TIC	5	0.07564234951102473
mock-14	Mock 5	mock-14|Mock 5	TIC	6	0.06860839458178948
mock-14	Mock 5	mock-14|Mock 5	TIC	7	0.06004373443479318
mock-14	Mock 5	mock-14|Mock 5	TIC	8	0.05547591568972848
mock-14	Mock 5	mock-14|Mock 5	TIC	9	0.04806535868310758
mock-14	Mock 5	mock-14|Mock 5	TIC	10	0.047536900929356744
mock-14	Mock 5	mock-14|Mock 5	TIC	11	0.04196076049322724
mock-14	Mock 5	mock-14|Mock 5	TIC	12	0.0402599769179372
mock-14	Mock 5	mock-14|Mock 5	TIC	13	0.030717366215149127
mock-14	Mock 5	mock-14|Mock 5	TIC	14	0.026969568122456423
mock-14	Mock 5	mock-14|Mock 5	TIC	15	0.026009840247828465
mock-14	Mock 5	mock-14|Mock 5	TIC	16	0.021806475126040205
mock-14	Mock 5	mock-14|Mock 5	TIC	17	0.016770940897770762
mock-14	Mock 5	mock-14|Mock 5	TIC	18	0.013302557249589992
mock-14	Mock 5	mock-14|Mock 5	TIC	19	0.0035048290105084137
mock-14	Mock 5	mock-14|Mock 5	TIC	20	0.00032193403389418695
mock-14	Mock 5	mock-14|Mock 5	TAC	1	0.14816862054303592
mock-14	Mock 5	mock-14|Mock 5	TAC	2	0.1153920913563749
mock-14	Mock 5	mock-14|Mock 5	TAC	3	0.08254874567211325
mock-14	Mock 5	mock-14|Mock 5	TAC	4	0.07689364028427383
mock-14	Mock 5	mock-14|Mock 5	TAC	5	0.07564234951102473
mock-14	Mock 5	mock-14|Mock 5	TAC	6	0.06860839458178948
mock-14	Mock 5	mock-14|Mock 5	TAC	7	0.06004373443479318
mock-14	Mock 5	mock-14|Mock 5	TAC	8	0.05547591568972848
mock-14	Mock 5	mock-14|Mock 5	TAC	9	0.04806535868310758
mock-14	Mock 5	mock-14|Mock 5	TAC	10	0.04753690092935675
mock-14	Mock 5	mock-14|Mock 5	TAC	11	0.04196076049322724
mock-14	Mock 5	mock-14|Mock 5	TAC	12	0.04025997691793721
mock-14	Mock 5	mock-14|Mock 5	TAC	13	0.030717366215149127
mock-14	Mock 5	mock-14|Mock 5	TAC	14	0.026969568122456416
mock-14	Mock 5	mock-14|Mock 5	TAC	15	0.026009840247828465
mock-14	Mock 5	mock-14|Mock 5	TAC	16	0.021806475126040212
mock-14	Mock 5	mock-14|Mock 5	TAC	17	0.016770940897770762
mock-14	Mock 5	mock-14|Mock 5	TAC	18	0.013302557249589992
mock-14	Mock 5	mock-14|Mock 5	TAC	19	0.0035048290105084137
mock-14	Mock 5	mock-14|Mock 5	TAC	20	0.00032193403389418695
mock-15	Mock 6	mock-15|Mock 6	EXPECTED	1	0.0476190477
mock-15	Mock 6	mock-15|Mock 6	EXPECTED	2	0.0476190477
mock-15	Mock 6	mock-15|Mock 6	EXPECTED	3	0.0476190477
mock-15	Mock 6	mock-15|Mock 6	EXPECTED	4	0.0476190477
mock-15	Mock 6	mock-15|Mock 6	EXPECTED	5	0.0476190476
mock-15	Mock 6	mock-15|Mock 6	EXPECTED	6	0.0476190476
mock-15	Mock 6	mock-15|Mock 6	EXPECTED	7	0.0476190476
mock-15	Mock 6	mock-15|Mock 6	EXPECTED	8	0.0476190476
mock-15	Mock 6	mock-15|Mock 6	EXPECTED	9	0.0476190476
mock-15	Mock 6	mock-15|Mock 6	EXPECTED	10	0.0476190476
mock-15	Mock 6	mock-15|Mock 6	EXPECTED	11	0.0476190476
mock-15	Mock 6	mock-15|Mock 6	EXPECTED	12	0.0476190476
mock-15	Mock 6	mock-15|Mock 6	EXPECTED	13	0.0476190476
mock-15	Mock 6	mock-15|Mock 6	EXPECTED	14	0.0476190476
mock-15	Mock 6	mock-15|Mock 6	EXPECTED	15	0.0476190476
mock-15	Mock 6	mock-15|Mock 6	EXPECTED	16	0.0476190476
mock-15	Mock 6	mock-15|Mock 6	EXPECTED	17	0.0476190476
mock-15	Mock 6	mock-15|Mock 6	EXPECTED	18	0.0476190476
mock-15	Mock 6	mock-15|Mock 6	EXPECTED	19	0.0476190476
mock-15	Mock 6	mock-15|Mock 6	EXPECTED	20	0.0476190476
mock-15	Mock 6	mock-15|Mock 6	EXPECTED	21	0.0476190476
mock-15	Mock 6	mock-15|Mock 6	ASV	1	0.13684399425745733
mock-15	Mock 6	mock-15|Mock 6	ASV	2	0.1265951507417451
mock-15	Mock 6	mock-15|Mock 6	ASV	3	0.11799130642845748
mock-15	Mock 6	mock-15|Mock 6	ASV	4	0.10494097942255544
mock-15	Mock 6	mock-15|Mock 6	ASV	5	0.08730459403413623
mock-15	Mock 6	mock-15|Mock 6	ASV	6	0.07873065879725634
mock-15	Mock 6	mock-15|Mock 6	ASV	7	0.0715325410751316
mock-15	Mock 6	mock-15|Mock 6	ASV	8	0.04829318870633274
mock-15	Mock 6	mock-15|Mock 6	ASV	9	0.04736600733769342
mock-15	Mock 6	mock-15|Mock 6	ASV	10	0.03860264795023131
mock-15	Mock 6	mock-15|Mock 6	ASV	11	0.038094193651300054
mock-15	Mock 6	mock-15|Mock 6	ASV	12	0.035940740149944174
mock-15	Mock 6	mock-15|Mock 6	ASV	13	0.025602169405008778
mock-15	Mock 6	mock-15|Mock 6	ASV	14	0.018892566597543462
mock-15	Mock 6	mock-15|Mock 6	ASV	15	0.016300446642207686
mock-15	Mock 6	mock-15|Mock 6	ASV	16	0.0041573616206731535
mock-15	Mock 6	mock-15|Mock 6	ASV	17	0.001146514595629287
mock-15	Mock 6	mock-15|Mock 6	ASV	18	0.000897272292231616
mock-15	Mock 6	mock-15|Mock 6	ASV	19	0.0007676662944648269
mock-15	Mock 6	mock-15|Mock 6	zOTU	1	0.1280858467609541
mock-15	Mock 6	mock-15|Mock 6	zOTU	2	0.1021194723259575
mock-15	Mock 6	mock-15|Mock 6	zOTU	3	0.1019077398943793
mock-15	Mock 6	mock-15|Mock 6	zOTU	4	0.0881972978031993
mock-15	Mock 6	mock-15|Mock 6	zOTU	5	0.08173792434708163
mock-15	Mock 6	mock-15|Mock 6	zOTU	6	0.0713139378243112
mock-15	Mock 6	mock-15|Mock 6	zOTU	7	0.0664747777576615
mock-15	Mock 6	mock-15|Mock 6	zOTU	8	0.04790676408404244
mock-15	Mock 6	mock-15|Mock 6	zOTU	9	0.04767048296474502
mock-15	Mock 6	mock-15|Mock 6	zOTU	10	0.04462337710159782
mock-15	Mock 6	mock-15|Mock 6	zOTU	11	0.04446074204545804
mock-15	Mock 6	mock-15|Mock 6	zOTU	12	0.037025558252501665
mock-15	Mock 6	mock-15|Mock 6	zOTU	13	0.03613259973671533
mock-15	Mock 6	mock-15|Mock 6	zOTU	14	0.030290012059542848
mock-15	Mock 6	mock-15|Mock 6	zOTU	15	0.02129598659641651
mock-15	Mock 6	mock-15|Mock 6	zOTU	16	0.01678209664204638
mock-15	Mock 6	mock-15|Mock 6	zOTU	17	0.015401232957840698
mock-15	Mock 6	mock-15|Mock 6	zOTU	18	0.015060619915736631
mock-15	Mock 6	mock-15|Mock 6	zOTU	19	0.003360101631567158
mock-15	Mock 6	mock-15|Mock 6	zOTU	20	0.00015342929824507576
mock-15	Mock 6	mock-15|Mock 6	OTU	1	0.12808034440329305
mock-15	Mock 6	mock-15|Mock 6	OTU	2	0.10211508544110567
mock-15	Mock 6	mock-15|Mock 6	OTU	3	0.10190336210520504
mock-15	Mock 6	mock-15|Mock 6	OTU	4	0.08819350899210489
mock-15	Mock 6	mock-15|Mock 6	OTU	5	0.08173441302006464
mock-15	Mock 6	mock-15|Mock 6	OTU	6	0.07131087429463911
mock-15	Mock 6	mock-15|Mock 6	OTU	7	0.06647192211036002
mock-15	Mock 6	mock-15|Mock 6	OTU	8	0.047901637633976396
mock-15	Mock 6	mock-15|Mock 6	OTU	9	0.04766843511907136
mock-15	Mock 6	mock-15|Mock 6	OTU	10	0.04462146015458873
mock-15	Mock 6	mock-15|Mock 6	OTU	11	0.0444588320849839
mock-15	Mock 6	mock-15|Mock 6	OTU	12	0.03702396769531479
mock-15	Mock 6	mock-15|Mock 6	OTU	13	0.03613104753956005
mock-15	Mock 6	mock-15|Mock 6	OTU	14	0.030288710850360695
mock-15	Mock 6	mock-15|Mock 6	OTU	15	0.02129507175580015
mock-15	Mock 6	mock-15|Mock 6	OTU	16	0.016781375710730694
mock-15	Mock 6	mock-15|Mock 6	OTU	17	0.015400571346161518
mock-15	Mock 6	mock-15|Mock 6	OTU	18	0.015059972936234456
mock-15	Mock 6	mock-15|Mock 6	OTU	19	0.003359957287118323
mock-15	Mock 6	mock-15|Mock 6	OTU	20	0.00019944951932665845
mock-15	Mock 6	mock-15|Mock 6	TIC	1	0.12807995139583553
mock-15	Mock 6	mock-15|Mock 6	TIC	2	0.10211477210661006
mock-15	Mock 6	mock-15|Mock 6	TIC	3	0.1019030494203708
mock-15	Mock 6	mock-15|Mock 6	TIC	4	0.08819323837519714
mock-15	Mock 6	mock-15|Mock 6	TIC	5	0.08173416222253589
mock-15	Mock 6	mock-15|Mock 6	TIC	6	0.07131065548116282
mock-15	Mock 6	mock-15|Mock 6	TIC	7	0.06647171814494106
mock-15	Mock 6	mock-15|Mock 6	TIC	8	0.047904559095177025
mock-15	Mock 6	mock-15|Mock 6	TIC	9	0.047668288851112926
mock-15	Mock 6	mock-15|Mock 6	TIC	10	0.04462132323610455
mock-15	Mock 6	mock-15|Mock 6	TIC	11	0.04445869566551498
mock-15	Mock 6	mock-15|Mock 6	TIC	12	0.037023854089316285
mock-15	Mock 6	mock-15|Mock 6	TIC	13	0.036130936673437704
mock-15	Mock 6	mock-15|Mock 6	TIC	14	0.030288617911125568
mock-15	Mock 6	mock-15|Mock 6	TIC	15	0.021295006413049485
mock-15	Mock 6	mock-15|Mock 6	TIC	16	0.016781324218006863
mock-15	Mock 6	mock-15|Mock 6	TIC	17	0.01540052409035956
mock-15	Mock 6	mock-15|Mock 6	TIC	18	0.015059926725539893
mock-15	Mock 6	mock-15|Mock 6	TIC	19	0.0033599469772750985
mock-15	Mock 6	mock-15|Mock 6	TIC	20	0.0001994489073268324
mock-15	Mock 6	mock-15|Mock 6	TAC	1	0.1280799513958355
mock-15	Mock 6	mock-15|Mock 6	TAC	2	0.10211477210661006
mock-15	Mock 6	mock-15|Mock 6	TAC	3	0.10190304942037082
mock-15	Mock 6	mock-15|Mock 6	TAC	4	0.08819323837519714
mock-15	Mock 6	mock-15|Mock 6	TAC	5	0.08173416222253588
mock-15	Mock 6	mock-15|Mock 6	TAC	6	0.07131065548116283
mock-15	Mock 6	mock-15|Mock 6	TAC	7	0.06647171814494106
mock-15	Mock 6	mock-15|Mock 6	TAC	8	0.04790455909517701
mock-15	Mock 6	mock-15|Mock 6	TAC	9	0.047668288851112926
mock-15	Mock 6	mock-15|Mock 6	TAC	10	0.04462132323610455
mock-15	Mock 6	mock-15|Mock 6	TAC	11	0.04445869566551499
mock-15	Mock 6	mock-15|Mock 6	TAC	12	0.03702385408931628
mock-15	Mock 6	mock-15|Mock 6	TAC	13	0.036130936673437704
mock-15	Mock 6	mock-15|Mock 6	TAC	14	0.030288617911125568
mock-15	Mock 6	mock-15|Mock 6	TAC	15	0.021295006413049482
mock-15	Mock 6	mock-15|Mock 6	TAC	16	0.016781324218006863
mock-15	Mock 6	mock-15|Mock 6	TAC	17	0.01540052409035956
mock-15	Mock 6	mock-15|Mock 6	TAC	18	0.015059926725539893
mock-15	Mock 6	mock-15|Mock 6	TAC	19	0.0033599469772750985
mock-15	Mock 6	mock-15|Mock 6	TAC	20	0.00019944890732683237
mock-16	Mock 7	mock-16|Mock 7	EXPECTED	1	0.0338983052
mock-16	Mock 7	mock-16|Mock 7	EXPECTED	2	0.0338983052
mock-16	Mock 7	mock-16|Mock 7	EXPECTED	3	0.033898305
mock-16	Mock 7	mock-16|Mock 7	EXPECTED	4	0.0169491526
mock-16	Mock 7	mock-16|Mock 7	EXPECTED	5	0.0169491526
mock-16	Mock 7	mock-16|Mock 7	EXPECTED	6	0.0169491526
mock-16	Mock 7	mock-16|Mock 7	EXPECTED	7	0.0169491526
mock-16	Mock 7	mock-16|Mock 7	EXPECTED	8	0.0169491526
mock-16	Mock 7	mock-16|Mock 7	EXPECTED	9	0.0169491526
mock-16	Mock 7	mock-16|Mock 7	EXPECTED	10	0.0169491526
mock-16	Mock 7	mock-16|Mock 7	EXPECTED	11	0.0169491526
mock-16	Mock 7	mock-16|Mock 7	EXPECTED	12	0.0169491526
mock-16	Mock 7	mock-16|Mock 7	EXPECTED	13	0.0169491526
mock-16	Mock 7	mock-16|Mock 7	EXPECTED	14	0.0169491526
mock-16	Mock 7	mock-16|Mock 7	EXPECTED	15	0.0169491526
mock-16	Mock 7	mock-16|Mock 7	EXPECTED	16	0.0169491526
mock-16	Mock 7	mock-16|Mock 7	EXPECTED	17	0.0169491526
mock-16	Mock 7	mock-16|Mock 7	EXPECTED	18	0.0169491526
mock-16	Mock 7	mock-16|Mock 7	EXPECTED	19	0.0169491526
mock-16	Mock 7	mock-16|Mock 7	EXPECTED	20	0.0169491526
mock-16	Mock 7	mock-16|Mock 7	EXPECTED	21	0.0169491526
mock-16	Mock 7	mock-16|Mock 7	EXPECTED	22	0.0169491526
mock-16	Mock 7	mock-16|Mock 7	EXPECTED	23	0.0169491526
mock-16	Mock 7	mock-16|Mock 7	EXPECTED	24	0.0169491526
mock-16	Mock 7	mock-16|Mock 7	EXPECTED	25	0.0169491525
mock-16	Mock 7	mock-16|Mock 7	EXPECTED	26	0.0169491525
mock-16	Mock 7	mock-16|Mock 7	EXPECTED	27	0.0169491525
mock-16	Mock 7	mock-16|Mock 7	EXPECTED	28	0.0169491525
mock-16	Mock 7	mock-16|Mock 7	EXPECTED	29	0.0169491525
mock-16	Mock 7	mock-16|Mock 7	EXPECTED	30	0.0169491525
mock-16	Mock 7	mock-16|Mock 7	EXPECTED	31	0.0169491525
mock-16	Mock 7	mock-16|Mock 7	EXPECTED	32	0.0169491525
mock-16	Mock 7	mock-16|Mock 7	EXPECTED	33	0.0169491525
mock-16	Mock 7	mock-16|Mock 7	EXPECTED	34	0.0169491525
mock-16	Mock 7	mock-16|Mock 7	EXPECTED	35	0.0169491525
mock-16	Mock 7	mock-16|Mock 7	EXPECTED	36	0.0169491525
mock-16	Mock 7	mock-16|Mock 7	EXPECTED	37	0.0169491525
mock-16	Mock 7	mock-16|Mock 7	EXPECTED	38	0.0169491525
mock-16	Mock 7	mock-16|Mock 7	EXPECTED	39	0.0169491525
mock-16	Mock 7	mock-16|Mock 7	EXPECTED	40	0.0169491525
mock-16	Mock 7	mock-16|Mock 7	EXPECTED	41	0.0169491525
mock-16	Mock 7	mock-16|Mock 7	EXPECTED	42	0.0169491525
mock-16	Mock 7	mock-16|Mock 7	EXPECTED	43	0.0169491525
mock-16	Mock 7	mock-16|Mock 7	EXPECTED	44	0.0169491525
mock-16	Mock 7	mock-16|Mock 7	EXPECTED	45	0.0169491525
mock-16	Mock 7	mock-16|Mock 7	EXPECTED	46	0.0169491525
mock-16	Mock 7	mock-16|Mock 7	EXPECTED	47	0.0169491525
mock-16	Mock 7	mock-16|Mock 7	EXPECTED	48	0.0169491525
mock-16	Mock 7	mock-16|Mock 7	EXPECTED	49	0.0169491525
mock-16	Mock 7	mock-16|Mock 7	EXPECTED	50	0.0169491525
mock-16	Mock 7	mock-16|Mock 7	EXPECTED	51	0.0169491525
mock-16	Mock 7	mock-16|Mock 7	EXPECTED	52	0.0169491525
mock-16	Mock 7	mock-16|Mock 7	EXPECTED	53	0.0169491525
mock-16	Mock 7	mock-16|Mock 7	EXPECTED	54	0.0169491525
mock-16	Mock 7	mock-16|Mock 7	EXPECTED	55	0.0169491525
mock-16	Mock 7	mock-16|Mock 7	EXPECTED	56	0.0169491525
mock-16	Mock 7	mock-16|Mock 7	ASV	1	0.11781102438641056
mock-16	Mock 7	mock-16|Mock 7	ASV	2	0.06182235894780879
mock-16	Mock 7	mock-16|Mock 7	ASV	3	0.050272847669873964
mock-16	Mock 7	mock-16|Mock 7	ASV	4	0.04423113814805655
mock-16	Mock 7	mock-16|Mock 7	ASV	5	0.04063477241892577
mock-16	Mock 7	mock-16|Mock 7	ASV	6	0.04009393078613874
mock-16	Mock 7	mock-16|Mock 7	ASV	7	0.03799296905877377
mock-16	Mock 7	mock-16|Mock 7	ASV	8	0.03781499980354043
mock-16	Mock 7	mock-16|Mock 7	ASV	9	0.036284926466339545
mock-16	Mock 7	mock-16|Mock 7	ASV	10	0.0355245123757971
mock-16	Mock 7	mock-16|Mock 7	ASV	11	0.027689242567472308
mock-16	Mock 7	mock-16|Mock 7	ASV	12	0.02765919581009525
mock-16	Mock 7	mock-16|Mock 7	ASV	13	0.025502763146034182
mock-16	Mock 7	mock-16|Mock 7	ASV	14	0.02533172775788785
mock-16	Mock 7	mock-16|Mock 7	ASV	15	0.025290124555365775
mock-16	Mock 7	mock-16|Mock 7	ASV	16	0.024883337686261
mock-16	Mock 7	mock-16|Mock 7	ASV	17	0.021751541051960088
mock-16	Mock 7	mock-16|Mock 7	ASV	18	0.021737673317786064
mock-16	Mock 7	mock-16|Mock 7	ASV	19	0.021661400779828924
mock-16	Mock 7	mock-16|Mock 7	ASV	20	0.02046646435183366
mock-16	Mock 7	mock-16|Mock 7	ASV	21	0.018347012312236656
mock-16	Mock 7	mock-16|Mock 7	ASV	22	0.017831594858768687
mock-16	Mock 7	mock-16|Mock 7	ASV	23	0.017820038413623666
mock-16	Mock 7	mock-16|Mock 7	ASV	24	0.017172877485502443
mock-16	Mock 7	mock-16|Mock 7	ASV	25	0.01568902992888164
mock-16	Mock 7	mock-16|Mock 7	ASV	26	0.014581922483988546
mock-16	Mock 7	mock-16|Mock 7	ASV	27	0.014073438897607586
mock-16	Mock 7	mock-16|Mock 7	ASV	28	0.013197460355614933
mock-16	Mock 7	mock-16|Mock 7	ASV	29	0.011641962839094992
mock-16	Mock 7	mock-16|Mock 7	ASV	30	0.009464728573772879
mock-16	Mock 7	mock-16|Mock 7	ASV	31	0.009171194867089325
mock-16	Mock 7	mock-16|Mock 7	ASV	32	0.009064875571755124
mock-16	Mock 7	mock-16|Mock 7	ASV	33	0.008674267725853385
mock-16	Mock 7	mock-16|Mock 7	ASV	34	0.007994748751326101
mock-16	Mock 7	mock-16|Mock 7	ASV	35	0.00763881024085943
mock-16	Mock 7	mock-16|Mock 7	ASV	36	0.006198877175789711
mock-16	Mock 7	mock-16|Mock 7	ASV	37	0.005986238585121309
mock-16	Mock 7	mock-16|Mock 7	ASV	38	0.005859117688526068
mock-16	Mock 7	mock-16|Mock 7	ASV	39	0.00544770824136329
mock-16	Mock 7	mock-16|Mock 7	ASV	40	0.005385303437580173
mock-16	Mock 7	mock-16|Mock 7	ASV	41	0.00517728742496978
mock-16	Mock 7	mock-16|Mock 7	ASV	42	0.0050386100832295186
mock-16	Mock 7	mock-16|Mock 7	ASV	43	0.004987761724591423
mock-16	Mock 7	mock-16|Mock 7	ASV	44	0.0046456909482987755
mock-16	Mock 7	mock-16|Mock 7	ASV	45	0.004268950836571065
mock-16	Mock 7	mock-16|Mock 7	ASV	46	0.004204234743758941
mock-16	Mock 7	mock-16|Mock 7	ASV	47	0.002845196794704375
mock-16	Mock 7	mock-16|Mock 7	ASV	48	0.001913747316015615
mock-16	Mock 7	mock-16|Mock 7	ASV	49	0.0011510219364441743
mock-16	Mock 7	mock-16|Mock 7	ASV	50	6.933867087013099e-05
mock-16	Mock 7	mock-16|Mock 7	zOTU	1	0.11348619671416398
mock-16	Mock 7	mock-16|Mock 7	zOTU	2	0.060351968925266064
mock-16	Mock 7	mock-16|Mock 7	zOTU	3	0.048056838225093636
mock-16	Mock 7	mock-16|Mock 7	zOTU	4	0.0419191819100656
mock-16	Mock 7	mock-16|Mock 7	zOTU	5	0.04145147545532016
mock-16	Mock 7	mock-16|Mock 7	zOTU	6	0.03763055153689134
mock-16	Mock 7	mock-16|Mock 7	zOTU	7	0.034564696089894764
mock-16	Mock 7	mock-16|Mock 7	zOTU	8	0.034556768861848226
mock-16	Mock 7	mock-16|Mock 7	zOTU	9	0.034340751897580214
mock-16	Mock 7	mock-16|Mock 7	zOTU	10	0.03414058938940526
mock-16	Mock 7	mock-16|Mock 7	zOTU	11	0.03161180364256128
mock-16	Mock 7	mock-16|Mock 7	zOTU	12	0.025983471729522978
mock-16	Mock 7	mock-16|Mock 7	zOTU	13	0.02569016429180126
mock-16	Mock 7	mock-16|Mock 7	zOTU	14	0.024017519173982836
mock-16	Mock 7	mock-16|Mock 7	zOTU	15	0.023446758754632473
mock-16	Mock 7	mock-16|Mock 7	zOTU	16	0.02297508868586377
mock-16	Mock 7	mock-16|Mock 7	zOTU	17	0.02205354842545433
mock-16	Mock 7	mock-16|Mock 7	zOTU	18	0.020701956043520476
mock-16	Mock 7	mock-16|Mock 7	zOTU	19	0.020618720149031884
mock-16	Mock 7	mock-16|Mock 7	zOTU	20	0.0203630670445312
mock-16	Mock 7	mock-16|Mock 7	zOTU	21	0.01959412592401752
mock-16	Mock 7	mock-16|Mock 7	zOTU	22	0.019374145345726235
mock-16	Mock 7	mock-16|Mock 7	zOTU	23	0.01758259180720981
mock-16	Mock 7	mock-16|Mock 7	zOTU	24	0.01748151964961652
mock-16	Mock 7	mock-16|Mock 7	zOTU	25	0.017400265562139562
mock-16	Mock 7	mock-16|Mock 7	zOTU	26	0.0167403238272657
mock-16	Mock 7	mock-16|Mock 7	zOTU	27	0.014796171148853524
mock-16	Mock 7	mock-16|Mock 7	zOTU	28	0.01379734041499039
mock-16	Mock 7	mock-16|Mock 7	zOTU	29	0.013365306486454348
mock-16	Mock 7	mock-16|Mock 7	zOTU	30	0.011756079193008185
mock-16	Mock 7	mock-16|Mock 7	zOTU	31	0.009496819199746327
mock-16	Mock 7	mock-16|Mock 7	zOTU	32	0.008918131552349433
mock-16	Mock 7	mock-16|Mock 7	zOTU	33	0.008710041816127945
mock-16	Mock 7	mock-16|Mock 7	zOTU	34	0.00804415466021919
mock-16	Mock 7	mock-16|Mock 7	zOTU	35	0.007992627677916725
mock-16	Mock 7	mock-16|Mock 7	zOTU	36	0.007211795715333241
mock-16	Mock 7	mock-16|Mock 7	zOTU	37	0.006101983788818645
mock-16	Mock 7	mock-16|Mock 7	zOTU	38	0.005882003210527359
mock-16	Mock 7	mock-16|Mock 7	zOTU	39	0.005767058403852633
mock-16	Mock 7	mock-16|Mock 7	zOTU	40	0.005685804316375671
mock-16	Mock 7	mock-16|Mock 7	zOTU	41	0.005426187597851721
mock-16	Mock 7	mock-16|Mock 7	zOTU	42	0.0053786242295725244
mock-16	Mock 7	mock-16|Mock 7	zOTU	43	0.004853445371489724
mock-16	Mock 7	mock-16|Mock 7	zOTU	44	0.004829663687350126
mock-16	Mock 7	mock-16|Mock 7	zOTU	45	0.0046176103371053726
mock-16	Mock 7	mock-16|Mock 7	zOTU	46	0.004599774074000674
mock-16	Mock 7	mock-16|Mock 7	zOTU	47	0.004546265284686577
mock-16	Mock 7	mock-16|Mock 7	zOTU	48	0.004211339899720567
mock-16	Mock 7	mock-16|Mock 7	zOTU	49	0.003210527358845796
mock-16	Mock 7	mock-16|Mock 7	zOTU	50	0.002419786361204146
mock-16	Mock 7	mock-16|Mock 7	zOTU	51	0.0021562060286569296
mock-16	Mock 7	mock-16|Mock 7	zOTU	52	9.116312253512753e-05
mock-16	Mock 7	mock-16|Mock 7	OTU	1	0.11356924840496528
mock-16	Mock 7	mock-16|Mock 7	OTU	2	0.06039613582139579
mock-16	Mock 7	mock-16|Mock 7	OTU	3	0.048074157958514226
mock-16	Mock 7	mock-16|Mock 7	OTU	4	0.04194985928789162
mock-16	Mock 7	mock-16|Mock 7	OTU	5	0.04148181055529223
mock-16	Mock 7	mock-16|Mock 7	OTU	6	0.0376541238861531
mock-16	Mock 7	mock-16|Mock 7	OTU	7	0.03458999129350027
mock-16	Mock 7	mock-16|Mock 7	OTU	8	0.03441744790478778
mock-16	Mock 7	mock-16|Mock 7	OTU	9	0.0343658832139082
mock-16	Mock 7	mock-16|Mock 7	OTU	10	0.03416557422241438
mock-16	Mock 7	mock-16|Mock 7	OTU	11	0.03162700482526511
mock-16	Mock 7	mock-16|Mock 7	OTU	12	0.02926891184619443
mock-16	Mock 7	mock-16|Mock 7	OTU	13	0.025996537232681704
mock-16	Mock 7	mock-16|Mock 7	OTU	14	0.025756563094357438
mock-16	Mock 7	mock-16|Mock 7	OTU	15	0.02403509572191559
mock-16	Mock 7	mock-16|Mock 7	OTU	16	0.023463917607557
mock-16	Mock 7	mock-16|Mock 7	OTU	17	0.022991902360274565
mock-16	Mock 7	mock-16|Mock 7	OTU	18	0.020717106189547838
mock-16	Mock 7	mock-16|Mock 7	OTU	19	0.020633809381203877
mock-16	Mock 7	mock-16|Mock 7	OTU	20	0.02037796918414743
mock-16	Mock 7	mock-16|Mock 7	OTU	21	0.01960846533563656
mock-16	Mock 7	mock-16|Mock 7	OTU	22	0.019388323770727516
mock-16	Mock 7	mock-16|Mock 7	OTU	23	0.01866245158373015
mock-16	Mock 7	mock-16|Mock 7	OTU	24	0.01759545913399085
mock-16	Mock 7	mock-16|Mock 7	OTU	25	0.017494313009573187
mock-16	Mock 7	mock-16|Mock 7	OTU	26	0.01741299945857075
mock-16	Mock 7	mock-16|Mock 7	OTU	27	0.016744641734477542
mock-16	Mock 7	mock-16|Mock 7	OTU	28	0.015041023678109403
mock-16	Mock 7	mock-16|Mock 7	OTU	29	0.014806999311809703
mock-16	Mock 7	mock-16|Mock 7	OTU	30	0.013375087511230194
mock-16	Mock 7	mock-16|Mock 7	OTU	31	0.011764682549913632
mock-16	Mock 7	mock-16|Mock 7	OTU	32	0.009503769180577566
mock-16	Mock 7	mock-16|Mock 7	OTU	33	0.008924658036852887
mock-16	Mock 7	mock-16|Mock 7	OTU	34	0.008716416015992988
mock-16	Mock 7	mock-16|Mock 7	OTU	35	0.008075823894681103
mock-16	Mock 7	mock-16|Mock 7	OTU	36	0.007998476858361712
mock-16	Mock 7	mock-16|Mock 7	OTU	37	0.006106449354548899
mock-16	Mock 7	mock-16|Mock 7	OTU	38	0.005886307789639862
mock-16	Mock 7	mock-16|Mock 7	OTU	39	0.005771278863831534
mock-16	Mock 7	mock-16|Mock 7	OTU	40	0.005430158601089603
mock-16	Mock 7	mock-16|Mock 7	OTU	41	0.0048331981412912195
mock-16	Mock 7	mock-16|Mock 7	OTU	42	0.0046209896057482725
mock-16	Mock 7	mock-16|Mock 7	OTU	43	0.004603140289674568
mock-16	Mock 7	mock-16|Mock 7	OTU	44	0.004218388365419132
mock-16	Mock 7	mock-16|Mock 7	OTU	45	0.00321287689326704
mock-16	Mock 7	mock-16|Mock 7	OTU	46	0.002421557213999418
mock-16	Mock 7	mock-16|Mock 7	OTU	47	0.0021577839875768757
mock-16	Mock 7	mock-16|Mock 7	OTU	48	9.122983771005176e-05
mock-16	Mock 7	mock-16|Mock 7	TIC	1	0.1180550115243
mock-16	Mock 7	mock-16|Mock 7	TIC	2	0.06278166502426495
mock-16	Mock 7	mock-16|Mock 7	TIC	3	0.04360679665692222
mock-16	Mock 7	mock-16|Mock 7	TIC	4	0.04312026091509952
mock-16	Mock 7	mock-16|Mock 7	TIC	5	0.039145511295463266
mock-16	Mock 7	mock-16|Mock 7	TIC	6	0.03595622827597297
mock-16	Mock 7	mock-16|Mock 7	TIC	7	0.035723268365693464
mock-16	Mock 7	mock-16|Mock 7	TIC	8	0.03551504756093036
mock-16	Mock 7	mock-16|Mock 7	TIC	9	0.03288445600768562
mock-16	Mock 7	mock-16|Mock 7	TIC	10	0.030443530930066673
mock-16	Mock 7	mock-16|Mock 7	TIC	11	0.027029534368802347
mock-16	Mock 7	mock-16|Mock 7	TIC	12	0.02672441873409997
mock-16	Mock 7	mock-16|Mock 7	TIC	13	0.02498443497944593
mock-16	Mock 7	mock-16|Mock 7	TIC	14	0.024959695873929516
mock-16	Mock 7	mock-16|Mock 7	TIC	15	0.02439069644705213
mock-16	Mock 7	mock-16|Mock 7	TIC	16	0.023900037520976698
mock-16	Mock 7	mock-16|Mock 7	TIC	17	0.021535391352033344
mock-16	Mock 7	mock-16|Mock 7	TIC	18	0.021448804482725924
mock-16	Mock 7	mock-16|Mock 7	TIC	19	0.02118285909842453
mock-16	Mock 7	mock-16|Mock 7	TIC	20	0.020721062462118245
mock-16	Mock 7	mock-16|Mock 7	TIC	21	0.020382961353394003
mock-16	Mock 7	mock-16|Mock 7	TIC	22	0.02015412462736723
mock-16	Mock 7	mock-16|Mock 7	TIC	23	0.018290445345131138
mock-16	Mock 7	mock-16|Mock 7	TIC	24	0.018185304146686405
mock-16	Mock 7	mock-16|Mock 7	TIC	25	0.018100778869505348
mock-16	Mock 7	mock-16|Mock 7	TIC	26	0.017414268691425015
mock-16	Mock 7	mock-16|Mock 7	TIC	27	0.015391846815458644
mock-16	Mock 7	mock-16|Mock 7	TIC	28	0.014352804383769499
mock-16	Mock 7	mock-16|Mock 7	TIC	29	0.013903377300221417
mock-16	Mock 7	mock-16|Mock 7	TIC	30	0.012229364493611127
mock-16	Mock 7	mock-16|Mock 7	TIC	31	0.009879149469552345
mock-16	Mock 7	mock-16|Mock 7	TIC	32	0.009277164568653079
mock-16	Mock 7	mock-16|Mock 7	TIC	33	0.00906069739538451
mock-16	Mock 7	mock-16|Mock 7	TIC	34	0.008368002440925082
mock-16	Mock 7	mock-16|Mock 7	TIC	35	0.008314401045639528
mock-16	Mock 7	mock-16|Mock 7	TIC	36	0.006347642157085075
mock-16	Mock 7	mock-16|Mock 7	TIC	37	0.006118805431058298
mock-16	Mock 7	mock-16|Mock 7	TIC	38	0.005999233087728992
mock-16	Mock 7	mock-16|Mock 7	TIC	39	0.005914707810547931
mock-16	Mock 7	mock-16|Mock 7	TIC	40	0.005644639241993808
mock-16	Mock 7	mock-16|Mock 7	TIC	41	0.005595161030960991
mock-16	Mock 7	mock-16|Mock 7	TIC	42	0.005048839117473643
mock-16	Mock 7	mock-16|Mock 7	TIC	43	0.005024100011957235
mock-16	Mock 7	mock-16|Mock 7	TIC	44	0.004803509654435928
mock-16	Mock 7	mock-16|Mock 7	TIC	45	0.004784955325298622
mock-16	Mock 7	mock-16|Mock 7	TIC	46	0.004729292337886704
mock-16	Mock 7	mock-16|Mock 7	TIC	47	0.0043808832685306226
mock-16	Mock 7	mock-16|Mock 7	TIC	48	0.003339779244715109
mock-16	Mock 7	mock-16|Mock 7	TIC	49	0.0025172039862945356
mock-16	Mock 7	mock-16|Mock 7	TIC	50	0.002243012233487679
mock-16	Mock 7	mock-16|Mock 7	TIC	51	9.483323781289816e-05
mock-16	Mock 7	mock-16|Mock 7	TAC	1	0.11627609480936399
mock-16	Mock 7	mock-16|Mock 7	TAC	2	0.061835636966149105
mock-16	Mock 7	mock-16|Mock 7	TAC	3	0.04923824781769118
mock-16	Mock 7	mock-16|Mock 7	TAC	4	0.042949705878172456
mock-16	Mock 7	mock-16|Mock 7	TAC	5	0.04247050151984942
mock-16	Mock 7	mock-16|Mock 7	TAC	6	0.03855564557558333
mock-16	Mock 7	mock-16|Mock 7	TAC	7	0.03541442039623703
mock-16	Mock 7	mock-16|Mock 7	TAC	8	0.035184970851785756
mock-16	Mock 7	mock-16|Mock 7	TAC	9	0.034979887630639035
mock-16	Mock 7	mock-16|Mock 7	TAC	10	0.03238893525258741
mock-16	Mock 7	mock-16|Mock 7	TAC	11	0.029984791353204074
mock-16	Mock 7	mock-16|Mock 7	TAC	12	0.026622238737174692
mock-16	Mock 7	mock-16|Mock 7	TAC	13	0.026321720749751767
mock-16	Mock 7	mock-16|Mock 7	TAC	14	0.02460795601066433
mock-16	Mock 7	mock-16|Mock 7	TAC	15	0.02402316425135487
mock-16	Mock 7	mock-16|Mock 7	TAC	16	0.02353989883914775
mock-16	Mock 7	mock-16|Mock 7	TAC	17	0.021210884436620146
mock-16	Mock 7	mock-16|Mock 7	TAC	18	0.021125602305054187
mock-16	Mock 7	mock-16|Mock 7	TAC	19	0.020863664329530157
mock-16	Mock 7	mock-16|Mock 7	TAC	20	0.02007581987601603
mock-16	Mock 7	mock-16|Mock 7	TAC	21	0.019850431385448845
mock-16	Mock 7	mock-16|Mock 7	TAC	22	0.019109289051601783
mock-16	Mock 7	mock-16|Mock 7	TAC	23	0.018014835029838597
mock-16	Mock 7	mock-16|Mock 7	TAC	24	0.017911278155794214
mock-16	Mock 7	mock-16|Mock 7	TAC	25	0.0178280265511703
mock-16	Mock 7	mock-16|Mock 7	TAC	26	0.017151861079468738
mock-16	Mock 7	mock-16|Mock 7	TAC	27	0.015159914149320892
mock-16	Mock 7	mock-16|Mock 7	TAC	28	0.013693873697163152
mock-16	Mock 7	mock-16|Mock 7	TAC	29	0.01204508582022121
mock-16	Mock 7	mock-16|Mock 7	TAC	30	0.010822708601109074
mock-16	Mock 7	mock-16|Mock 7	TAC	31	0.009730285106287933
mock-16	Mock 7	mock-16|Mock 7	TAC	32	0.009137371239210289
mock-16	Mock 7	mock-16|Mock 7	TAC	33	0.008924165910295382
mock-16	Mock 7	mock-16|Mock 7	TAC	34	0.008241908857767682
mock-16	Mock 7	mock-16|Mock 7	TAC	35	0.008189115157274466
mock-16	Mock 7	mock-16|Mock 7	TAC	36	0.006251992454561884
mock-16	Mock 7	mock-16|Mock 7	TAC	37	0.006026603963994698
mock-16	Mock 7	mock-16|Mock 7	TAC	38	0.005908833401355987
mock-16	Mock 7	mock-16|Mock 7	TAC	39	0.005825581796732071
mock-16	Mock 7	mock-16|Mock 7	TAC	40	0.00555958276732395
mock-16	Mock 7	mock-16|Mock 7	TAC	41	0.005510850120714828
mock-16	Mock 7	mock-16|Mock 7	TAC	42	0.004948394157767884
mock-16	Mock 7	mock-16|Mock 7	TAC	43	0.004731127774968883
mock-16	Mock 7	mock-16|Mock 7	TAC	44	0.004712853032490462
mock-16	Mock 7	mock-16|Mock 7	TAC	45	0.0046580288050552
mock-16	Mock 7	mock-16|Mock 7	TAC	46	0.004314869751849305
mock-16	Mock 7	mock-16|Mock 7	TAC	47	0.0032894536461157043
mock-16	Mock 7	mock-16|Mock 7	TAC	48	0.0024792733962390586
mock-16	Mock 7	mock-16|Mock 7	TAC	49	0.002209213312946843
mock-16	Mock 7	mock-16|Mock 7	TAC	50	9.340423933414963e-05
mock-18	Mock 8	mock-18|Mock 8	EXPECTED	1	0.06666666666666667
mock-18	Mock 8	mock-18|Mock 8	EXPECTED	2	0.06666666666666667
mock-18	Mock 8	mock-18|Mock 8	EXPECTED	3	0.06666666666666667
mock-18	Mock 8	mock-18|Mock 8	EXPECTED	4	0.06666666666666667
mock-18	Mock 8	mock-18|Mock 8	EXPECTED	5	0.06666666666666667
mock-18	Mock 8	mock-18|Mock 8	EXPECTED	6	0.06666666666666667
mock-18	Mock 8	mock-18|Mock 8	EXPECTED	7	0.06666666666666667
mock-18	Mock 8	mock-18|Mock 8	EXPECTED	8	0.06666666666666667
mock-18	Mock 8	mock-18|Mock 8	EXPECTED	9	0.06666666666666667
mock-18	Mock 8	mock-18|Mock 8	EXPECTED	10	0.06666666666666667
mock-18	Mock 8	mock-18|Mock 8	EXPECTED	11	0.06666666666666667
mock-18	Mock 8	mock-18|Mock 8	EXPECTED	12	0.06666666666666667
mock-18	Mock 8	mock-18|Mock 8	EXPECTED	13	0.06666666666666667
mock-18	Mock 8	mock-18|Mock 8	EXPECTED	14	0.06666666666666667
mock-18	Mock 8	mock-18|Mock 8	EXPECTED	15	0.06666666666666667
mock-18	Mock 8	mock-18|Mock 8	ASV	1	0.128485186551386
mock-18	Mock 8	mock-18|Mock 8	ASV	2	0.11429702471457232
mock-18	Mock 8	mock-18|Mock 8	ASV	3	0.10969059550693212
mock-18	Mock 8	mock-18|Mock 8	ASV	4	0.08594769183708356
mock-18	Mock 8	mock-18|Mock 8	ASV	5	0.07753556037391249
mock-18	Mock 8	mock-18|Mock 8	ASV	6	0.07238031831145579
mock-18	Mock 8	mock-18|Mock 8	ASV	7	0.062519680788851
mock-18	Mock 8	mock-18|Mock 8	ASV	8	0.062276763623604355
mock-18	Mock 8	mock-18|Mock 8	ASV	9	0.06144004894331033
mock-18	Mock 8	mock-18|Mock 8	ASV	10	0.05677963814339311
mock-18	Mock 8	mock-18|Mock 8	ASV	11	0.05127351573113568
mock-18	Mock 8	mock-18|Mock 8	ASV	12	0.041412878208530894
mock-18	Mock 8	mock-18|Mock 8	ASV	13	0.038030031759170135
mock-18	Mock 8	mock-18|Mock 8	ASV	14	0.03793106550666223
mock-18	Mock 8	mock-18|Mock 8	zOTU	1	0.11435445733486359
mock-18	Mock 8	mock-18|Mock 8	zOTU	2	0.10367261715455135
mock-18	Mock 8	mock-18|Mock 8	zOTU	3	0.1035965652179925
mock-18	Mock 8	mock-18|Mock 8	zOTU	4	0.07724802610655568
mock-18	Mock 8	mock-18|Mock 8	zOTU	5	0.07646676530372377
mock-18	Mock 8	mock-18|Mock 8	zOTU	6	0.07141968224118143
mock-18	Mock 8	mock-18|Mock 8	zOTU	7	0.0693178832671912
mock-18	Mock 8	mock-18|Mock 8	zOTU	8	0.06584714943514153
mock-18	Mock 8	mock-18|Mock 8	zOTU	9	0.05774416128541601
mock-18	Mock 8	mock-18|Mock 8	zOTU	10	0.057681936973686024
mock-18	Mock 8	mock-18|Mock 8	zOTU	11	0.055013205381711575
mock-18	Mock 8	mock-18|Mock 8	zOTU	12	0.05280078540909028
mock-18	Mock 8	mock-18|Mock 8	zOTU	13	0.047767529971376815
mock-18	Mock 8	mock-18|Mock 8	zOTU	14	0.04706923491751821
mock-18	Mock 8	mock-18|Mock 8	OTU	1	0.11435445733486356
mock-18	Mock 8	mock-18|Mock 8	OTU	2	0.10367261715455134
mock-18	Mock 8	mock-18|Mock 8	OTU	3	0.10359656521799249
mock-18	Mock 8	mock-18|Mock 8	OTU	4	0.07724802610655566
mock-18	Mock 8	mock-18|Mock 8	OTU	5	0.07646676530372376
mock-18	Mock 8	mock-18|Mock 8	OTU	6	0.07141968224118143
mock-18	Mock 8	mock-18|Mock 8	OTU	7	0.06931788326719118
mock-18	Mock 8	mock-18|Mock 8	OTU	8	0.06584714943514153
mock-18	Mock 8	mock-18|Mock 8	OTU	9	0.057744161285416
mock-18	Mock 8	mock-18|Mock 8	OTU	10	0.05768193697368602
mock-18	Mock 8	mock-18|Mock 8	OTU	11	0.05501320538171157
mock-18	Mock 8	mock-18|Mock 8	OTU	12	0.05280078540909027
mock-18	Mock 8	mock-18|Mock 8	OTU	13	0.0477675299713768
mock-18	Mock 8	mock-18|Mock 8	OTU	14	0.04706923491751819
mock-18	Mock 8	mock-18|Mock 8	TIC	1	0.11435445733486359
mock-18	Mock 8	mock-18|Mock 8	TIC	2	0.10367261715455135
mock-18	Mock 8	mock-18|Mock 8	TIC	3	0.1035965652179925
mock-18	Mock 8	mock-18|Mock 8	TIC	4	0.07724802610655568
mock-18	Mock 8	mock-18|Mock 8	TIC	5	0.07646676530372377
mock-18	Mock 8	mock-18|Mock 8	TIC	6	0.07141968224118143
mock-18	Mock 8	mock-18|Mock 8	TIC	7	0.0693178832671912
mock-18	Mock 8	mock-18|Mock 8	TIC	8	0.06584714943514153
mock-18	Mock 8	mock-18|Mock 8	TIC	9	0.05774416128541601
mock-18	Mock 8	mock-18|Mock 8	TIC	10	0.057681936973686024
mock-18	Mock 8	mock-18|Mock 8	TIC	11	0.055013205381711575
mock-18	Mock 8	mock-18|Mock 8	TIC	12	0.05280078540909028
mock-18	Mock 8	mock-18|Mock 8	TIC	13	0.047767529971376815
mock-18	Mock 8	mock-18|Mock 8	TIC	14	0.04706923491751821
mock-18	Mock 8	mock-18|Mock 8	TAC	1	0.11435445733486359
mock-18	Mock 8	mock-18|Mock 8	TAC	2	0.10367261715455135
mock-18	Mock 8	mock-18|Mock 8	TAC	3	0.1035965652179925
mock-18	Mock 8	mock-18|Mock 8	TAC	4	0.07724802610655568
mock-18	Mock 8	mock-18|Mock 8	TAC	5	0.07646676530372377
mock-18	Mock 8	mock-18|Mock 8	TAC	6	0.07141968224118143
mock-18	Mock 8	mock-18|Mock 8	TAC	7	0.0693178832671912
mock-18	Mock 8	mock-18|Mock 8	TAC	8	0.06584714943514153
mock-18	Mock 8	mock-18|Mock 8	TAC	9	0.05774416128541601
mock-18	Mock 8	mock-18|Mock 8	TAC	10	0.057681936973686024
mock-18	Mock 8	mock-18|Mock 8	TAC	11	0.055013205381711575
mock-18	Mock 8	mock-18|Mock 8	TAC	12	0.05280078540909028
mock-18	Mock 8	mock-18|Mock 8	TAC	13	0.047767529971376815
mock-18	Mock 8	mock-18|Mock 8	TAC	14	0.04706923491751821
mock-19	Mock 9	mock-19|Mock 9	EXPECTED	1	0.06666666666666667
mock-19	Mock 9	mock-19|Mock 9	EXPECTED	2	0.06666666666666667
mock-19	Mock 9	mock-19|Mock 9	EXPECTED	3	0.06666666666666667
mock-19	Mock 9	mock-19|Mock 9	EXPECTED	4	0.06666666666666667
mock-19	Mock 9	mock-19|Mock 9	EXPECTED	5	0.06666666666666667
mock-19	Mock 9	mock-19|Mock 9	EXPECTED	6	0.06666666666666667
mock-19	Mock 9	mock-19|Mock 9	EXPECTED	7	0.06666666666666667
mock-19	Mock 9	mock-19|Mock 9	EXPECTED	8	0.06666666666666667
mock-19	Mock 9	mock-19|Mock 9	EXPECTED	9	0.06666666666666667
mock-19	Mock 9	mock-19|Mock 9	EXPECTED	10	0.06666666666666667
mock-19	Mock 9	mock-19|Mock 9	EXPECTED	11	0.06666666666666667
mock-19	Mock 9	mock-19|Mock 9	EXPECTED	12	0.06666666666666667
mock-19	Mock 9	mock-19|Mock 9	EXPECTED	13	0.06666666666666667
mock-19	Mock 9	mock-19|Mock 9	EXPECTED	14	0.06666666666666667
mock-19	Mock 9	mock-19|Mock 9	EXPECTED	15	0.06666666666666667
mock-19	Mock 9	mock-19|Mock 9	ASV	1	0.10569529519092925
mock-19	Mock 9	mock-19|Mock 9	ASV	2	0.09733574128204651
mock-19	Mock 9	mock-19|Mock 9	ASV	3	0.08979538641991398
mock-19	Mock 9	mock-19|Mock 9	ASV	4	0.08430302917465696
mock-19	Mock 9	mock-19|Mock 9	ASV	5	0.08333488484667945
mock-19	Mock 9	mock-19|Mock 9	ASV	6	0.08070972426504813
mock-19	Mock 9	mock-19|Mock 9	ASV	7	0.07719089199605295
mock-19	Mock 9	mock-19|Mock 9	ASV	8	0.07011599113775577
mock-19	Mock 9	mock-19|Mock 9	ASV	9	0.06884995624732364
mock-19	Mock 9	mock-19|Mock 9	ASV	10	0.05792109623726983
mock-19	Mock 9	mock-19|Mock 9	ASV	11	0.05231703003109234
mock-19	Mock 9	mock-19|Mock 9	ASV	12	0.042393550669322856
mock-19	Mock 9	mock-19|Mock 9	ASV	13	0.040755152575822455
mock-19	Mock 9	mock-19|Mock 9	ASV	14	0.02943531120254696
mock-19	Mock 9	mock-19|Mock 9	ASV	15	0.019846958723538935
mock-19	Mock 9	mock-19|Mock 9	zOTU	1	0.09508689402848557
mock-19	Mock 9	mock-19|Mock 9	zOTU	2	0.09001698680256108
mock-19	Mock 9	mock-19|Mock 9	zOTU	3	0.08204625637005096
mock-19	Mock 9	mock-19|Mock 9	zOTU	4	0.07742061936495492
mock-19	Mock 9	mock-19|Mock 9	zOTU	5	0.07702861622892983
mock-19	Mock 9	mock-19|Mock 9	zOTU	6	0.07534300274402195
mock-19	Mock 9	mock-19|Mock 9	zOTU	7	0.0704952306285117
mock-19	Mock 9	mock-19|Mock 9	zOTU	8	0.06899255194041552
mock-19	Mock 9	mock-19|Mock 9	zOTU	9	0.06754214033712269
mock-19	Mock 9	mock-19|Mock 9	zOTU	10	0.06371357637527766
mock-19	Mock 9	mock-19|Mock 9	zOTU	11	0.06355677512086763
mock-19	Mock 9	mock-19|Mock 9	zOTU	12	0.05921860708218999
mock-19	Mock 9	mock-19|Mock 9	zOTU	13	0.05894420488697243
mock-19	Mock 9	mock-19|Mock 9	zOTU	14	0.03286292957010323
mock-19	Mock 9	mock-19|Mock 9	zOTU	15	0.017731608519534824
mock-19	Mock 9	mock-19|Mock 9	OTU	1	0.09508689402848557
mock-19	Mock 9	mock-19|Mock 9	OTU	2	0.09001698680256108
mock-19	Mock 9	mock-19|Mock 9	OTU	3	0.08204625637005096
mock-19	Mock 9	mock-19|Mock 9	OTU	4	0.07742061936495492
mock-19	Mock 9	mock-19|Mock 9	OTU	5	0.07702861622892983
mock-19	Mock 9	mock-19|Mock 9	OTU	6	0.07534300274402195
mock-19	Mock 9	mock-19|Mock 9	OTU	7	0.0704952306285117
mock-19	Mock 9	mock-19|Mock 9	OTU	8	0.06899255194041552
mock-19	Mock 9	mock-19|Mock 9	OTU	9	0.06754214033712269
mock-19	Mock 9	mock-19|Mock 9	OTU	10	0.06371357637527766
mock-19	Mock 9	mock-19|Mock 9	OTU	11	0.06355677512086763
mock-19	Mock 9	mock-19|Mock 9	OTU	12	0.05921860708218999
mock-19	Mock 9	mock-19|Mock 9	OTU	13	0.05894420488697243
mock-19	Mock 9	mock-19|Mock 9	OTU	14	0.03286292957010323
mock-19	Mock 9	mock-19|Mock 9	OTU	15	0.017731608519534824
mock-19	Mock 9	mock-19|Mock 9	TIC	1	0.09508689402848558
mock-19	Mock 9	mock-19|Mock 9	TIC	2	0.09001698680256108
mock-19	Mock 9	mock-19|Mock 9	TIC	3	0.08204625637005096
mock-19	Mock 9	mock-19|Mock 9	TIC	4	0.07742061936495492
mock-19	Mock 9	mock-19|Mock 9	TIC	5	0.07702861622892983
mock-19	Mock 9	mock-19|Mock 9	TIC	6	0.07534300274402195
mock-19	Mock 9	mock-19|Mock 9	TIC	7	0.0704952306285117
mock-19	Mock 9	mock-19|Mock 9	TIC	8	0.06899255194041552
mock-19	Mock 9	mock-19|Mock 9	TIC	9	0.06754214033712269
mock-19	Mock 9	mock-19|Mock 9	TIC	10	0.06371357637527766
mock-19	Mock 9	mock-19|Mock 9	TIC	11	0.06355677512086763
mock-19	Mock 9	mock-19|Mock 9	TIC	12	0.05921860708218999
mock-19	Mock 9	mock-19|Mock 9	TIC	13	0.05894420488697243
mock-19	Mock 9	mock-19|Mock 9	TIC	14	0.03286292957010323
mock-19	Mock 9	mock-19|Mock 9	TIC	15	0.017731608519534824
mock-19	Mock 9	mock-19|Mock 9	TAC	1	0.09508689402848558
mock-19	Mock 9	mock-19|Mock 9	TAC	2	0.09001698680256108
mock-19	Mock 9	mock-19|Mock 9	TAC	3	0.08204625637005096
mock-19	Mock 9	mock-19|Mock 9	TAC	4	0.07742061936495492
mock-19	Mock 9	mock-19|Mock 9	TAC	5	0.07702861622892983
mock-19	Mock 9	mock-19|Mock 9	TAC	6	0.07534300274402195
mock-19	Mock 9	mock-19|Mock 9	TAC	7	0.0704952306285117
mock-19	Mock 9	mock-19|Mock 9	TAC	8	0.06899255194041552
mock-19	Mock 9	mock-19|Mock 9	TAC	9	0.06754214033712269
mock-19	Mock 9	mock-19|Mock 9	TAC	10	0.06371357637527766
mock-19	Mock 9	mock-19|Mock 9	TAC	11	0.06355677512086763
mock-19	Mock 9	mock-19|Mock 9	TAC	12	0.05921860708218999
mock-19	Mock 9	mock-19|Mock 9	TAC	13	0.05894420488697243
mock-19	Mock 9	mock-19|Mock 9	TAC	14	0.03286292957010323
mock-19	Mock 9	mock-19|Mock 9	TAC	15	0.017731608519534824
mock-20	Mock 10	mock-20|Mock 10	EXPECTED	1	0.049999999999999996
mock-20	Mock 10	mock-20|Mock 10	EXPECTED	2	0.049999999999999996
mock-20	Mock 10	mock-20|Mock 10	EXPECTED	3	0.049999999999999996
mock-20	Mock 10	mock-20|Mock 10	EXPECTED	4	0.049999999999999996
mock-20	Mock 10	mock-20|Mock 10	EXPECTED	5	0.049999999999999996
mock-20	Mock 10	mock-20|Mock 10	EXPECTED	6	0.049999999999999996
mock-20	Mock 10	mock-20|Mock 10	EXPECTED	7	0.049999999999999996
mock-20	Mock 10	mock-20|Mock 10	EXPECTED	8	0.049999999999999996
mock-20	Mock 10	mock-20|Mock 10	EXPECTED	9	0.049999999999999996
mock-20	Mock 10	mock-20|Mock 10	EXPECTED	10	0.049999999999999996
mock-20	Mock 10	mock-20|Mock 10	EXPECTED	11	0.049999999999999996
mock-20	Mock 10	mock-20|Mock 10	EXPECTED	12	0.049999999999999996
mock-20	Mock 10	mock-20|Mock 10	EXPECTED	13	0.049999999999999996
mock-20	Mock 10	mock-20|Mock 10	EXPECTED	14	0.049999999999999996
mock-20	Mock 10	mock-20|Mock 10	EXPECTED	15	0.049999999999999996
mock-20	Mock 10	mock-20|Mock 10	EXPECTED	16	0.049999999999999996
mock-20	Mock 10	mock-20|Mock 10	EXPECTED	17	0.049999999999999996
mock-20	Mock 10	mock-20|Mock 10	EXPECTED	18	0.049999999999999996
mock-20	Mock 10	mock-20|Mock 10	EXPECTED	19	0.049999999999999996
mock-20	Mock 10	mock-20|Mock 10	EXPECTED	20	0.049999999999999996
mock-20	Mock 10	mock-20|Mock 10	ASV	1	0.15695691849574947
mock-20	Mock 10	mock-20|Mock 10	ASV	2	0.13222227558714758
mock-20	Mock 10	mock-20|Mock 10	ASV	3	0.10268478939532204
mock-20	Mock 10	mock-20|Mock 10	ASV	4	0.09946688439556219
mock-20	Mock 10	mock-20|Mock 10	ASV	5	0.0744920993227991
mock-20	Mock 10	mock-20|Mock 10	ASV	6	0.07012151193506556
mock-20	Mock 10	mock-20|Mock 10	ASV	7	0.06306133230872676
mock-20	Mock 10	mock-20|Mock 10	ASV	8	0.05902694395081889
mock-20	Mock 10	mock-20|Mock 10	ASV	9	0.0506699966380097
mock-20	Mock 10	mock-20|Mock 10	ASV	10	0.043561788578838676
mock-20	Mock 10	mock-20|Mock 10	ASV	11	0.03775034820613803
mock-20	Mock 10	mock-20|Mock 10	ASV	12	0.034532443206378174
mock-20	Mock 10	mock-20|Mock 10	ASV	13	0.0232937899236348
mock-20	Mock 10	mock-20|Mock 10	ASV	14	0.017914605446424283
mock-20	Mock 10	mock-20|Mock 10	ASV	15	0.016761923058450603
mock-20	Mock 10	mock-20|Mock 10	ASV	16	0.0074924355218289225
mock-20	Mock 10	mock-20|Mock 10	ASV	17	0.00710820805917103
mock-20	Mock 10	mock-20|Mock 10	ASV	18	0.002881705969934201
mock-20	Mock 10	mock-20|Mock 10	zOTU	1	0.1398709474621705
mock-20	Mock 10	mock-20|Mock 10	zOTU	2	0.10605359434893082
mock-20	Mock 10	mock-20|Mock 10	zOTU	3	0.10459542291337416
mock-20	Mock 10	mock-20|Mock 10	zOTU	4	0.08355235010084959
mock-20	Mock 10	mock-20|Mock 10	zOTU	5	0.07896827822260254
mock-20	Mock 10	mock-20|Mock 10	zOTU	6	0.07042880718083946
mock-20	Mock 10	mock-20|Mock 10	zOTU	7	0.06778314283967973
mock-20	Mock 10	mock-20|Mock 10	zOTU	8	0.06414208003352921
mock-20	Mock 10	mock-20|Mock 10	zOTU	9	0.049272224017044015
mock-20	Mock 10	mock-20|Mock 10	zOTU	10	0.046268565491106896
mock-20	Mock 10	mock-20|Mock 10	zOTU	11	0.04447859456721996
mock-20	Mock 10	mock-20|Mock 10	zOTU	12	0.043928505941830315
mock-20	Mock 10	mock-20|Mock 10	zOTU	13	0.033913400333545805
mock-20	Mock 10	mock-20|Mock 10	zOTU	14	0.021540772045019956
mock-20	Mock 10	mock-20|Mock 10	zOTU	15	0.02087717306835942
mock-20	Mock 10	mock-20|Mock 10	zOTU	16	0.01166537148445345
mock-20	Mock 10	mock-20|Mock 10	zOTU	17	0.006478821587922498
mock-20	Mock 10	mock-20|Mock 10	zOTU	18	0.0061819483615217375
mock-20	Mock 10	mock-20|Mock 10	OTU	1	0.15514342401721765
mock-20	Mock 10	mock-20|Mock 10	OTU	2	0.10211184719373172
mock-20	Mock 10	mock-20|Mock 10	OTU	3	0.10070787234758044
mock-20	Mock 10	mock-20|Mock 10	OTU	4	0.08617210882066113
mock-20	Mock 10	mock-20|Mock 10	OTU	5	0.07905135016982211
mock-20	Mock 10	mock-20|Mock 10	OTU	6	0.07016511416753539
mock-20	Mock 10	mock-20|Mock 10	OTU	7	0.06517974240844739
mock-20	Mock 10	mock-20|Mock 10	OTU	8	0.061758079160641625
mock-20	Mock 10	mock-20|Mock 10	OTU	9	0.04744089854390154
mock-20	Mock 10	mock-20|Mock 10	OTU	10	0.044548878501530075
mock-20	Mock 10	mock-20|Mock 10	OTU	11	0.04282543632511686
mock-20	Mock 10	mock-20|Mock 10	OTU	12	0.04229579311968256
mock-20	Mock 10	mock-20|Mock 10	OTU	13	0.032652923966775396
mock-20	Mock 10	mock-20|Mock 10	OTU	14	0.025784376366143193
mock-20	Mock 10	mock-20|Mock 10	OTU	15	0.020740155362006928
mock-20	Mock 10	mock-20|Mock 10	OTU	16	0.011231798769210075
mock-20	Mock 10	mock-20|Mock 10	OTU	17	0.006238019975115175
mock-20	Mock 10	mock-20|Mock 10	OTU	18	0.0059521807848807885
mock-20	Mock 10	mock-20|Mock 10	TIC	1	0.13921091509515945
mock-20	Mock 10	mock-20|Mock 10	TIC	2	0.10555314156600328
mock-20	Mock 10	mock-20|Mock 10	TIC	3	0.10410185104718868
mock-20	Mock 10	mock-20|Mock 10	TIC	4	0.08315807769183975
mock-20	Mock 10	mock-20|Mock 10	TIC	5	0.07859563743808116
mock-20	Mock 10	mock-20|Mock 10	TIC	6	0.07009646302250803
mock-20	Mock 10	mock-20|Mock 10	TIC	7	0.06746328321891022
mock-20	Mock 10	mock-20|Mock 10	TIC	8	0.06383940210306768
mock-20	Mock 10	mock-20|Mock 10	TIC	9	0.049039714956113666
mock-20	Mock 10	mock-20|Mock 10	TIC	10	0.04605023029460328
mock-20	Mock 10	mock-20|Mock 10	TIC	11	0.04426870600504041
mock-20	Mock 10	mock-20|Mock 10	TIC	12	0.04372121317458938
mock-20	Mock 10	mock-20|Mock 10	TIC	13	0.03375336751542539
mock-20	Mock 10	mock-20|Mock 10	TIC	14	0.02549752324671939
mock-20	Mock 10	mock-20|Mock 10	TIC	15	0.021439124011471283
mock-20	Mock 10	mock-20|Mock 10	TIC	16	0.011610324150517078
mock-20	Mock 10	mock-20|Mock 10	TIC	17	0.006448248891978794
mock-20	Mock 10	mock-20|Mock 10	TIC	18	0.006152776570783002
mock-20	Mock 10	mock-20|Mock 10	TAC	1	0.1398709474621705
mock-20	Mock 10	mock-20|Mock 10	TAC	2	0.10605359434893082
mock-20	Mock 10	mock-20|Mock 10	TAC	3	0.10459542291337416
mock-20	Mock 10	mock-20|Mock 10	TAC	4	0.08355235010084959
mock-20	Mock 10	mock-20|Mock 10	TAC	5	0.07896827822260254
mock-20	Mock 10	mock-20|Mock 10	TAC	6	0.07042880718083946
mock-20	Mock 10	mock-20|Mock 10	TAC	7	0.06778314283967972
mock-20	Mock 10	mock-20|Mock 10	TAC	8	0.06414208003352921
mock-20	Mock 10	mock-20|Mock 10	TAC	9	0.049272224017044015
mock-20	Mock 10	mock-20|Mock 10	TAC	10	0.046268565491106896
mock-20	Mock 10	mock-20|Mock 10	TAC	11	0.04447859456721996
mock-20	Mock 10	mock-20|Mock 10	TAC	12	0.043928505941830315
mock-20	Mock 10	mock-20|Mock 10	TAC	13	0.033913400333545805
mock-20	Mock 10	mock-20|Mock 10	TAC	14	0.021540772045019956
mock-20	Mock 10	mock-20|Mock 10	TAC	15	0.02087717306835942
mock-20	Mock 10	mock-20|Mock 10	TAC	16	0.01166537148445345
mock-20	Mock 10	mock-20|Mock 10	TAC	17	0.006478821587922498
mock-20	Mock 10	mock-20|Mock 10	TAC	18	0.0061819483615217375
mock-21	Mock 11	mock-21|Mock 11	EXPECTED	1	0.2190580503780942
mock-21	Mock 11	mock-21|Mock 11	EXPECTED	2	0.2190580503780942
mock-21	Mock 11	mock-21|Mock 11	EXPECTED	3	0.2190580503780942
mock-21	Mock 11	mock-21|Mock 11	EXPECTED	4	0.2190580503780942
mock-21	Mock 11	mock-21|Mock 11	EXPECTED	5	0.02190580499780942
mock-21	Mock 11	mock-21|Mock 11	EXPECTED	6	0.02190580499780942
mock-21	Mock 11	mock-21|Mock 11	EXPECTED	7	0.02190580499780942
mock-21	Mock 11	mock-21|Mock 11	EXPECTED	8	0.02190580499780942
mock-21	Mock 11	mock-21|Mock 11	EXPECTED	9	0.02190580499780942
mock-21	Mock 11	mock-21|Mock 11	EXPECTED	10	0.002190580499780941
mock-21	Mock 11	mock-21|Mock 11	EXPECTED	11	0.002190580499780941
mock-21	Mock 11	mock-21|Mock 11	EXPECTED	12	0.002190580499780941
mock-21	Mock 11	mock-21|Mock 11	EXPECTED	13	0.002190580499780941
mock-21	Mock 11	mock-21|Mock 11	EXPECTED	14	0.002190580499780941
mock-21	Mock 11	mock-21|Mock 11	EXPECTED	15	0.002190580499780941
mock-21	Mock 11	mock-21|Mock 11	EXPECTED	16	0.00021905809997809417
mock-21	Mock 11	mock-21|Mock 11	EXPECTED	17	0.00021905809997809417
mock-21	Mock 11	mock-21|Mock 11	EXPECTED	18	0.00021905809997809417
mock-21	Mock 11	mock-21|Mock 11	EXPECTED	19	0.00021905809997809417
mock-21	Mock 11	mock-21|Mock 11	EXPECTED	20	0.00021905809997809417
mock-21	Mock 11	mock-21|Mock 11	ASV	1	0.5044560823226756
mock-21	Mock 11	mock-21|Mock 11	ASV	2	0.19004961411245863
mock-21	Mock 11	mock-21|Mock 11	ASV	3	0.10873759647188536
mock-21	Mock 11	mock-21|Mock 11	ASV	4	0.0950018375597207
mock-21	Mock 11	mock-21|Mock 11	ASV	5	0.034454244762954805
mock-21	Mock 11	mock-21|Mock 11	ASV	6	0.024485483278206543
mock-21	Mock 11	mock-21|Mock 11	ASV	7	0.02324513046674017
mock-21	Mock 11	mock-21|Mock 11	ASV	8	0.004593899301727307
mock-21	Mock 11	mock-21|Mock 11	ASV	9	0.0037210584343991193
mock-21	Mock 11	mock-21|Mock 11	ASV	10	0.0036751194413818453
mock-21	Mock 11	mock-21|Mock 11	ASV	11	0.003261668504226388
mock-21	Mock 11	mock-21|Mock 11	ASV	12	0.0025266446159500186
mock-21	Mock 11	mock-21|Mock 11	ASV	13	0.0014700477765527383
mock-21	Mock 11	mock-21|Mock 11	ASV	14	0.00032157295112091147
mock-21	Mock 11	mock-21|Mock 11	zOTU	1	0.40976206229428563
mock-21	Mock 11	mock-21|Mock 11	zOTU	2	0.19344896608906126
mock-21	Mock 11	mock-21|Mock 11	zOTU	3	0.17081096473228868
mock-21	Mock 11	mock-21|Mock 11	zOTU	4	0.1283992596376915
mock-21	Mock 11	mock-21|Mock 11	zOTU	5	0.03351730722523262
mock-21	Mock 11	mock-21|Mock 11	zOTU	6	0.029405113860017925
mock-21	Mock 11	mock-21|Mock 11	zOTU	7	0.01988258054790161
mock-21	Mock 11	mock-21|Mock 11	zOTU	8	0.0032076783276521977
mock-21	Mock 11	mock-21|Mock 11	zOTU	9	0.003199303188415508
mock-21	Mock 11	mock-21|Mock 11	zOTU	10	0.0027637959481076374
mock-21	Mock 11	mock-21|Mock 11	zOTU	11	0.0025292920494803224
mock-21	Mock 11	mock-21|Mock 11	zOTU	12	0.0017085284042847215
mock-21	Mock 11	mock-21|Mock 11	zOTU	13	0.0011892697716099532
mock-21	Mock 11	mock-21|Mock 11	zOTU	14	0.000175877923970486
mock-21	Mock 11	mock-21|Mock 11	OTU	1	0.413465529903886
mock-21	Mock 11	mock-21|Mock 11	OTU	2	0.1906472522910879
mock-21	Mock 11	mock-21|Mock 11	OTU	3	0.16281891624357372
mock-21	Mock 11	mock-21|Mock 11	OTU	4	0.12238560526231759
mock-21	Mock 11	mock-21|Mock 11	OTU	5	0.04105597598748283
mock-21	Mock 11	mock-21|Mock 11	OTU	6	0.03392725995465721
mock-21	Mock 11	mock-21|Mock 11	OTU	7	0.02062777405243159
mock-21	Mock 11	mock-21|Mock 11	OTU	8	0.003057444838266755
mock-21	Mock 11	mock-21|Mock 11	OTU	9	0.003049461953571541
mock-21	Mock 11	mock-21|Mock 11	OTU	10	0.002873838490276846
mock-21	Mock 11	mock-21|Mock 11	OTU	11	0.002634351949420442
mock-21	Mock 11	mock-21|Mock 11	OTU	12	0.0021553788677076344
mock-21	Mock 11	mock-21|Mock 11	OTU	13	0.0011335696267203111
mock-21	Mock 11	mock-21|Mock 11	OTU	14	0.00016764057859948268
mock-21	Mock 11	mock-21|Mock 11	TIC	1	0.4130299070243635
mock-21	Mock 11	mock-21|Mock 11	TIC	2	0.19226063143525418
mock-21	Mock 11	mock-21|Mock 11	TIC	3	0.16976169270594893
mock-21	Mock 11	mock-21|Mock 11	TIC	4	0.12761051781686214
mock-21	Mock 11	mock-21|Mock 11	TIC	5	0.03331141427846078
mock-21	Mock 11	mock-21|Mock 11	TIC	6	0.0292244816420979
mock-21	Mock 11	mock-21|Mock 11	TIC	7	0.019760444152190377
mock-21	Mock 11	mock-21|Mock 11	TIC	8	0.003187973930197521
mock-21	Mock 11	mock-21|Mock 11	TIC	9	0.003179650238473768
mock-21	Mock 11	mock-21|Mock 11	TIC	10	0.002746818268838595
mock-21	Mock 11	mock-21|Mock 11	TIC	11	0.0026968761184960753
mock-21	Mock 11	mock-21|Mock 11	TIC	12	0.0018728306378444966
mock-21	Mock 11	mock-21|Mock 11	TIC	13	0.0011819642247729715
mock-21	Mock 11	mock-21|Mock 11	TIC	14	0.00017479752619881968
mock-21	Mock 11	mock-21|Mock 11	TAC	1	0.41877256317689526
mock-21	Mock 11	mock-21|Mock 11	TAC	2	0.19037963832978916
mock-21	Mock 11	mock-21|Mock 11	TAC	3	0.16810081928028617
mock-21	Mock 11	mock-21|Mock 11	TAC	4	0.12636203287011852
mock-21	Mock 11	mock-21|Mock 11	TAC	5	0.0329855101132486
mock-21	Mock 11	mock-21|Mock 11	TAC	6	0.02893856222079356
mock-21	Mock 11	mock-21|Mock 11	TAC	7	0.019567116693866113
mock-21	Mock 11	mock-21|Mock 11	TAC	8	0.003156784201242932
mock-21	Mock 11	mock-21|Mock 11	TAC	9	0.0031485419448428202
mock-21	Mock 11	mock-21|Mock 11	TAC	10	0.0027199446120369907
mock-21	Mock 11	mock-21|Mock 11	TAC	11	0.0026704910736363185
mock-21	Mock 11	mock-21|Mock 11	TAC	12	0.0018545076900252212
mock-21	Mock 11	mock-21|Mock 11	TAC	13	0.0011704004088159176
mock-21	Mock 11	mock-21|Mock 11	TAC	14	0.00017308738440235396
mock-22	Mock 12	mock-22|Mock 12	EXPECTED	1	0.049999999999999996
mock-22	Mock 12	mock-22|Mock 12	EXPECTED	2	0.049999999999999996
mock-22	Mock 12	mock-22|Mock 12	EXPECTED	3	0.049999999999999996
mock-22	Mock 12	mock-22|Mock 12	EXPECTED	4	0.049999999999999996
mock-22	Mock 12	mock-22|Mock 12	EXPECTED	5	0.049999999999999996
mock-22	Mock 12	mock-22|Mock 12	EXPECTED	6	0.049999999999999996
mock-22	Mock 12	mock-22|Mock 12	EXPECTED	7	0.049999999999999996
mock-22	Mock 12	mock-22|Mock 12	EXPECTED	8	0.049999999999999996
mock-22	Mock 12	mock-22|Mock 12	EXPECTED	9	0.049999999999999996
mock-22	Mock 12	mock-22|Mock 12	EXPECTED	10	0.049999999999999996
mock-22	Mock 12	mock-22|Mock 12	EXPECTED	11	0.049999999999999996
mock-22	Mock 12	mock-22|Mock 12	EXPECTED	12	0.049999999999999996
mock-22	Mock 12	mock-22|Mock 12	EXPECTED	13	0.049999999999999996
mock-22	Mock 12	mock-22|Mock 12	EXPECTED	14	0.049999999999999996
mock-22	Mock 12	mock-22|Mock 12	EXPECTED	15	0.049999999999999996
mock-22	Mock 12	mock-22|Mock 12	EXPECTED	16	0.049999999999999996
mock-22	Mock 12	mock-22|Mock 12	EXPECTED	17	0.049999999999999996
mock-22	Mock 12	mock-22|Mock 12	EXPECTED	18	0.049999999999999996
mock-22	Mock 12	mock-22|Mock 12	EXPECTED	19	0.049999999999999996
mock-22	Mock 12	mock-22|Mock 12	EXPECTED	20	0.049999999999999996
mock-22	Mock 12	mock-22|Mock 12	ASV	1	0.11760287622805524
mock-22	Mock 12	mock-22|Mock 12	ASV	2	0.07835518211771304
mock-22	Mock 12	mock-22|Mock 12	ASV	3	0.07753397494316647
mock-22	Mock 12	mock-22|Mock 12	ASV	4	0.06985769080548407
mock-22	Mock 12	mock-22|Mock 12	ASV	5	0.06775459926091354
mock-22	Mock 12	mock-22|Mock 12	ASV	6	0.06676314181847316
mock-22	Mock 12	mock-22|Mock 12	ASV	7	0.06297256967742582
mock-22	Mock 12	mock-22|Mock 12	ASV	8	0.057980230939481035
mock-22	Mock 12	mock-22|Mock 12	ASV	9	0.05595224980721661
mock-22	Mock 12	mock-22|Mock 12	ASV	10	0.05088480065696576
mock-22	Mock 12	mock-22|Mock 12	ASV	11	0.04910218020490121
mock-22	Mock 12	mock-22|Mock 12	ASV	12	0.04485593822919692
mock-22	Mock 12	mock-22|Mock 12	ASV	13	0.03971838602746037
mock-22	Mock 12	mock-22|Mock 12	ASV	14	0.039568165202848185
mock-22	Mock 12	mock-22|Mock 12	ASV	15	0.03939290757413398
mock-22	Mock 12	mock-22|Mock 12	ASV	16	0.027560513955514607
mock-22	Mock 12	mock-22|Mock 12	ASV	17	0.023649765154777524
mock-22	Mock 12	mock-22|Mock 12	ASV	18	0.01868747058175518
mock-22	Mock 12	mock-22|Mock 12	ASV	19	0.011807356814517339
mock-22	Mock 12	mock-22|Mock 12	zOTU	1	0.11391902854086296
mock-22	Mock 12	mock-22|Mock 12	zOTU	2	0.0745243484698739
mock-22	Mock 12	mock-22|Mock 12	zOTU	3	0.07222180894589739
mock-22	Mock 12	mock-22|Mock 12	zOTU	4	0.07135392866378315
mock-22	Mock 12	mock-22|Mock 12	zOTU	5	0.06547359695639696
mock-22	Mock 12	mock-22|Mock 12	zOTU	6	0.06463051325377171
mock-22	Mock 12	mock-22|Mock 12	zOTU	7	0.06095353475240614
mock-22	Mock 12	mock-22|Mock 12	zOTU	8	0.05775477599832798
mock-22	Mock 12	mock-22|Mock 12	zOTU	9	0.05760953888989254
mock-22	Mock 12	mock-22|Mock 12	zOTU	10	0.053220544320343455
mock-22	Mock 12	mock-22|Mock 12	zOTU	11	0.050333513994126736
mock-22	Mock 12	mock-22|Mock 12	zOTU	12	0.04656089154330367
mock-22	Mock 12	mock-22|Mock 12	zOTU	13	0.04291225198992549
mock-22	Mock 12	mock-22|Mock 12	zOTU	14	0.04010669613917256
mock-22	Mock 12	mock-22|Mock 12	zOTU	15	0.03815130872804173
mock-22	Mock 12	mock-22|Mock 12	zOTU	16	0.028154744825485203
mock-22	Mock 12	mock-22|Mock 12	zOTU	17	0.026794475322089846
mock-22	Mock 12	mock-22|Mock 12	zOTU	18	0.019408637002872854
mock-22	Mock 12	mock-22|Mock 12	zOTU	19	0.015915861663425394
mock-22	Mock 12	mock-22|Mock 12	OTU	1	0.11391902854086297
mock-22	Mock 12	mock-22|Mock 12	OTU	2	0.07452434846987392
mock-22	Mock 12	mock-22|Mock 12	OTU	3	0.0722218089458974
mock-22	Mock 12	mock-22|Mock 12	OTU	4	0.07135392866378316
mock-22	Mock 12	mock-22|Mock 12	OTU	5	0.06547359695639697
mock-22	Mock 12	mock-22|Mock 12	OTU	6	0.06463051325377173
mock-22	Mock 12	mock-22|Mock 12	OTU	7	0.06095353475240614
mock-22	Mock 12	mock-22|Mock 12	OTU	8	0.05775477599832799
mock-22	Mock 12	mock-22|Mock 12	OTU	9	0.05760953888989255
mock-22	Mock 12	mock-22|Mock 12	OTU	10	0.05322054432034346
mock-22	Mock 12	mock-22|Mock 12	OTU	11	0.05033351399412674
mock-22	Mock 12	mock-22|Mock 12	OTU	12	0.04656089154330369
mock-22	Mock 12	mock-22|Mock 12	OTU	13	0.042912251989925494
mock-22	Mock 12	mock-22|Mock 12	OTU	14	0.04010669613917257
mock-22	Mock 12	mock-22|Mock 12	OTU	15	0.03815130872804174
mock-22	Mock 12	mock-22|Mock 12	OTU	16	0.02815474482548521
mock-22	Mock 12	mock-22|Mock 12	OTU	17	0.02679447532208985
mock-22	Mock 12	mock-22|Mock 12	OTU	18	0.019408637002872858
mock-22	Mock 12	mock-22|Mock 12	OTU	19	0.015915861663425394
mock-22	Mock 12	mock-22|Mock 12	TIC	1	0.11391902854086301
mock-22	Mock 12	mock-22|Mock 12	TIC	2	0.07452434846987394
mock-22	Mock 12	mock-22|Mock 12	TIC	3	0.07222180894589743
mock-22	Mock 12	mock-22|Mock 12	TIC	4	0.07135392866378318
mock-22	Mock 12	mock-22|Mock 12	TIC	5	0.06547359695639698
mock-22	Mock 12	mock-22|Mock 12	TIC	6	0.06463051325377175
mock-22	Mock 12	mock-22|Mock 12	TIC	7	0.06095353475240616
mock-22	Mock 12	mock-22|Mock 12	TIC	8	0.05775477599832801
mock-22	Mock 12	mock-22|Mock 12	TIC	9	0.05760953888989257
mock-22	Mock 12	mock-22|Mock 12	TIC	10	0.05322054432034349
mock-22	Mock 12	mock-22|Mock 12	TIC	11	0.05033351399412677
mock-22	Mock 12	mock-22|Mock 12	TIC	12	0.0465608915433037
mock-22	Mock 12	mock-22|Mock 12	TIC	13	0.042912251989925515
mock-22	Mock 12	mock-22|Mock 12	TIC	14	0.04010669613917258
mock-22	Mock 12	mock-22|Mock 12	TIC	15	0.03815130872804176
mock-22	Mock 12	mock-22|Mock 12	TIC	16	0.028154744825485217
mock-22	Mock 12	mock-22|Mock 12	TIC	17	0.02679447532208986
mock-22	Mock 12	mock-22|Mock 12	TIC	18	0.01940863700287286
mock-22	Mock 12	mock-22|Mock 12	TIC	19	0.0159158616634254
mock-22	Mock 12	mock-22|Mock 12	TAC	1	0.11391902854086301
mock-22	Mock 12	mock-22|Mock 12	TAC	2	0.07452434846987394
mock-22	Mock 12	mock-22|Mock 12	TAC	3	0.07222180894589743
mock-22	Mock 12	mock-22|Mock 12	TAC	4	0.07135392866378318
mock-22	Mock 12	mock-22|Mock 12	TAC	5	0.06547359695639698
mock-22	Mock 12	mock-22|Mock 12	TAC	6	0.06463051325377175
mock-22	Mock 12	mock-22|Mock 12	TAC	7	0.06095353475240616
mock-22	Mock 12	mock-22|Mock 12	TAC	8	0.05775477599832801
mock-22	Mock 12	mock-22|Mock 12	TAC	9	0.05760953888989257
mock-22	Mock 12	mock-22|Mock 12	TAC	10	0.05322054432034349
mock-22	Mock 12	mock-22|Mock 12	TAC	11	0.05033351399412677
mock-22	Mock 12	mock-22|Mock 12	TAC	12	0.0465608915433037
mock-22	Mock 12	mock-22|Mock 12	TAC	13	0.042912251989925515
mock-22	Mock 12	mock-22|Mock 12	TAC	14	0.04010669613917258
mock-22	Mock 12	mock-22|Mock 12	TAC	15	0.03815130872804176
mock-22	Mock 12	mock-22|Mock 12	TAC	16	0.028154744825485217
mock-22	Mock 12	mock-22|Mock 12	TAC	17	0.02679447532208986
mock-22	Mock 12	mock-22|Mock 12	TAC	18	0.01940863700287286
mock-22	Mock 12	mock-22|Mock 12	TAC	19	0.0159158616634254
mock-23	Mock 13	mock-23|Mock 13	EXPECTED	1	0.2190580503780942
mock-23	Mock 13	mock-23|Mock 13	EXPECTED	2	0.2190580503780942
mock-23	Mock 13	mock-23|Mock 13	EXPECTED	3	0.2190580503780942
mock-23	Mock 13	mock-23|Mock 13	EXPECTED	4	0.2190580503780942
mock-23	Mock 13	mock-23|Mock 13	EXPECTED	5	0.02190580499780942
mock-23	Mock 13	mock-23|Mock 13	EXPECTED	6	0.02190580499780942
mock-23	Mock 13	mock-23|Mock 13	EXPECTED	7	0.02190580499780942
mock-23	Mock 13	mock-23|Mock 13	EXPECTED	8	0.02190580499780942
mock-23	Mock 13	mock-23|Mock 13	EXPECTED	9	0.02190580499780942
mock-23	Mock 13	mock-23|Mock 13	EXPECTED	10	0.002190580499780941
mock-23	Mock 13	mock-23|Mock 13	EXPECTED	11	0.002190580499780941
mock-23	Mock 13	mock-23|Mock 13	EXPECTED	12	0.002190580499780941
mock-23	Mock 13	mock-23|Mock 13	EXPECTED	13	0.002190580499780941
mock-23	Mock 13	mock-23|Mock 13	EXPECTED	14	0.002190580499780941
mock-23	Mock 13	mock-23|Mock 13	EXPECTED	15	0.002190580499780941
mock-23	Mock 13	mock-23|Mock 13	EXPECTED	16	0.00021905809997809417
mock-23	Mock 13	mock-23|Mock 13	EXPECTED	17	0.00021905809997809417
mock-23	Mock 13	mock-23|Mock 13	EXPECTED	18	0.00021905809997809417
mock-23	Mock 13	mock-23|Mock 13	EXPECTED	19	0.00021905809997809417
mock-23	Mock 13	mock-23|Mock 13	EXPECTED	20	0.00021905809997809417
mock-23	Mock 13	mock-23|Mock 13	ASV	1	0.32628077467807665
mock-23	Mock 13	mock-23|Mock 13	ASV	2	0.20832632418617025
mock-23	Mock 13	mock-23|Mock 13	ASV	3	0.19936727750253683
mock-23	Mock 13	mock-23|Mock 13	ASV	4	0.13230737506986534
mock-23	Mock 13	mock-23|Mock 13	ASV	5	0.03204310761166249
mock-23	Mock 13	mock-23|Mock 13	ASV	6	0.031722947857371536
mock-23	Mock 13	mock-23|Mock 13	ASV	7	0.030854718015226573
mock-23	Mock 13	mock-23|Mock 13	ASV	8	0.02009409440914246
mock-23	Mock 13	mock-23|Mock 13	ASV	9	0.00446053081401974
mock-23	Mock 13	mock-23|Mock 13	ASV	10	0.0037659469403037715
mock-23	Mock 13	mock-23|Mock 13	ASV	11	0.0033698170748251324
mock-23	Mock 13	mock-23|Mock 13	ASV	12	0.0028163205504577195
mock-23	Mock 13	mock-23|Mock 13	ASV	13	0.0024744550501131406
mock-23	Mock 13	mock-23|Mock 13	ASV	14	0.0012806390171638184
mock-23	Mock 13	mock-23|Mock 13	ASV	15	0.0003038804447507366
mock-23	Mock 13	mock-23|Mock 13	ASV	16	0.00023333677007645844
mock-23	Mock 13	mock-23|Mock 13	ASV	17	0.00022248389704964641
mock-23	Mock 13	mock-23|Mock 13	ASV	18	7.597011118768415e-05
mock-23	Mock 13	mock-23|Mock 13	zOTU	1	0.30683721923850993
mock-23	Mock 13	mock-23|Mock 13	zOTU	2	0.21953459086496832
mock-23	Mock 13	mock-23|Mock 13	zOTU	3	0.205195282195046
mock-23	Mock 13	mock-23|Mock 13	zOTU	4	0.13577743713903428
mock-23	Mock 13	mock-23|Mock 13	zOTU	5	0.03172562673572721
mock-23	Mock 13	mock-23|Mock 13	zOTU	6	0.03126838793339304
mock-23	Mock 13	mock-23|Mock 13	zOTU	7	0.029068394679539304
mock-23	Mock 13	mock-23|Mock 13	zOTU	8	0.021846270318080792
mock-23	Mock 13	mock-23|Mock 13	zOTU	9	0.004212593555931173
mock-23	Mock 13	mock-23|Mock 13	zOTU	10	0.0034180474403996703
mock-23	Mock 13	mock-23|Mock 13	zOTU	11	0.0033543338367957296
mock-23	Mock 13	mock-23|Mock 13	zOTU	12	0.0027884071224313104
mock-23	Mock 13	mock-23|Mock 13	zOTU	13	0.0026122577477615903
mock-23	Mock 13	mock-23|Mock 13	zOTU	14	0.001409194997357759
mock-23	Mock 13	mock-23|Mock 13	zOTU	15	0.0002885851457354985
mock-23	Mock 13	mock-23|Mock 13	zOTU	16	0.00025485441441576494
mock-23	Mock 13	mock-23|Mock 13	zOTU	17	0.0002136279650249794
mock-23	Mock 13	mock-23|Mock 13	zOTU	18	0.00010494005299472673
mock-23	Mock 13	mock-23|Mock 13	zOTU	19	8.994861685262291e-05
mock-23	Mock 13	mock-23|Mock 13	OTU	1	0.3068705723602835
mock-23	Mock 13	mock-23|Mock 13	OTU	2	0.2195584542149256
mock-23	Mock 13	mock-23|Mock 13	OTU	3	0.2052175868660745
mock-23	Mock 13	mock-23|Mock 13	OTU	4	0.1357921961092995
mock-23	Mock 13	mock-23|Mock 13	OTU	5	0.03172907530267252
mock-23	Mock 13	mock-23|Mock 13	OTU	6	0.03127178679860565
mock-23	Mock 13	mock-23|Mock 13	OTU	7	0.02907155440608719
mock-23	Mock 13	mock-23|Mock 13	OTU	8	0.021848645001686724
mock-23	Mock 13	mock-23|Mock 13	OTU	9	0.0042130514636980415
mock-23	Mock 13	mock-23|Mock 13	OTU	10	0.003418418981221186
mock-23	Mock 13	mock-23|Mock 13	OTU	11	0.003354698451965967
mock-23	Mock 13	mock-23|Mock 13	OTU	12	0.002788710221522547
mock-23	Mock 13	mock-23|Mock 13	OTU	13	0.0026125416994639983
mock-23	Mock 13	mock-23|Mock 13	OTU	14	0.001409348176468384
mock-23	Mock 13	mock-23|Mock 13	OTU	15	0.00028861651486187644
mock-23	Mock 13	mock-23|Mock 13	OTU	16	0.0002548821170208779
mock-23	Mock 13	mock-23|Mock 13	OTU	17	0.00019490985419243602
mock-23	Mock 13	mock-23|Mock 13	OTU	18	0.00010495145994977326
mock-23	Mock 13	mock-23|Mock 13	TIC	1	0.3068061728487592
mock-23	Mock 13	mock-23|Mock 13	TIC	2	0.21951237792584485
mock-23	Mock 13	mock-23|Mock 13	TIC	3	0.20517452013520904
mock-23	Mock 13	mock-23|Mock 13	TIC	4	0.13576369891248136
mock-23	Mock 13	mock-23|Mock 13	TIC	5	0.0317224166747862
mock-23	Mock 13	mock-23|Mock 13	TIC	6	0.03126522413676802
mock-23	Mock 13	mock-23|Mock 13	TIC	7	0.029065453482532994
mock-23	Mock 13	mock-23|Mock 13	TIC	8	0.021844059869737607
mock-23	Mock 13	mock-23|Mock 13	TIC	9	0.0042121673174789955
mock-23	Mock 13	mock-23|Mock 13	TIC	10	0.0034177015956769067
mock-23	Mock 13	mock-23|Mock 13	TIC	11	0.003353994438739947
mock-23	Mock 13	mock-23|Mock 13	TIC	12	0.0027881249859469503
mock-23	Mock 13	mock-23|Mock 13	TIC	13	0.002611993434415355
mock-23	Mock 13	mock-23|Mock 13	TIC	14	0.0014090524122527595
mock-23	Mock 13	mock-23|Mock 13	TIC	15	0.0002885559461262301
mock-23	Mock 13	mock-23|Mock 13	TIC	16	0.00025482862774783957
mock-23	Mock 13	mock-23|Mock 13	TIC	17	0.00021360634972980667
mock-23	Mock 13	mock-23|Mock 13	TIC	18	0.00019112147081087975
mock-23	Mock 13	mock-23|Mock 13	TIC	19	0.00010492943495499274
mock-23	Mock 13	mock-23|Mock 13	TAC	1	0.3068061728487592
mock-23	Mock 13	mock-23|Mock 13	TAC	2	0.21951237792584485
mock-23	Mock 13	mock-23|Mock 13	TAC	3	0.20517452013520904
mock-23	Mock 13	mock-23|Mock 13	TAC	4	0.13576369891248136
mock-23	Mock 13	mock-23|Mock 13	TAC	5	0.0317224166747862
mock-23	Mock 13	mock-23|Mock 13	TAC	6	0.03126522413676802
mock-23	Mock 13	mock-23|Mock 13	TAC	7	0.029065453482532994
mock-23	Mock 13	mock-23|Mock 13	TAC	8	0.021844059869737607
mock-23	Mock 13	mock-23|Mock 13	TAC	9	0.0042121673174789955
mock-23	Mock 13	mock-23|Mock 13	TAC	10	0.0034177015956769067
mock-23	Mock 13	mock-23|Mock 13	TAC	11	0.003353994438739947
mock-23	Mock 13	mock-23|Mock 13	TAC	12	0.0027881249859469503
mock-23	Mock 13	mock-23|Mock 13	TAC	13	0.002611993434415355
mock-23	Mock 13	mock-23|Mock 13	TAC	14	0.0014090524122527595
mock-23	Mock 13	mock-23|Mock 13	TAC	15	0.0002885559461262301
mock-23	Mock 13	mock-23|Mock 13	TAC	16	0.00025482862774783957
mock-23	Mock 13	mock-23|Mock 13	TAC	17	0.00021360634972980667
mock-23	Mock 13	mock-23|Mock 13	TAC	18	0.00019112147081087975
mock-23	Mock 13	mock-23|Mock 13	TAC	19	0.00010492943495499274
mock-4	Even1	mock-4|Even1	EXPECTED	1	0.04761904769999999
mock-4	Even1	mock-4|Even1	EXPECTED	2	0.04761904769999999
mock-4	Even1	mock-4|Even1	EXPECTED	3	0.04761904769999999
mock-4	Even1	mock-4|Even1	EXPECTED	4	0.04761904769999999
mock-4	Even1	mock-4|Even1	EXPECTED	5	0.0476190476
mock-4	Even1	mock-4|Even1	EXPECTED	6	0.0476190476
mock-4	Even1	mock-4|Even1	EXPECTED	7	0.0476190476
mock-4	Even1	mock-4|Even1	EXPECTED	8	0.0476190476
mock-4	Even1	mock-4|Even1	EXPECTED	9	0.0476190476
mock-4	Even1	mock-4|Even1	EXPECTED	10	0.0476190476
mock-4	Even1	mock-4|Even1	EXPECTED	11	0.0476190476
mock-4	Even1	mock-4|Even1	EXPECTED	12	0.0476190476
mock-4	Even1	mock-4|Even1	EXPECTED	13	0.0476190476
mock-4	Even1	mock-4|Even1	EXPECTED	14	0.0476190476
mock-4	Even1	mock-4|Even1	EXPECTED	15	0.0476190476
mock-4	Even1	mock-4|Even1	EXPECTED	16	0.0476190476
mock-4	Even1	mock-4|Even1	EXPECTED	17	0.0476190476
mock-4	Even1	mock-4|Even1	EXPECTED	18	0.0476190476
mock-4	Even1	mock-4|Even1	EXPECTED	19	0.0476190476
mock-4	Even1	mock-4|Even1	EXPECTED	20	0.0476190476
mock-4	Even1	mock-4|Even1	EXPECTED	21	0.0476190476
mock-4	Even1	mock-4|Even1	ASV	1	0.5738687157509706
mock-4	Even1	mock-4|Even1	ASV	2	0.18144222960753942
mock-4	Even1	mock-4|Even1	ASV	3	0.0492389862856025
mock-4	Even1	mock-4|Even1	ASV	4	0.029257684634824883
mock-4	Even1	mock-4|Even1	ASV	5	0.02367320198994111
mock-4	Even1	mock-4|Even1	ASV	6	0.023266023825609466
mock-4	Even1	mock-4|Even1	ASV	7	0.021309748846138975
mock-4	Even1	mock-4|Even1	ASV	8	0.02072059161394961
mock-4	Even1	mock-4|Even1	ASV	9	0.016200686516033493
mock-4	Even1	mock-4|Even1	ASV	10	0.013605210060712768
mock-4	Even1	mock-4|Even1	ASV	11	0.012693039983075948
mock-4	Even1	mock-4|Even1	ASV	12	0.01015670672480898
mock-4	Even1	mock-4|Even1	ASV	13	0.004902061140417324
mock-4	Even1	mock-4|Even1	ASV	14	0.004151397485504231
mock-4	Even1	mock-4|Even1	ASV	15	0.00401491318461094
mock-4	Even1	mock-4|Even1	ASV	16	0.003803362518226341
mock-4	Even1	mock-4|Even1	ASV	17	0.003036775694875697
mock-4	Even1	mock-4|Even1	ASV	18	0.0028093018600535476
mock-4	Even1	mock-4|Even1	ASV	19	0.0017947685567467604
mock-4	Even1	mock-4|Even1	ASV	20	5.45937203573159e-05
mock-4	Even1	mock-4|Even1	zOTU	1	0.5127394595508944
mock-4	Even1	mock-4|Even1	zOTU	2	0.17515082956259428
mock-4	Even1	mock-4|Even1	zOTU	3	0.05389513821344497
mock-4	Even1	mock-4|Even1	zOTU	4	0.035009726392354217
mock-4	Even1	mock-4|Even1	zOTU	5	0.032391353378159314
mock-4	Even1	mock-4|Even1	zOTU	6	0.028573039568091797
mock-4	Even1	mock-4|Even1	zOTU	7	0.02305084506843715
mock-4	Even1	mock-4|Even1	zOTU	8	0.022270266841459798
mock-4	Even1	mock-4|Even1	zOTU	9	0.0222385503446526
mock-4	Even1	mock-4|Even1	zOTU	10	0.016917226991443594
mock-4	Even1	mock-4|Even1	zOTU	11	0.015174581694647667
mock-4	Even1	mock-4|Even1	zOTU	12	0.01404335997519065
mock-4	Even1	mock-4|Even1	zOTU	13	0.009995982577071088
mock-4	Even1	mock-4|Even1	zOTU	14	0.009148447301278527
mock-4	Even1	mock-4|Even1	zOTU	15	0.008873570995616075
mock-4	Even1	mock-4|Even1	zOTU	16	0.008232192949070356
mock-4	Even1	mock-4|Even1	zOTU	17	0.0069353406351757105
mock-4	Even1	mock-4|Even1	zOTU	18	0.0026712338422069048
mock-4	Even1	mock-4|Even1	zOTU	19	0.0025972286829900903
mock-4	Even1	mock-4|Even1	zOTU	20	9.162543522081732e-05
mock-4	Even1	mock-4|Even1	OTU	1	0.5125976553898729
mock-4	Even1	mock-4|Even1	OTU	2	0.17510238952940452
mock-4	Even1	mock-4|Even1	OTU	3	0.053880232875626446
mock-4	Even1	mock-4|Even1	OTU	4	0.03498947479676229
mock-4	Even1	mock-4|Even1	OTU	5	0.03238239516633345
mock-4	Even1	mock-4|Even1	OTU	6	0.028565137356104175
mock-4	Even1	mock-4|Even1	OTU	7	0.02304447008464201
mock-4	Even1	mock-4|Even1	OTU	8	0.02226410773580419
mock-4	Even1	mock-4|Even1	OTU	9	0.022232400010569243
mock-4	Even1	mock-4|Even1	OTU	10	0.01691254833226173
mock-4	Even1	mock-4|Even1	OTU	11	0.015165100363758068
mock-4	Even1	mock-4|Even1	OTU	12	0.014155737777112308
mock-4	Even1	mock-4|Even1	OTU	13	0.010023164254824418
mock-4	Even1	mock-4|Even1	OTU	14	0.00914591718999093
mock-4	Even1	mock-4|Even1	OTU	15	0.008871116904621402
mock-4	Even1	mock-4|Even1	OTU	16	0.00822991623875917
mock-4	Even1	mock-4|Even1	OTU	17	0.006959845689070523
mock-4	Even1	mock-4|Even1	OTU	18	0.0027162951284603254
mock-4	Even1	mock-4|Even1	OTU	19	0.0026704950808987384
mock-4	Even1	mock-4|Even1	OTU	20	9.16000951231757e-05
mock-4	Even1	mock-4|Even1	TIC	1	0.514074628922329
mock-4	Even1	mock-4|Even1	TIC	2	0.17560692089447297
mock-4	Even1	mock-4|Even1	TIC	3	0.05403548071385415
mock-4	Even1	mock-4|Even1	TIC	4	0.03510089143438612
mock-4	Even1	mock-4|Even1	TIC	5	0.0324757001982143
mock-4	Even1	mock-4|Even1	TIC	6	0.02864744353012257
mock-4	Even1	mock-4|Even1	TIC	7	0.023110869281022652
mock-4	Even1	mock-4|Even1	TIC	8	0.022328258434707635
mock-4	Even1	mock-4|Even1	TIC	9	0.022296459348401392
mock-4	Even1	mock-4|Even1	TIC	10	0.016961279312574417
mock-4	Even1	mock-4|Even1	TIC	11	0.015214096181636383
mock-4	Even1	mock-4|Even1	TIC	12	0.014079928770046672
mock-4	Even1	mock-4|Even1	TIC	13	0.01002201203418755
mock-4	Even1	mock-4|Even1	TIC	14	0.009172269783448221
mock-4	Even1	mock-4|Even1	TIC	15	0.008896677702127358
mock-4	Even1	mock-4|Even1	TIC	16	0.00825362951237868
mock-4	Even1	mock-4|Even1	TIC	17	0.006953400205634092
mock-4	Even1	mock-4|Even1	TIC	18	0.0026781897133489035
mock-4	Even1	mock-4|Even1	TIC	19	9.186402710695447e-05
mock-4	Even1	mock-4|Even1	TAC	1	0.5127394595508944
mock-4	Even1	mock-4|Even1	TAC	2	0.17515082956259426
mock-4	Even1	mock-4|Even1	TAC	3	0.053895138213444965
mock-4	Even1	mock-4|Even1	TAC	4	0.03500972639235421
mock-4	Even1	mock-4|Even1	TAC	5	0.03239135337815931
mock-4	Even1	mock-4|Even1	TAC	6	0.028573039568091794
mock-4	Even1	mock-4|Even1	TAC	7	0.023050845068437145
mock-4	Even1	mock-4|Even1	TAC	8	0.022270266841459795
mock-4	Even1	mock-4|Even1	TAC	9	0.022238550344652597
mock-4	Even1	mock-4|Even1	TAC	10	0.01691722699144359
mock-4	Even1	mock-4|Even1	TAC	11	0.015174581694647664
mock-4	Even1	mock-4|Even1	TAC	12	0.014043359975190649
mock-4	Even1	mock-4|Even1	TAC	13	0.009995982577071086
mock-4	Even1	mock-4|Even1	TAC	14	0.009148447301278525
mock-4	Even1	mock-4|Even1	TAC	15	0.008873570995616073
mock-4	Even1	mock-4|Even1	TAC	16	0.008232192949070355
mock-4	Even1	mock-4|Even1	TAC	17	0.006935340635175709
mock-4	Even1	mock-4|Even1	TAC	18	0.0026712338422069043
mock-4	Even1	mock-4|Even1	TAC	19	0.00259722868299009
mock-4	Even1	mock-4|Even1	TAC	20	9.16254352208173e-05
mock-4	Even2	mock-4|Even2	EXPECTED	1	0.04761904769999999
mock-4	Even2	mock-4|Even2	EXPECTED	2	0.04761904769999999
mock-4	Even2	mock-4|Even2	EXPECTED	3	0.04761904769999999
mock-4	Even2	mock-4|Even2	EXPECTED	4	0.04761904769999999
mock-4	Even2	mock-4|Even2	EXPECTED	5	0.0476190476
mock-4	Even2	mock-4|Even2	EXPECTED	6	0.0476190476
mock-4	Even2	mock-4|Even2	EXPECTED	7	0.0476190476
mock-4	Even2	mock-4|Even2	EXPECTED	8	0.0476190476
mock-4	Even2	mock-4|Even2	EXPECTED	9	0.0476190476
mock-4	Even2	mock-4|Even2	EXPECTED	10	0.0476190476
mock-4	Even2	mock-4|Even2	EXPECTED	11	0.0476190476
mock-4	Even2	mock-4|Even2	EXPECTED	12	0.0476190476
mock-4	Even2	mock-4|Even2	EXPECTED	13	0.0476190476
mock-4	Even2	mock-4|Even2	EXPECTED	14	0.0476190476
mock-4	Even2	mock-4|Even2	EXPECTED	15	0.0476190476
mock-4	Even2	mock-4|Even2	EXPECTED	16	0.0476190476
mock-4	Even2	mock-4|Even2	EXPECTED	17	0.0476190476
mock-4	Even2	mock-4|Even2	EXPECTED	18	0.0476190476
mock-4	Even2	mock-4|Even2	EXPECTED	19	0.0476190476
mock-4	Even2	mock-4|Even2	EXPECTED	20	0.0476190476
mock-4	Even2	mock-4|Even2	EXPECTED	21	0.0476190476
mock-4	Even2	mock-4|Even2	ASV	1	0.5919172274116767
mock-4	Even2	mock-4|Even2	ASV	2	0.1604345892128749
mock-4	Even2	mock-4|Even2	ASV	3	0.054806318200316104
mock-4	Even2	mock-4|Even2	ASV	4	0.027306152579427048
mock-4	Even2	mock-4|Even2	ASV	5	0.025155447034439688
mock-4	Even2	mock-4|Even2	ASV	6	0.02263564350813435
mock-4	Even2	mock-4|Even2	ASV	7	0.021201839811476112
mock-4	Even2	mock-4|Even2	ASV	8	0.01938710806999612
mock-4	Even2	mock-4|Even2	ASV	9	0.01620955301288057
mock-4	Even2	mock-4|Even2	ASV	10	0.013592742965844241
mock-4	Even2	mock-4|Even2	ASV	11	0.012568259466416815
mock-4	Even2	mock-4|Even2	ASV	12	0.010124168346535685
mock-4	Even2	mock-4|Even2	ASV	13	0.0049189404048720934
mock-4	Even2	mock-4|Even2	ASV	14	0.004254090835959608
mock-4	Even2	mock-4|Even2	ASV	15	0.004026953616687015
mock-4	Even2	mock-4|Even2	ASV	16	0.003508796835221411
mock-4	Even2	mock-4|Even2	ASV	17	0.0030687184728807626
mock-4	Even2	mock-4|Even2	ASV	18	0.0029906400537558085
mock-4	Even2	mock-4|Even2	ASV	19	0.0018502219319913313
mock-4	Even2	mock-4|Even2	ASV	20	4.2588228613611196e-05
mock-4	Even2	mock-4|Even2	zOTU	1	0.523112947215569
mock-4	Even2	mock-4|Even2	zOTU	2	0.15468287010989842
mock-4	Even2	mock-4|Even2	zOTU	3	0.06139876152253783
mock-4	Even2	mock-4|Even2	zOTU	4	0.03509317158467604
mock-4	Even2	mock-4|Even2	zOTU	5	0.03032072886917042
mock-4	Even2	mock-4|Even2	zOTU	6	0.029022238654285472
mock-4	Even2	mock-4|Even2	zOTU	7	0.025505419901729127
mock-4	Even2	mock-4|Even2	zOTU	8	0.022390472261069765
mock-4	Even2	mock-4|Even2	zOTU	9	0.02104732970041849
mock-4	Even2	mock-4|Even2	zOTU	10	0.017975248311694808
mock-4	Even2	mock-4|Even2	zOTU	11	0.015251455219948529
mock-4	Even2	mock-4|Even2	zOTU	12	0.0142887506452264
mock-4	Even2	mock-4|Even2	zOTU	13	0.010075355298715265
mock-4	Even2	mock-4|Even2	zOTU	14	0.009412714487542892
mock-4	Even2	mock-4|Even2	zOTU	15	0.008548245073506693
mock-4	Even2	mock-4|Even2	zOTU	16	0.008062427551568996
mock-4	Even2	mock-4|Even2	zOTU	17	0.007167594542411693
mock-4	Even2	mock-4|Even2	zOTU	18	0.0038401017359045945
mock-4	Even2	mock-4|Even2	zOTU	19	0.0027130765287623625
mock-4	Even2	mock-4|Even2	zOTU	20	9.10907853633183e-05
mock-4	Even2	mock-4|Even2	OTU	1	0.5229298828553931
mock-4	Even2	mock-4|Even2	OTU	2	0.15462873854844958
mock-4	Even2	mock-4|Even2	OTU	3	0.06137727491041411
mock-4	Even2	mock-4|Even2	OTU	4	0.03506482144419428
mock-4	Even2	mock-4|Even2	OTU	5	0.03031011807305067
mock-4	Even2	mock-4|Even2	OTU	6	0.02901208226725968
mock-4	Even2	mock-4|Even2	OTU	7	0.025496494232043095
mock-4	Even2	mock-4|Even2	OTU	8	0.022382636673171724
mock-4	Even2	mock-4|Even2	OTU	9	0.02103996414778683
mock-4	Even2	mock-4|Even2	OTU	10	0.01796895783972561
mock-4	Even2	mock-4|Even2	OTU	11	0.015240761538145648
mock-4	Even2	mock-4|Even2	OTU	12	0.014424802303968918
mock-4	Even2	mock-4|Even2	OTU	13	0.010093255034575607
mock-4	Even2	mock-4|Even2	OTU	14	0.009409420490396855
mock-4	Even2	mock-4|Even2	OTU	15	0.008545253599058701
mock-4	Even2	mock-4|Even2	OTU	16	0.008059606089876927
mock-4	Even2	mock-4|Even2	OTU	17	0.007209722948808826
mock-4	Even2	mock-4|Even2	OTU	18	0.0038387578850765164
mock-4	Even2	mock-4|Even2	OTU	19	0.002876390210631752
mock-4	Even2	mock-4|Even2	OTU	20	9.105890797158252e-05
mock-4	Even2	mock-4|Even2	TIC	1	0.5245360536712741
mock-4	Even2	mock-4|Even2	TIC	2	0.15510367825890733
mock-4	Even2	mock-4|Even2	TIC	3	0.06156579423384828
mock-4	Even2	mock-4|Even2	TIC	4	0.03518864106081717
mock-4	Even2	mock-4|Even2	TIC	5	0.030403215118507347
mock-4	Even2	mock-4|Even2	TIC	6	0.02910119241638937
mock-4	Even2	mock-4|Even2	TIC	7	0.02557480630845222
mock-4	Even2	mock-4|Even2	TIC	8	0.022451384585627242
mock-4	Even2	mock-4|Even2	TIC	9	0.02110458806294125
mock-4	Even2	mock-4|Even2	TIC	10	0.018024149207861564
mock-4	Even2	mock-4|Even2	TIC	11	0.015292946153212432
mock-4	Even2	mock-4|Even2	TIC	12	0.01432762258176595
mock-4	Even2	mock-4|Even2	TIC	13	0.010102764872967716
mock-4	Even2	mock-4|Even2	TIC	14	0.009438321375738322
mock-4	Even2	mock-4|Even2	TIC	15	0.00857150020954148
mock-4	Even2	mock-4|Even2	TIC	16	0.008084361041761438
mock-4	Even2	mock-4|Even2	TIC	17	0.007187093677578345
mock-4	Even2	mock-4|Even2	TIC	18	0.003850548568849599
mock-4	Even2	mock-4|Even2	TIC	19	9.133859395875794e-05
mock-4	Even2	mock-4|Even2	TAC	1	0.523112947215569
mock-4	Even2	mock-4|Even2	TAC	2	0.1546828701098984
mock-4	Even2	mock-4|Even2	TAC	3	0.06139876152253782
mock-4	Even2	mock-4|Even2	TAC	4	0.03509317158467603
mock-4	Even2	mock-4|Even2	TAC	5	0.030320728869170414
mock-4	Even2	mock-4|Even2	TAC	6	0.029022238654285465
mock-4	Even2	mock-4|Even2	TAC	7	0.025505419901729116
mock-4	Even2	mock-4|Even2	TAC	8	0.022390472261069765
mock-4	Even2	mock-4|Even2	TAC	9	0.021047329700418487
mock-4	Even2	mock-4|Even2	TAC	10	0.017975248311694805
mock-4	Even2	mock-4|Even2	TAC	11	0.015251455219948525
mock-4	Even2	mock-4|Even2	TAC	12	0.014288750645226396
mock-4	Even2	mock-4|Even2	TAC	13	0.010075355298715264
mock-4	Even2	mock-4|Even2	TAC	14	0.00941271448754289
mock-4	Even2	mock-4|Even2	TAC	15	0.008548245073506692
mock-4	Even2	mock-4|Even2	TAC	16	0.008062427551568994
mock-4	Even2	mock-4|Even2	TAC	17	0.007167594542411691
mock-4	Even2	mock-4|Even2	TAC	18	0.003840101735904594
mock-4	Even2	mock-4|Even2	TAC	19	0.0027130765287623625
mock-4	Even2	mock-4|Even2	TAC	20	9.109078536331828e-05
mock-4	Staggered1	mock-4|Staggered1	EXPECTED	1	0.21436227140000003
mock-4	Staggered1	mock-4|Staggered1	EXPECTED	2	0.21436227140000003
mock-4	Staggered1	mock-4|Staggered1	EXPECTED	3	0.21436227140000003
mock-4	Staggered1	mock-4|Staggered1	EXPECTED	4	0.21436227140000003
mock-4	Staggered1	mock-4|Staggered1	EXPECTED	5	0.0214362274
mock-4	Staggered1	mock-4|Staggered1	EXPECTED	6	0.0214362274
mock-4	Staggered1	mock-4|Staggered1	EXPECTED	7	0.0214362274
mock-4	Staggered1	mock-4|Staggered1	EXPECTED	8	0.0214362274
mock-4	Staggered1	mock-4|Staggered1	EXPECTED	9	0.0214362274
mock-4	Staggered1	mock-4|Staggered1	EXPECTED	10	0.0214362274
mock-4	Staggered1	mock-4|Staggered1	EXPECTED	11	0.0021436229
mock-4	Staggered1	mock-4|Staggered1	EXPECTED	12	0.0021436229
mock-4	Staggered1	mock-4|Staggered1	EXPECTED	13	0.0021436229
mock-4	Staggered1	mock-4|Staggered1	EXPECTED	14	0.0021436229
mock-4	Staggered1	mock-4|Staggered1	EXPECTED	15	0.0021436227
mock-4	Staggered1	mock-4|Staggered1	EXPECTED	16	0.0021436227
mock-4	Staggered1	mock-4|Staggered1	EXPECTED	17	0.0002143626
mock-4	Staggered1	mock-4|Staggered1	EXPECTED	18	0.0002143626
mock-4	Staggered1	mock-4|Staggered1	EXPECTED	19	0.0002143626
mock-4	Staggered1	mock-4|Staggered1	EXPECTED	20	0.0002143626
mock-4	Staggered1	mock-4|Staggered1	EXPECTED	21	0.0002143626
mock-4	Staggered1	mock-4|Staggered1	ASV	1	0.8052892355024505
mock-4	Staggered1	mock-4|Staggered1	ASV	2	0.07174542982864093
mock-4	Staggered1	mock-4|Staggered1	ASV	3	0.02072451972954602
mock-4	Staggered1	mock-4|Staggered1	ASV	4	0.020176725217329092
mock-4	Staggered1	mock-4|Staggered1	ASV	5	0.019597628161556902
mock-4	Staggered1	mock-4|Staggered1	ASV	6	0.01568033842521375
mock-4	Staggered1	mock-4|Staggered1	ASV	7	0.014419293099130684
mock-4	Staggered1	mock-4|Staggered1	ASV	8	0.01078819804672128
mock-4	Staggered1	mock-4|Staggered1	ASV	9	0.01022028047079025
mock-4	Staggered1	mock-4|Staggered1	ASV	10	0.008342127857475049
mock-4	Staggered1	mock-4|Staggered1	ASV	11	0.0010262762494186667
mock-4	Staggered1	mock-4|Staggered1	ASV	12	0.0008787071155153292
mock-4	Staggered1	mock-4|Staggered1	ASV	13	0.0004091689621865274
mock-4	Staggered1	mock-4|Staggered1	ASV	14	0.00024371266053733055
mock-4	Staggered1	mock-4|Staggered1	ASV	15	0.00019899474117268272
mock-4	Staggered1	mock-4|Staggered1	ASV	16	0.00012297427825278147
mock-4	Staggered1	mock-4|Staggered1	ASV	17	8.272815082459844e-05
mock-4	Staggered1	mock-4|Staggered1	ASV	18	4.248202339641541e-05
mock-4	Staggered1	mock-4|Staggered1	ASV	19	1.1179479841161943e-05
mock-4	Staggered1	mock-4|Staggered1	zOTU	1	0.7273972214614245
mock-4	Staggered1	mock-4|Staggered1	zOTU	2	0.07851748313389938
mock-4	Staggered1	mock-4|Staggered1	zOTU	3	0.05502142301722972
mock-4	Staggered1	mock-4|Staggered1	zOTU	4	0.04074623247672747
mock-4	Staggered1	mock-4|Staggered1	zOTU	5	0.03096971814801873
mock-4	Staggered1	mock-4|Staggered1	zOTU	6	0.017139987848222415
mock-4	Staggered1	mock-4|Staggered1	zOTU	7	0.016951100113647456
mock-4	Staggered1	mock-4|Staggered1	zOTU	8	0.011629188191998088
mock-4	Staggered1	mock-4|Staggered1	zOTU	9	0.009660033559054176
mock-4	Staggered1	mock-4|Staggered1	zOTU	10	0.008318930643571993
mock-4	Staggered1	mock-4|Staggered1	zOTU	11	0.0010750860226224547
mock-4	Staggered1	mock-4|Staggered1	zOTU	12	0.0010215678311595504
mock-4	Staggered1	mock-4|Staggered1	zOTU	13	0.0005099968833523796
mock-4	Staggered1	mock-4|Staggered1	zOTU	14	0.0004187011449744845
mock-4	Staggered1	mock-4|Staggered1	zOTU	15	0.00021249870139682483
mock-4	Staggered1	mock-4|Staggered1	zOTU	16	0.00016527676775308594
mock-4	Staggered1	mock-4|Staggered1	zOTU	17	0.00011962889856413841
mock-4	Staggered1	mock-4|Staggered1	zOTU	18	9.759199619706029e-05
mock-4	Staggered1	mock-4|Staggered1	zOTU	19	2.5185031276660715e-05
mock-4	Staggered1	mock-4|Staggered1	zOTU	20	3.148128909582582e-06
mock-4	Staggered1	mock-4|Staggered1	OTU	1	0.7255516443350281
mock-4	Staggered1	mock-4|Staggered1	OTU	2	0.07917081427005845
mock-4	Staggered1	mock-4|Staggered1	OTU	3	0.0548818207795715
mock-4	Staggered1	mock-4|Staggered1	OTU	4	0.04092232232295099
mock-4	Staggered1	mock-4|Staggered1	OTU	5	0.03229635398185627
mock-4	Staggered1	mock-4|Staggered1	OTU	6	0.017096499684415793
mock-4	Staggered1	mock-4|Staggered1	OTU	7	0.01690809120226593
mock-4	Staggered1	mock-4|Staggered1	OTU	8	0.011599682217693443
mock-4	Staggered1	mock-4|Staggered1	OTU	9	0.009635523791281084
mock-4	Staggered1	mock-4|Staggered1	OTU	10	0.008297823568017034
mock-4	Staggered1	mock-4|Staggered1	OTU	11	0.0010723582775696563
mock-4	Staggered1	mock-4|Staggered1	OTU	12	0.001018975874293861
mock-4	Staggered1	mock-4|Staggered1	OTU	13	0.0005087029018046393
mock-4	Staggered1	mock-4|Staggered1	OTU	14	0.0004176388020988706
mock-4	Staggered1	mock-4|Staggered1	OTU	15	0.00021195954241859974
mock-4	Staggered1	mock-4|Staggered1	OTU	16	0.0001648574218811331
mock-4	Staggered1	mock-4|Staggered1	OTU	17	0.00011932537202824869
mock-4	Staggered1	mock-4|Staggered1	OTU	18	9.734438244409763e-05
mock-4	Staggered1	mock-4|Staggered1	OTU	19	2.5121130953315515e-05
mock-4	Staggered1	mock-4|Staggered1	OTU	20	3.1401413691644348e-06
mock-4	Staggered1	mock-4|Staggered1	TIC	1	0.7506444690987829
mock-4	Staggered1	mock-4|Staggered1	TIC	2	0.08102686221924782
mock-4	Staggered1	mock-4|Staggered1	TIC	3	0.05677987989402606
mock-4	Staggered1	mock-4|Staggered1	TIC	4	0.042048461477235274
mock-4	Staggered1	mock-4|Staggered1	TIC	5	0.0176877731988571
mock-4	Staggered1	mock-4|Staggered1	TIC	6	0.017492848707731847
mock-4	Staggered1	mock-4|Staggered1	TIC	7	0.012000851170277915
mock-4	Staggered1	mock-4|Staggered1	TIC	8	0.00996876335029718
mock-4	Staggered1	mock-4|Staggered1	TIC	9	0.008584799463307901
mock-4	Staggered1	mock-4|Staggered1	TIC	10	0.00110944522865455
mock-4	Staggered1	mock-4|Staggered1	TIC	11	0.0010542166228357291
mock-4	Staggered1	mock-4|Staggered1	TIC	12	0.0005262961260381761
mock-4	Staggered1	mock-4|Staggered1	TIC	13	0.00043208262199430505
mock-4	Staggered1	mock-4|Staggered1	TIC	14	0.00021929005251590666
mock-4	Staggered1	mock-4|Staggered1	TIC	15	0.0001705589297345941
mock-4	Staggered1	mock-4|Staggered1	TIC	16	0.00012345217771265858
mock-4	Staggered1	mock-4|Staggered1	TIC	17	0.00010071098708137935
mock-4	Staggered1	mock-4|Staggered1	TIC	18	2.5989932150033378e-05
mock-4	Staggered1	mock-4|Staggered1	TIC	19	3.248741518754155e-06
mock-4	Staggered1	mock-4|Staggered1	TAC	1	0.7273972214614244
mock-4	Staggered1	mock-4|Staggered1	TAC	2	0.07851748313389936
mock-4	Staggered1	mock-4|Staggered1	TAC	3	0.05502142301722972
mock-4	Staggered1	mock-4|Staggered1	TAC	4	0.04074623247672747
mock-4	Staggered1	mock-4|Staggered1	TAC	5	0.03096971814801873
mock-4	Staggered1	mock-4|Staggered1	TAC	6	0.01713998784822242
mock-4	Staggered1	mock-4|Staggered1	TAC	7	0.016951100113647456
mock-4	Staggered1	mock-4|Staggered1	TAC	8	0.011629188191998088
mock-4	Staggered1	mock-4|Staggered1	TAC	9	0.009660033559054176
mock-4	Staggered1	mock-4|Staggered1	TAC	10	0.008318930643571991
mock-4	Staggered1	mock-4|Staggered1	TAC	11	0.0010750860226224545
mock-4	Staggered1	mock-4|Staggered1	TAC	12	0.0010215678311595504
mock-4	Staggered1	mock-4|Staggered1	TAC	13	0.0005099968833523796
mock-4	Staggered1	mock-4|Staggered1	TAC	14	0.0004187011449744845
mock-4	Staggered1	mock-4|Staggered1	TAC	15	0.00021249870139682483
mock-4	Staggered1	mock-4|Staggered1	TAC	16	0.000165276767753086
mock-4	Staggered1	mock-4|Staggered1	TAC	17	0.00011962889856413841
mock-4	Staggered1	mock-4|Staggered1	TAC	18	9.759199619706029e-05
mock-4	Staggered1	mock-4|Staggered1	TAC	19	2.5185031276660712e-05
mock-4	Staggered1	mock-4|Staggered1	TAC	20	3.1481289095825818e-06
mock-4	Staggered2	mock-4|Staggered2	EXPECTED	1	0.21436227140000003
mock-4	Staggered2	mock-4|Staggered2	EXPECTED	2	0.21436227140000003
mock-4	Staggered2	mock-4|Staggered2	EXPECTED	3	0.21436227140000003
mock-4	Staggered2	mock-4|Staggered2	EXPECTED	4	0.21436227140000003
mock-4	Staggered2	mock-4|Staggered2	EXPECTED	5	0.0214362274
mock-4	Staggered2	mock-4|Staggered2	EXPECTED	6	0.0214362274
mock-4	Staggered2	mock-4|Staggered2	EXPECTED	7	0.0214362274
mock-4	Staggered2	mock-4|Staggered2	EXPECTED	8	0.0214362274
mock-4	Staggered2	mock-4|Staggered2	EXPECTED	9	0.0214362274
mock-4	Staggered2	mock-4|Staggered2	EXPECTED	10	0.0214362274
mock-4	Staggered2	mock-4|Staggered2	EXPECTED	11	0.0021436229
mock-4	Staggered2	mock-4|Staggered2	EXPECTED	12	0.0021436229
mock-4	Staggered2	mock-4|Staggered2	EXPECTED	13	0.0021436229
mock-4	Staggered2	mock-4|Staggered2	EXPECTED	14	0.0021436229
mock-4	Staggered2	mock-4|Staggered2	EXPECTED	15	0.0021436227
mock-4	Staggered2	mock-4|Staggered2	EXPECTED	16	0.0021436227
mock-4	Staggered2	mock-4|Staggered2	EXPECTED	17	0.0002143626
mock-4	Staggered2	mock-4|Staggered2	EXPECTED	18	0.0002143626
mock-4	Staggered2	mock-4|Staggered2	EXPECTED	19	0.0002143626
mock-4	Staggered2	mock-4|Staggered2	EXPECTED	20	0.0002143626
mock-4	Staggered2	mock-4|Staggered2	EXPECTED	21	0.0002143626
mock-4	Staggered2	mock-4|Staggered2	ASV	1	0.7957854887325967
mock-4	Staggered2	mock-4|Staggered2	ASV	2	0.07583967274293098
mock-4	Staggered2	mock-4|Staggered2	ASV	3	0.02239844983493613
mock-4	Staggered2	mock-4|Staggered2	ASV	4	0.02168795751399455
mock-4	Staggered2	mock-4|Staggered2	ASV	5	0.020021171235826044
mock-4	Staggered2	mock-4|Staggered2	ASV	6	0.016009401464044788
mock-4	Staggered2	mock-4|Staggered2	ASV	7	0.013775656667145118
mock-4	Staggered2	mock-4|Staggered2	ASV	8	0.011220754987799628
mock-4	Staggered2	mock-4|Staggered2	ASV	9	0.011181283192191763
mock-4	Staggered2	mock-4|Staggered2	ASV	10	0.009053394574422278
mock-4	Staggered2	mock-4|Staggered2	ASV	11	0.0012738624946174832
mock-4	Staggered2	mock-4|Staggered2	ASV	12	0.0007499641165494476
mock-4	Staggered2	mock-4|Staggered2	ASV	13	0.00040907133629969865
mock-4	Staggered2	mock-4|Staggered2	ASV	14	0.0002063298406774796
mock-4	Staggered2	mock-4|Staggered2	ASV	15	0.00020094732309458883
mock-4	Staggered2	mock-4|Staggered2	ASV	16	9.509114396440365e-05
mock-4	Staggered2	mock-4|Staggered2	ASV	17	6.459021099468927e-05
mock-4	Staggered2	mock-4|Staggered2	ASV	18	1.4353380221042049e-05
mock-4	Staggered2	mock-4|Staggered2	ASV	19	1.2559207693411785e-05
mock-4	Staggered2	mock-4|Staggered2	zOTU	1	0.7143242747970622
mock-4	Staggered2	mock-4|Staggered2	zOTU	2	0.08129157194577756
mock-4	Staggered2	mock-4|Staggered2	zOTU	3	0.0580100441287907
mock-4	Staggered2	mock-4|Staggered2	zOTU	4	0.044807314186093745
mock-4	Staggered2	mock-4|Staggered2	zOTU	5	0.031193507966460143
mock-4	Staggered2	mock-4|Staggered2	zOTU	6	0.018528148819517698
mock-4	Staggered2	mock-4|Staggered2	zOTU	7	0.016997756415018647
mock-4	Staggered2	mock-4|Staggered2	zOTU	8	0.012274093774918405
mock-4	Staggered2	mock-4|Staggered2	zOTU	9	0.010020603341109116
mock-4	Staggered2	mock-4|Staggered2	zOTU	10	0.008829472683238491
mock-4	Staggered2	mock-4|Staggered2	zOTU	11	0.0012443724648232622
mock-4	Staggered2	mock-4|Staggered2	zOTU	12	0.0010413106894690183
mock-4	Staggered2	mock-4|Staggered2	zOTU	13	0.0004544126314329723
mock-4	Staggered2	mock-4|Staggered2	zOTU	14	0.00039621809825218297
mock-4	Staggered2	mock-4|Staggered2	zOTU	15	0.0001943945044549773
mock-4	Staggered2	mock-4|Staggered2	zOTU	16	0.00019439450445497727
mock-4	Staggered2	mock-4|Staggered2	zOTU	17	0.00010772179546231225
mock-4	Staggered2	mock-4|Staggered2	zOTU	18	6.56236225230178e-05
mock-4	Staggered2	mock-4|Staggered2	zOTU	19	1.8572723355571074e-05
mock-4	Staggered2	mock-4|Staggered2	zOTU	20	6.190907785190357e-06
mock-4	Staggered2	mock-4|Staggered2	OTU	1	0.7122878713986752
mock-4	Staggered2	mock-4|Staggered2	OTU	2	0.08207470877652186
mock-4	Staggered2	mock-4|Staggered2	OTU	3	0.057844668465142704
mock-4	Staggered2	mock-4|Staggered2	OTU	4	0.04504626857379205
mock-4	Staggered2	mock-4|Staggered2	OTU	5	0.03257258208890727
mock-4	Staggered2	mock-4|Staggered2	OTU	6	0.01847532857169314
mock-4	Staggered2	mock-4|Staggered2	OTU	7	0.016949299026477106
mock-4	Staggered2	mock-4|Staggered2	OTU	8	0.012239102655118558
mock-4	Staggered2	mock-4|Staggered2	OTU	9	0.009992036496305305
mock-4	Staggered2	mock-4|Staggered2	OTU	10	0.00880430152664687
mock-4	Staggered2	mock-4|Staggered2	OTU	11	0.0012408249942897354
mock-4	Staggered2	mock-4|Staggered2	OTU	12	0.0010383421096494207
mock-4	Staggered2	mock-4|Staggered2	OTU	13	0.0004531171869694856
mock-4	Staggered2	mock-4|Staggered2	OTU	14	0.0003950885553957368
mock-4	Staggered2	mock-4|Staggered2	OTU	15	0.00019384032249103328
mock-4	Staggered2	mock-4|Staggered2	OTU	16	0.00019260567075542168
mock-4	Staggered2	mock-4|Staggered2	OTU	17	0.00010741470099821596
mock-4	Staggered2	mock-4|Staggered2	OTU	18	6.790584545864226e-05
mock-4	Staggered2	mock-4|Staggered2	OTU	19	1.8519776034175153e-05
mock-4	Staggered2	mock-4|Staggered2	OTU	20	6.1732586780583835e-06
mock-4	Staggered2	mock-4|Staggered2	TIC	1	0.7373239967639816
mock-4	Staggered2	mock-4|Staggered2	TIC	2	0.08390898761954546
mock-4	Staggered2	mock-4|Staggered2	TIC	3	0.05987784413688921
mock-4	Staggered2	mock-4|Staggered2	TIC	4	0.04625001437804416
mock-4	Staggered2	mock-4|Staggered2	TIC	5	0.019124715793993934
mock-4	Staggered2	mock-4|Staggered2	TIC	6	0.017545048009886984
mock-4	Staggered2	mock-4|Staggered2	TIC	7	0.012669293482081123
mock-4	Staggered2	mock-4|Staggered2	TIC	8	0.010343245450467322
mock-4	Staggered2	mock-4|Staggered2	TIC	9	0.009113762919471453
mock-4	Staggered2	mock-4|Staggered2	TIC	10	0.0012844386108636669
mock-4	Staggered2	mock-4|Staggered2	TIC	11	0.0010748386783446208
mock-4	Staggered2	mock-4|Staggered2	TIC	12	0.0004690437514298166
mock-4	Staggered2	mock-4|Staggered2	TIC	13	0.00040897547808594367
mock-4	Staggered2	mock-4|Staggered2	TIC	14	0.00020065359393591612
mock-4	Staggered2	mock-4|Staggered2	TIC	15	0.00020065359393591612
mock-4	Staggered2	mock-4|Staggered2	TIC	16	0.00011119020810461593
mock-4	Staggered2	mock-4|Staggered2	TIC	17	6.773656355798442e-05
mock-4	Staggered2	mock-4|Staggered2	TIC	18	1.91707255352786e-05
mock-4	Staggered2	mock-4|Staggered2	TIC	19	6.390241845092859e-06
mock-4	Staggered2	mock-4|Staggered2	TAC	1	0.7143242747970621
mock-4	Staggered2	mock-4|Staggered2	TAC	2	0.08129157194577755
mock-4	Staggered2	mock-4|Staggered2	TAC	3	0.05801004412879069
mock-4	Staggered2	mock-4|Staggered2	TAC	4	0.04480731418609373
mock-4	Staggered2	mock-4|Staggered2	TAC	5	0.031193507966460136
mock-4	Staggered2	mock-4|Staggered2	TAC	6	0.018528148819517695
mock-4	Staggered2	mock-4|Staggered2	TAC	7	0.016997756415018644
mock-4	Staggered2	mock-4|Staggered2	TAC	8	0.012274093774918404
mock-4	Staggered2	mock-4|Staggered2	TAC	9	0.010020603341109114
mock-4	Staggered2	mock-4|Staggered2	TAC	10	0.00882947268323849
mock-4	Staggered2	mock-4|Staggered2	TAC	11	0.001244372464823262
mock-4	Staggered2	mock-4|Staggered2	TAC	12	0.001041310689469018
mock-4	Staggered2	mock-4|Staggered2	TAC	13	0.0004544126314329722
mock-4	Staggered2	mock-4|Staggered2	TAC	14	0.0003962180982521829
mock-4	Staggered2	mock-4|Staggered2	TAC	15	0.00019439450445497724
mock-4	Staggered2	mock-4|Staggered2	TAC	16	0.00019439450445497724
mock-4	Staggered2	mock-4|Staggered2	TAC	17	0.00010772179546231222
mock-4	Staggered2	mock-4|Staggered2	TAC	18	6.562362252301779e-05
mock-4	Staggered2	mock-4|Staggered2	TAC	19	1.857272335557107e-05
mock-4	Staggered2	mock-4|Staggered2	TAC	20	6.190907785190356e-06
mock-5	Even1	mock-5|Even1	EXPECTED	1	0.04761904769999999
mock-5	Even1	mock-5|Even1	EXPECTED	2	0.04761904769999999
mock-5	Even1	mock-5|Even1	EXPECTED	3	0.04761904769999999
mock-5	Even1	mock-5|Even1	EXPECTED	4	0.04761904769999999
mock-5	Even1	mock-5|Even1	EXPECTED	5	0.0476190476
mock-5	Even1	mock-5|Even1	EXPECTED	6	0.0476190476
mock-5	Even1	mock-5|Even1	EXPECTED	7	0.0476190476
mock-5	Even1	mock-5|Even1	EXPECTED	8	0.0476190476
mock-5	Even1	mock-5|Even1	EXPECTED	9	0.0476190476
mock-5	Even1	mock-5|Even1	EXPECTED	10	0.0476190476
mock-5	Even1	mock-5|Even1	EXPECTED	11	0.0476190476
mock-5	Even1	mock-5|Even1	EXPECTED	12	0.0476190476
mock-5	Even1	mock-5|Even1	EXPECTED	13	0.0476190476
mock-5	Even1	mock-5|Even1	EXPECTED	14	0.0476190476
mock-5	Even1	mock-5|Even1	EXPECTED	15	0.0476190476
mock-5	Even1	mock-5|Even1	EXPECTED	16	0.0476190476
mock-5	Even1	mock-5|Even1	EXPECTED	17	0.0476190476
mock-5	Even1	mock-5|Even1	EXPECTED	18	0.0476190476
mock-5	Even1	mock-5|Even1	EXPECTED	19	0.0476190476
mock-5	Even1	mock-5|Even1	EXPECTED	20	0.0476190476
mock-5	Even1	mock-5|Even1	EXPECTED	21	0.0476190476
mock-5	Even1	mock-5|Even1	ASV	1	0.6262598491896246
mock-5	Even1	mock-5|Even1	ASV	2	0.19897220678319744
mock-5	Even1	mock-5|Even1	ASV	3	0.03999714667007481
mock-5	Even1	mock-5|Even1	ASV	4	0.020240809156811285
mock-5	Even1	mock-5|Even1	ASV	5	0.018320755894652676
mock-5	Even1	mock-5|Even1	ASV	6	0.017803589845712127
mock-5	Even1	mock-5|Even1	ASV	7	0.016952049196163457
mock-5	Even1	mock-5|Even1	ASV	8	0.014358788404780515
mock-5	Even1	mock-5|Even1	ASV	9	0.011034361820067822
mock-5	Even1	mock-5|Even1	ASV	10	0.0089567809682894
mock-5	Even1	mock-5|Even1	ASV	11	0.007678726939298378
mock-5	Even1	mock-5|Even1	ASV	12	0.0057215209437388725
mock-5	Even1	mock-5|Even1	ASV	13	0.003713787230754141
mock-5	Even1	mock-5|Even1	ASV	14	0.003297676616664041
mock-5	Even1	mock-5|Even1	ASV	15	0.0023837193750018575
mock-5	Even1	mock-5|Even1	ASV	16	0.0020627197584180664
mock-5	Even1	mock-5|Even1	ASV	17	0.0016154008482712088
mock-5	Even1	mock-5|Even1	ASV	18	0.0004785272062036148
mock-5	Even1	mock-5|Even1	ASV	19	0.00011888874688288566
mock-5	Even1	mock-5|Even1	ASV	20	3.269440539279355e-05
mock-5	Even1	mock-5|Even1	zOTU	1	0.487995024871645
mock-5	Even1	mock-5|Even1	zOTU	2	0.20744542666281907
mock-5	Even1	mock-5|Even1	zOTU	3	0.05680551037031292
mock-5	Even1	mock-5|Even1	zOTU	4	0.03428474136766469
mock-5	Even1	mock-5|Even1	zOTU	5	0.026363224337202423
mock-5	Even1	mock-5|Even1	zOTU	6	0.02382929810243296
mock-5	Even1	mock-5|Even1	zOTU	7	0.02259990423837131
mock-5	Even1	mock-5|Even1	zOTU	8	0.021450444955848125
mock-5	Even1	mock-5|Even1	zOTU	9	0.019886125195140294
mock-5	Even1	mock-5|Even1	zOTU	10	0.016538464920309217
mock-5	Even1	mock-5|Even1	zOTU	11	0.015117228060555238
mock-5	Even1	mock-5|Even1	zOTU	12	0.013691994471724336
mock-5	Even1	mock-5|Even1	zOTU	13	0.013095682493447358
mock-5	Even1	mock-5|Even1	zOTU	14	0.00955138314803165
mock-5	Even1	mock-5|Even1	zOTU	15	0.009157305661046996
mock-5	Even1	mock-5|Even1	zOTU	16	0.00904699593852391
mock-5	Even1	mock-5|Even1	zOTU	17	0.006427539701508284
mock-5	Even1	mock-5|Even1	zOTU	18	0.004385211143200403
mock-5	Even1	mock-5|Even1	zOTU	19	0.002246161741230976
mock-5	Even1	mock-5|Even1	zOTU	20	8.233261898462297e-05
mock-5	Even1	mock-5|Even1	OTU	1	0.4879809825116162
mock-5	Even1	mock-5|Even1	OTU	2	0.20743945729178237
mock-5	Even1	mock-5|Even1	OTU	3	0.05680387575645912
mock-5	Even1	mock-5|Even1	OTU	4	0.034281356834489816
mock-5	Even1	mock-5|Even1	OTU	5	0.02636246571904282
mock-5	Even1	mock-5|Even1	OTU	6	0.023828612399575077
mock-5	Even1	mock-5|Even1	OTU	7	0.022599253912085678
mock-5	Even1	mock-5|Even1	OTU	8	0.0214498277059675
mock-5	Even1	mock-5|Even1	OTU	9	0.019885552959532673
mock-5	Even1	mock-5|Even1	OTU	10	0.016537989015705898
mock-5	Even1	mock-5|Even1	OTU	11	0.01511679305292556
mock-5	Even1	mock-5|Even1	OTU	12	0.01369239979889038
mock-5	Even1	mock-5|Even1	OTU	13	0.013095305657047347
mock-5	Even1	mock-5|Even1	OTU	14	0.009581482567968416
mock-5	Even1	mock-5|Even1	OTU	15	0.009157042153887225
mock-5	Even1	mock-5|Even1	OTU	16	0.009046735605594939
mock-5	Even1	mock-5|Even1	OTU	17	0.006427354745059985
mock-5	Even1	mock-5|Even1	OTU	18	0.004385084956025254
mock-5	Even1	mock-5|Even1	OTU	19	0.002246097106531346
mock-5	Even1	mock-5|Even1	OTU	20	8.233024981235896e-05
mock-5	Even1	mock-5|Even1	TIC	1	0.48799502487164503
mock-5	Even1	mock-5|Even1	TIC	2	0.2074454266628191
mock-5	Even1	mock-5|Even1	TIC	3	0.05680551037031294
mock-5	Even1	mock-5|Even1	TIC	4	0.0342847413676647
mock-5	Even1	mock-5|Even1	TIC	5	0.026363224337202427
mock-5	Even1	mock-5|Even1	TIC	6	0.023829298102432967
mock-5	Even1	mock-5|Even1	TIC	7	0.022599904238371316
mock-5	Even1	mock-5|Even1	TIC	8	0.02145044495584813
mock-5	Even1	mock-5|Even1	TIC	9	0.019886125195140294
mock-5	Even1	mock-5|Even1	TIC	10	0.01653846492030922
mock-5	Even1	mock-5|Even1	TIC	11	0.015117228060555238
mock-5	Even1	mock-5|Even1	TIC	12	0.01369199447172434
mock-5	Even1	mock-5|Even1	TIC	13	0.013095682493447362
mock-5	Even1	mock-5|Even1	TIC	14	0.009551383148031653
mock-5	Even1	mock-5|Even1	TIC	15	0.009157305661046996
mock-5	Even1	mock-5|Even1	TIC	16	0.009046995938523912
mock-5	Even1	mock-5|Even1	TIC	17	0.006427539701508285
mock-5	Even1	mock-5|Even1	TIC	18	0.004385211143200405
mock-5	Even1	mock-5|Even1	TIC	19	0.0022461617412309763
mock-5	Even1	mock-5|Even1	TIC	20	8.233261898462298e-05
mock-5	Even1	mock-5|Even1	TAC	1	0.48799502487164503
mock-5	Even1	mock-5|Even1	TAC	2	0.2074454266628191
mock-5	Even1	mock-5|Even1	TAC	3	0.05680551037031294
mock-5	Even1	mock-5|Even1	TAC	4	0.0342847413676647
mock-5	Even1	mock-5|Even1	TAC	5	0.026363224337202427
mock-5	Even1	mock-5|Even1	TAC	6	0.023829298102432967
mock-5	Even1	mock-5|Even1	TAC	7	0.022599904238371316
mock-5	Even1	mock-5|Even1	TAC	8	0.02145044495584813
mock-5	Even1	mock-5|Even1	TAC	9	0.019886125195140294
mock-5	Even1	mock-5|Even1	TAC	10	0.01653846492030922
mock-5	Even1	mock-5|Even1	TAC	11	0.015117228060555238
mock-5	Even1	mock-5|Even1	TAC	12	0.01369199447172434
mock-5	Even1	mock-5|Even1	TAC	13	0.013095682493447362
mock-5	Even1	mock-5|Even1	TAC	14	0.009551383148031653
mock-5	Even1	mock-5|Even1	TAC	15	0.009157305661046996
mock-5	Even1	mock-5|Even1	TAC	16	0.009046995938523912
mock-5	Even1	mock-5|Even1	TAC	17	0.006427539701508285
mock-5	Even1	mock-5|Even1	TAC	18	0.004385211143200405
mock-5	Even1	mock-5|Even1	TAC	19	0.0022461617412309763
mock-5	Even1	mock-5|Even1	TAC	20	8.233261898462298e-05
mock-5	Even2	mock-5|Even2	EXPECTED	1	0.04761904769999999
mock-5	Even2	mock-5|Even2	EXPECTED	2	0.04761904769999999
mock-5	Even2	mock-5|Even2	EXPECTED	3	0.04761904769999999
mock-5	Even2	mock-5|Even2	EXPECTED	4	0.04761904769999999
mock-5	Even2	mock-5|Even2	EXPECTED	5	0.0476190476
mock-5	Even2	mock-5|Even2	EXPECTED	6	0.0476190476
mock-5	Even2	mock-5|Even2	EXPECTED	7	0.0476190476
mock-5	Even2	mock-5|Even2	EXPECTED	8	0.0476190476
mock-5	Even2	mock-5|Even2	EXPECTED	9	0.0476190476
mock-5	Even2	mock-5|Even2	EXPECTED	10	0.0476190476
mock-5	Even2	mock-5|Even2	EXPECTED	11	0.0476190476
mock-5	Even2	mock-5|Even2	EXPECTED	12	0.0476190476
mock-5	Even2	mock-5|Even2	EXPECTED	13	0.0476190476
mock-5	Even2	mock-5|Even2	EXPECTED	14	0.0476190476
mock-5	Even2	mock-5|Even2	EXPECTED	15	0.0476190476
mock-5	Even2	mock-5|Even2	EXPECTED	16	0.0476190476
mock-5	Even2	mock-5|Even2	EXPECTED	17	0.0476190476
mock-5	Even2	mock-5|Even2	EXPECTED	18	0.0476190476
mock-5	Even2	mock-5|Even2	EXPECTED	19	0.0476190476
mock-5	Even2	mock-5|Even2	EXPECTED	20	0.0476190476
mock-5	Even2	mock-5|Even2	EXPECTED	21	0.0476190476
mock-5	Even2	mock-5|Even2	ASV	1	0.6650471170436663
mock-5	Even2	mock-5|Even2	ASV	2	0.16517036081985553
mock-5	Even2	mock-5|Even2	ASV	3	0.04402804901942196
mock-5	Even2	mock-5|Even2	ASV	4	0.018480246234744636
mock-5	Even2	mock-5|Even2	ASV	5	0.017851386966496654
mock-5	Even2	mock-5|Even2	ASV	6	0.0168685968538076
mock-5	Even2	mock-5|Even2	ASV	7	0.016249217876035723
mock-5	Even2	mock-5|Even2	ASV	8	0.012923215967337242
mock-5	Even2	mock-5|Even2	ASV	9	0.01030823584434627
mock-5	Even2	mock-5|Even2	ASV	10	0.008427978233253067
mock-5	Even2	mock-5|Even2	ASV	11	0.007661654753101634
mock-5	Even2	mock-5|Even2	ASV	12	0.004383054296783654
mock-5	Even2	mock-5|Even2	ASV	13	0.0035361483475853696
mock-5	Even2	mock-5|Even2	ASV	14	0.003119015566636962
mock-5	Even2	mock-5|Even2	ASV	15	0.0018565568849029535
mock-5	Even2	mock-5|Even2	ASV	16	0.0017712342706180516
mock-5	Even2	mock-5|Even2	ASV	17	0.0016922318499838832
mock-5	Even2	mock-5|Even2	ASV	18	0.0004439936039640255
mock-5	Even2	mock-5|Even2	ASV	19	0.00014852455079223626
mock-5	Even2	mock-5|Even2	ASV	20	3.318101666635065e-05
mock-5	Even2	mock-5|Even2	zOTU	1	0.5052637464141244
mock-5	Even2	mock-5|Even2	zOTU	2	0.17912644409498918
mock-5	Even2	mock-5|Even2	zOTU	3	0.06684394915242226
mock-5	Even2	mock-5|Even2	zOTU	4	0.03534415349712934
mock-5	Even2	mock-5|Even2	zOTU	5	0.026047453644462263
mock-5	Even2	mock-5|Even2	zOTU	6	0.02334490630460512
mock-5	Even2	mock-5|Even2	zOTU	7	0.021995207545713765
mock-5	Even2	mock-5|Even2	zOTU	8	0.021825904609213388
mock-5	Even2	mock-5|Even2	zOTU	9	0.019317071326933426
mock-5	Even2	mock-5|Even2	zOTU	10	0.017298035377226628
mock-5	Even2	mock-5|Even2	zOTU	11	0.014007258764970516
mock-5	Even2	mock-5|Even2	zOTU	12	0.013959223978335525
mock-5	Even2	mock-5|Even2	zOTU	13	0.013446590435722766
mock-5	Even2	mock-5|Even2	zOTU	14	0.010044782595343147
mock-5	Even2	mock-5|Even2	zOTU	15	0.009579396383846767
mock-5	Even2	mock-5|Even2	zOTU	16	0.007888729385398844
mock-5	Even2	mock-5|Even2	zOTU	17	0.006923308919587406
mock-5	Even2	mock-5|Even2	zOTU	18	0.004797966474868753
mock-5	Even2	mock-5|Even2	zOTU	19	0.0028450767887248972
mock-5	Even2	mock-5|Even2	zOTU	20	0.00010079430638161826
mock-5	Even2	mock-5|Even2	OTU	1	0.5052585741216417
mock-5	Even2	mock-5|Even2	OTU	2	0.17912461041037037
mock-5	Even2	mock-5|Even2	OTU	3	0.06684326488315068
mock-5	Even2	mock-5|Even2	OTU	4	0.0353359172109241
mock-5	Even2	mock-5|Even2	OTU	5	0.026047187001447324
mock-5	Even2	mock-5|Even2	OTU	6	0.023344667327072605
mock-5	Even2	mock-5|Even2	OTU	7	0.02199498238480037
mock-5	Even2	mock-5|Even2	OTU	8	0.021825681181423164
mock-5	Even2	mock-5|Even2	OTU	9	0.019316873581610265
mock-5	Even2	mock-5|Even2	OTU	10	0.017297858300404905
mock-5	Even2	mock-5|Even2	OTU	11	0.014007115375226586
mock-5	Even2	mock-5|Even2	OTU	12	0.013959081080314914
mock-5	Even2	mock-5|Even2	OTU	13	0.013446452785437896
mock-5	Even2	mock-5|Even2	OTU	14	0.010062791060266507
mock-5	Even2	mock-5|Even2	OTU	15	0.009579298321319507
mock-5	Even2	mock-5|Even2	OTU	16	0.007888648629920168
mock-5	Even2	mock-5|Even2	OTU	17	0.006923238046941318
mock-5	Even2	mock-5|Even2	OTU	18	0.004797917358964223
mock-5	Even2	mock-5|Even2	OTU	19	0.0028450476641946067
mock-5	Even2	mock-5|Even2	OTU	20	0.00010079327456875442
mock-5	Even2	mock-5|Even2	TIC	1	0.5052637464141244
mock-5	Even2	mock-5|Even2	TIC	2	0.17912644409498918
mock-5	Even2	mock-5|Even2	TIC	3	0.06684394915242226
mock-5	Even2	mock-5|Even2	TIC	4	0.035344153497129334
mock-5	Even2	mock-5|Even2	TIC	5	0.026047453644462263
mock-5	Even2	mock-5|Even2	TIC	6	0.02334490630460512
mock-5	Even2	mock-5|Even2	TIC	7	0.021995207545713765
mock-5	Even2	mock-5|Even2	TIC	8	0.021825904609213388
mock-5	Even2	mock-5|Even2	TIC	9	0.019317071326933426
mock-5	Even2	mock-5|Even2	TIC	10	0.017298035377226628
mock-5	Even2	mock-5|Even2	TIC	11	0.014007258764970516
mock-5	Even2	mock-5|Even2	TIC	12	0.013959223978335525
mock-5	Even2	mock-5|Even2	TIC	13	0.013446590435722766
mock-5	Even2	mock-5|Even2	TIC	14	0.010044782595343147
mock-5	Even2	mock-5|Even2	TIC	15	0.009579396383846767
mock-5	Even2	mock-5|Even2	TIC	16	0.007888729385398844
mock-5	Even2	mock-5|Even2	TIC	17	0.006923308919587406
mock-5	Even2	mock-5|Even2	TIC	18	0.004797966474868753
mock-5	Even2	mock-5|Even2	TIC	19	0.0028450767887248972
mock-5	Even2	mock-5|Even2	TIC	20	0.00010079430638161826
mock-5	Even2	mock-5|Even2	TAC	1	0.5052637464141243
mock-5	Even2	mock-5|Even2	TAC	2	0.17912644409498918
mock-5	Even2	mock-5|Even2	TAC	3	0.06684394915242224
mock-5	Even2	mock-5|Even2	TAC	4	0.03534415349712933
mock-5	Even2	mock-5|Even2	TAC	5	0.026047453644462256
mock-5	Even2	mock-5|Even2	TAC	6	0.023344906304605114
mock-5	Even2	mock-5|Even2	TAC	7	0.021995207545713758
mock-5	Even2	mock-5|Even2	TAC	8	0.021825904609213385
mock-5	Even2	mock-5|Even2	TAC	9	0.01931707132693342
mock-5	Even2	mock-5|Even2	TAC	10	0.017298035377226625
mock-5	Even2	mock-5|Even2	TAC	11	0.014007258764970514
mock-5	Even2	mock-5|Even2	TAC	12	0.013959223978335523
mock-5	Even2	mock-5|Even2	TAC	13	0.013446590435722765
mock-5	Even2	mock-5|Even2	TAC	14	0.010044782595343145
mock-5	Even2	mock-5|Even2	TAC	15	0.009579396383846766
mock-5	Even2	mock-5|Even2	TAC	16	0.007888729385398842
mock-5	Even2	mock-5|Even2	TAC	17	0.006923308919587404
mock-5	Even2	mock-5|Even2	TAC	18	0.00479796647486875
mock-5	Even2	mock-5|Even2	TAC	19	0.0028450767887248972
mock-5	Even2	mock-5|Even2	TAC	20	0.00010079430638161825
mock-5	Staggered1	mock-5|Staggered1	EXPECTED	1	0.21436227140000003
mock-5	Staggered1	mock-5|Staggered1	EXPECTED	2	0.21436227140000003
mock-5	Staggered1	mock-5|Staggered1	EXPECTED	3	0.21436227140000003
mock-5	Staggered1	mock-5|Staggered1	EXPECTED	4	0.21436227140000003
mock-5	Staggered1	mock-5|Staggered1	EXPECTED	5	0.0214362274
mock-5	Staggered1	mock-5|Staggered1	EXPECTED	6	0.0214362274
mock-5	Staggered1	mock-5|Staggered1	EXPECTED	7	0.0214362274
mock-5	Staggered1	mock-5|Staggered1	EXPECTED	8	0.0214362274
mock-5	Staggered1	mock-5|Staggered1	EXPECTED	9	0.0214362274
mock-5	Staggered1	mock-5|Staggered1	EXPECTED	10	0.0214362274
mock-5	Staggered1	mock-5|Staggered1	EXPECTED	11	0.0021436229
mock-5	Staggered1	mock-5|Staggered1	EXPECTED	12	0.0021436229
mock-5	Staggered1	mock-5|Staggered1	EXPECTED	13	0.0021436229
mock-5	Staggered1	mock-5|Staggered1	EXPECTED	14	0.0021436229
mock-5	Staggered1	mock-5|Staggered1	EXPECTED	15	0.0021436227
mock-5	Staggered1	mock-5|Staggered1	EXPECTED	16	0.0021436227
mock-5	Staggered1	mock-5|Staggered1	EXPECTED	17	0.0002143626
mock-5	Staggered1	mock-5|Staggered1	EXPECTED	18	0.0002143626
mock-5	Staggered1	mock-5|Staggered1	EXPECTED	19	0.0002143626
mock-5	Staggered1	mock-5|Staggered1	EXPECTED	20	0.0002143626
mock-5	Staggered1	mock-5|Staggered1	EXPECTED	21	0.0002143626
mock-5	Staggered1	mock-5|Staggered1	ASV	1	0.8557415739554608
mock-5	Staggered1	mock-5|Staggered1	ASV	2	0.04415051714237034
mock-5	Staggered1	mock-5|Staggered1	ASV	3	0.026993632743725824
mock-5	Staggered1	mock-5|Staggered1	ASV	4	0.01919768784668101
mock-5	Staggered1	mock-5|Staggered1	ASV	5	0.015219572529296321
mock-5	Staggered1	mock-5|Staggered1	ASV	6	0.010113146585724472
mock-5	Staggered1	mock-5|Staggered1	ASV	7	0.009490935021171602
mock-5	Staggered1	mock-5|Staggered1	ASV	8	0.009488410836325544
mock-5	Staggered1	mock-5|Staggered1	ASV	9	0.007641969621435377
mock-5	Staggered1	mock-5|Staggered1	ASV	10	0.0006499775978594912
mock-5	Staggered1	mock-5|Staggered1	ASV	11	0.0005641553130935778
mock-5	Staggered1	mock-5|Staggered1	ASV	12	0.0003029021815267532
mock-5	Staggered1	mock-5|Staggered1	ASV	13	0.0002246524512990086
mock-5	Staggered1	mock-5|Staggered1	ASV	14	9.339483930408223e-05
mock-5	Staggered1	mock-5|Staggered1	ASV	15	6.310462115140693e-05
mock-5	Staggered1	mock-5|Staggered1	ASV	16	4.417323480598484e-05
mock-5	Staggered1	mock-5|Staggered1	ASV	17	1.2620924230281376e-05
mock-5	Staggered1	mock-5|Staggered1	ASV	18	7.57255453816882e-06
mock-5	Staggered1	mock-5|Staggered1	zOTU	1	0.7143023948884428
mock-5	Staggered1	mock-5|Staggered1	zOTU	2	0.07491850264823967
mock-5	Staggered1	mock-5|Staggered1	zOTU	3	0.05963800376632494
mock-5	Staggered1	mock-5|Staggered1	zOTU	4	0.055959252002981574
mock-5	Staggered1	mock-5|Staggered1	zOTU	5	0.03749013953324183
mock-5	Staggered1	mock-5|Staggered1	zOTU	6	0.014903051755061257
mock-5	Staggered1	mock-5|Staggered1	zOTU	7	0.0139730111727065
mock-5	Staggered1	mock-5|Staggered1	zOTU	8	0.009009174137540103
mock-5	Staggered1	mock-5|Staggered1	zOTU	9	0.00857402376287631
mock-5	Staggered1	mock-5|Staggered1	zOTU	10	0.007254316542367084
mock-5	Staggered1	mock-5|Staggered1	zOTU	11	0.00106852837709955
mock-5	Staggered1	mock-5|Staggered1	zOTU	12	0.0010474836631922525
mock-5	Staggered1	mock-5|Staggered1	zOTU	13	0.0009816340745145802
mock-5	Staggered1	mock-5|Staggered1	zOTU	14	0.00042564631031856274
mock-5	Staggered1	mock-5|Staggered1	zOTU	15	0.00018668697820989596
mock-5	Staggered1	mock-5|Staggered1	zOTU	16	0.00010726015475332204
mock-5	Staggered1	mock-5|Staggered1	zOTU	17	7.263820606712315e-05
mock-5	Staggered1	mock-5|Staggered1	zOTU	18	4.81991834651004e-05
mock-5	Staggered1	mock-5|Staggered1	zOTU	19	3.5300810425143956e-05
mock-5	Staggered1	mock-5|Staggered1	zOTU	20	4.75203217261553e-06
mock-5	Staggered1	mock-5|Staggered1	OTU	1	0.7143028798013378
mock-5	Staggered1	mock-5|Staggered1	OTU	2	0.07491855350757916
mock-5	Staggered1	mock-5|Staggered1	OTU	3	0.05963804425231136
mock-5	Staggered1	mock-5|Staggered1	OTU	4	0.055959289991602476
mock-5	Staggered1	mock-5|Staggered1	OTU	5	0.037490164983880414
mock-5	Staggered1	mock-5|Staggered1	OTU	6	0.01490306187217975
mock-5	Staggered1	mock-5|Staggered1	OTU	7	0.013973020658455603
mock-5	Staggered1	mock-5|Staggered1	OTU	8	0.00900918025352788
mock-5	Staggered1	mock-5|Staggered1	OTU	9	0.008574029583456943
mock-5	Staggered1	mock-5|Staggered1	OTU	10	0.007254321467048368
mock-5	Staggered1	mock-5|Staggered1	OTU	11	0.0010685291024830745
mock-5	Staggered1	mock-5|Staggered1	OTU	12	0.0010474843742893161
mock-5	Staggered1	mock-5|Staggered1	OTU	13	0.0009816347409088472
mock-5	Staggered1	mock-5|Staggered1	OTU	14	0.00042564659927375324
mock-5	Staggered1	mock-5|Staggered1	OTU	15	0.00018668710494462867
mock-5	Staggered1	mock-5|Staggered1	OTU	16	0.00010726022756818663
mock-5	Staggered1	mock-5|Staggered1	OTU	17	7.195939317865685e-05
mock-5	Staggered1	mock-5|Staggered1	OTU	18	4.819921618570411e-05
mock-5	Staggered1	mock-5|Staggered1	OTU	19	3.530083438952978e-05
mock-5	Staggered1	mock-5|Staggered1	OTU	20	4.752035398590539e-06
mock-5	Staggered1	mock-5|Staggered1	TIC	1	0.7143023948884426
mock-5	Staggered1	mock-5|Staggered1	TIC	2	0.07491850264823964
mock-5	Staggered1	mock-5|Staggered1	TIC	3	0.05963800376632492
mock-5	Staggered1	mock-5|Staggered1	TIC	4	0.055959252002981553
mock-5	Staggered1	mock-5|Staggered1	TIC	5	0.03749013953324181
mock-5	Staggered1	mock-5|Staggered1	TIC	6	0.01490305175506125
mock-5	Staggered1	mock-5|Staggered1	TIC	7	0.013973011172706495
mock-5	Staggered1	mock-5|Staggered1	TIC	8	0.0090091741375401
mock-5	Staggered1	mock-5|Staggered1	TIC	9	0.008574023762876309
mock-5	Staggered1	mock-5|Staggered1	TIC	10	0.007254316542367081
mock-5	Staggered1	mock-5|Staggered1	TIC	11	0.0010685283770995495
mock-5	Staggered1	mock-5|Staggered1	TIC	12	0.001047483663192252
mock-5	Staggered1	mock-5|Staggered1	TIC	13	0.0009816340745145797
mock-5	Staggered1	mock-5|Staggered1	TIC	14	0.0004256463103185626
mock-5	Staggered1	mock-5|Staggered1	TIC	15	0.0001866869782098959
mock-5	Staggered1	mock-5|Staggered1	TIC	16	0.00010726015475332201
mock-5	Staggered1	mock-5|Staggered1	TIC	17	7.263820606712313e-05
mock-5	Staggered1	mock-5|Staggered1	TIC	18	4.819918346510039e-05
mock-5	Staggered1	mock-5|Staggered1	TIC	19	3.530081042514394e-05
mock-5	Staggered1	mock-5|Staggered1	TIC	20	4.75203217261552e-06
mock-5	Staggered1	mock-5|Staggered1	TAC	1	0.7143023948884427
mock-5	Staggered1	mock-5|Staggered1	TAC	2	0.07491850264823965
mock-5	Staggered1	mock-5|Staggered1	TAC	3	0.05963800376632493
mock-5	Staggered1	mock-5|Staggered1	TAC	4	0.05595925200298157
mock-5	Staggered1	mock-5|Staggered1	TAC	5	0.037490139533241824
mock-5	Staggered1	mock-5|Staggered1	TAC	6	0.014903051755061254
mock-5	Staggered1	mock-5|Staggered1	TAC	7	0.013973011172706499
mock-5	Staggered1	mock-5|Staggered1	TAC	8	0.0090091741375401
mock-5	Staggered1	mock-5|Staggered1	TAC	9	0.008574023762876309
mock-5	Staggered1	mock-5|Staggered1	TAC	10	0.007254316542367083
mock-5	Staggered1	mock-5|Staggered1	TAC	11	0.0010685283770995497
mock-5	Staggered1	mock-5|Staggered1	TAC	12	0.0010474836631922523
mock-5	Staggered1	mock-5|Staggered1	TAC	13	0.00098163407451458
mock-5	Staggered1	mock-5|Staggered1	TAC	14	0.0004256463103185627
mock-5	Staggered1	mock-5|Staggered1	TAC	15	0.0001866869782098959
mock-5	Staggered1	mock-5|Staggered1	TAC	16	0.00010726015475332201
mock-5	Staggered1	mock-5|Staggered1	TAC	17	7.263820606712314e-05
mock-5	Staggered1	mock-5|Staggered1	TAC	18	4.8199183465100395e-05
mock-5	Staggered1	mock-5|Staggered1	TAC	19	3.5300810425143956e-05
mock-5	Staggered1	mock-5|Staggered1	TAC	20	4.752032172615529e-06
mock-5	Staggered2	mock-5|Staggered2	EXPECTED	1	0.21436227140000003
mock-5	Staggered2	mock-5|Staggered2	EXPECTED	2	0.21436227140000003
mock-5	Staggered2	mock-5|Staggered2	EXPECTED	3	0.21436227140000003
mock-5	Staggered2	mock-5|Staggered2	EXPECTED	4	0.21436227140000003
mock-5	Staggered2	mock-5|Staggered2	EXPECTED	5	0.0214362274
mock-5	Staggered2	mock-5|Staggered2	EXPECTED	6	0.0214362274
mock-5	Staggered2	mock-5|Staggered2	EXPECTED	7	0.0214362274
mock-5	Staggered2	mock-5|Staggered2	EXPECTED	8	0.0214362274
mock-5	Staggered2	mock-5|Staggered2	EXPECTED	9	0.0214362274
mock-5	Staggered2	mock-5|Staggered2	EXPECTED	10	0.0214362274
mock-5	Staggered2	mock-5|Staggered2	EXPECTED	11	0.0021436229
mock-5	Staggered2	mock-5|Staggered2	EXPECTED	12	0.0021436229
mock-5	Staggered2	mock-5|Staggered2	EXPECTED	13	0.0021436229
mock-5	Staggered2	mock-5|Staggered2	EXPECTED	14	0.0021436229
mock-5	Staggered2	mock-5|Staggered2	EXPECTED	15	0.0021436227
mock-5	Staggered2	mock-5|Staggered2	EXPECTED	16	0.0021436227
mock-5	Staggered2	mock-5|Staggered2	EXPECTED	17	0.0002143626
mock-5	Staggered2	mock-5|Staggered2	EXPECTED	18	0.0002143626
mock-5	Staggered2	mock-5|Staggered2	EXPECTED	19	0.0002143626
mock-5	Staggered2	mock-5|Staggered2	EXPECTED	20	0.0002143626
mock-5	Staggered2	mock-5|Staggered2	EXPECTED	21	0.0002143626
mock-5	Staggered2	mock-5|Staggered2	ASV	1	0.8522472530942158
mock-5	Staggered2	mock-5|Staggered2	ASV	2	0.04444185716089922
mock-5	Staggered2	mock-5|Staggered2	ASV	3	0.028543547928769897
mock-5	Staggered2	mock-5|Staggered2	ASV	4	0.01913953965647891
mock-5	Staggered2	mock-5|Staggered2	ASV	5	0.016301859686789596
mock-5	Staggered2	mock-5|Staggered2	ASV	6	0.010681753599393789
mock-5	Staggered2	mock-5|Staggered2	ASV	7	0.009490835753978279
mock-5	Staggered2	mock-5|Staggered2	ASV	8	0.009475048939126044
mock-5	Staggered2	mock-5|Staggered2	ASV	9	0.0076575918792624416
mock-5	Staggered2	mock-5|Staggered2	ASV	10	0.0008120342889618591
mock-5	Staggered2	mock-5|Staggered2	ASV	11	0.0005120848067693863
mock-5	Staggered2	mock-5|Staggered2	ASV	12	0.0002535757135640314
mock-5	Staggered2	mock-5|Staggered2	ASV	13	0.00022101540793129584
mock-5	Staggered2	mock-5|Staggered2	ASV	14	8.682748168729477e-05
mock-5	Staggered2	mock-5|Staggered2	ASV	15	7.005399090679465e-05
mock-5	Staggered2	mock-5|Staggered2	ASV	16	4.933379641323567e-05
mock-5	Staggered2	mock-5|Staggered2	ASV	17	7.893407426117699e-06
mock-5	Staggered2	mock-5|Staggered2	ASV	18	7.893407426117699e-06
mock-5	Staggered2	mock-5|Staggered2	zOTU	1	0.7045653499867528
mock-5	Staggered2	mock-5|Staggered2	zOTU	2	0.07757484923246322
mock-5	Staggered2	mock-5|Staggered2	zOTU	3	0.05818229895897191
mock-5	Staggered2	mock-5|Staggered2	zOTU	4	0.05802167995087434
mock-5	Staggered2	mock-5|Staggered2	zOTU	5	0.041367916172371566
mock-5	Staggered2	mock-5|Staggered2	zOTU	6	0.0157303335969
mock-5	Staggered2	mock-5|Staggered2	zOTU	7	0.014157713405076489
mock-5	Staggered2	mock-5|Staggered2	zOTU	8	0.009345857139979723
mock-5	Staggered2	mock-5|Staggered2	zOTU	9	0.009074199267763247
mock-5	Staggered2	mock-5|Staggered2	zOTU	10	0.00775464439416421
mock-5	Staggered2	mock-5|Staggered2	zOTU	11	0.0013334992890930396
mock-5	Staggered2	mock-5|Staggered2	zOTU	12	0.0010308538268898942
mock-5	Staggered2	mock-5|Staggered2	zOTU	13	0.000974559705080777
mock-5	Staggered2	mock-5|Staggered2	zOTU	14	0.0004105855673233798
mock-5	Staggered2	mock-5|Staggered2	zOTU	15	0.00017714572275713113
mock-5	Staggered2	mock-5|Staggered2	zOTU	16	0.00013531247627512642
mock-5	Staggered2	mock-5|Staggered2	zOTU	17	6.972207747000789e-05
mock-5	Staggered2	mock-5|Staggered2	zOTU	18	6.662331847134087e-05
mock-5	Staggered2	mock-5|Staggered2	zOTU	19	2.4273612156224965e-05
mock-5	Staggered2	mock-5|Staggered2	zOTU	20	2.5822991655558434e-06
mock-5	Staggered2	mock-5|Staggered2	OTU	1	0.7045646222280983
mock-5	Staggered2	mock-5|Staggered2	OTU	2	0.07757476910395861
mock-5	Staggered2	mock-5|Staggered2	OTU	3	0.05818223886139316
mock-5	Staggered2	mock-5|Staggered2	OTU	4	0.05802162001920195
mock-5	Staggered2	mock-5|Staggered2	OTU	5	0.04136787344268153
mock-5	Staggered2	mock-5|Staggered2	OTU	6	0.015730317348745856
mock-5	Staggered2	mock-5|Staggered2	OTU	7	0.014157698781310986
mock-5	Staggered2	mock-5|Staggered2	OTU	8	0.009345847486470056
mock-5	Staggered2	mock-5|Staggered2	OTU	9	0.009074189894854048
mock-5	Staggered2	mock-5|Staggered2	OTU	10	0.0077546363842477825
mock-5	Staggered2	mock-5|Staggered2	OTU	11	0.0013334979116968217
mock-5	Staggered2	mock-5|Staggered2	OTU	12	0.0010308527621018032
mock-5	Staggered2	mock-5|Staggered2	OTU	13	0.0009745586984399312
mock-5	Staggered2	mock-5|Staggered2	OTU	14	0.0004105851432219106
mock-5	Staggered2	mock-5|Staggered2	OTU	15	0.00017714553978001932
mock-5	Staggered2	mock-5|Staggered2	OTU	16	0.00013531233650835296
mock-5	Staggered2	mock-5|Staggered2	OTU	17	7.075492405207767e-05
mock-5	Staggered2	mock-5|Staggered2	OTU	18	6.662324965487607e-05
mock-5	Staggered2	mock-5|Staggered2	OTU	19	2.4273587083559494e-05
mock-5	Staggered2	mock-5|Staggered2	OTU	20	2.5822964982509945e-06
mock-5	Staggered2	mock-5|Staggered2	TIC	1	0.7045653499867529
mock-5	Staggered2	mock-5|Staggered2	TIC	2	0.07757484923246323
mock-5	Staggered2	mock-5|Staggered2	TIC	3	0.058182298958971916
mock-5	Staggered2	mock-5|Staggered2	TIC	4	0.05802167995087435
mock-5	Staggered2	mock-5|Staggered2	TIC	5	0.04136791617237157
mock-5	Staggered2	mock-5|Staggered2	TIC	6	0.015730333596900004
mock-5	Staggered2	mock-5|Staggered2	TIC	7	0.01415771340507649
mock-5	Staggered2	mock-5|Staggered2	TIC	8	0.009345857139979727
mock-5	Staggered2	mock-5|Staggered2	TIC	9	0.009074199267763249
mock-5	Staggered2	mock-5|Staggered2	TIC	10	0.0077546443941642115
mock-5	Staggered2	mock-5|Staggered2	TIC	11	0.00133349928909304
mock-5	Staggered2	mock-5|Staggered2	TIC	12	0.0010308538268898944
mock-5	Staggered2	mock-5|Staggered2	TIC	13	0.0009745597050807774
mock-5	Staggered2	mock-5|Staggered2	TIC	14	0.00041058556732337983
mock-5	Staggered2	mock-5|Staggered2	TIC	15	0.0001771457227571312
mock-5	Staggered2	mock-5|Staggered2	TIC	16	0.00013531247627512642
mock-5	Staggered2	mock-5|Staggered2	TIC	17	6.97220774700079e-05
mock-5	Staggered2	mock-5|Staggered2	TIC	18	6.662331847134088e-05
mock-5	Staggered2	mock-5|Staggered2	TIC	19	2.4273612156224965e-05
mock-5	Staggered2	mock-5|Staggered2	TIC	20	2.5822991655558345e-06
mock-5	Staggered2	mock-5|Staggered2	TAC	1	0.7045653499867529
mock-5	Staggered2	mock-5|Staggered2	TAC	2	0.07757484923246323
mock-5	Staggered2	mock-5|Staggered2	TAC	3	0.058182298958971916
mock-5	Staggered2	mock-5|Staggered2	TAC	4	0.05802167995087435
mock-5	Staggered2	mock-5|Staggered2	TAC	5	0.04136791617237157
mock-5	Staggered2	mock-5|Staggered2	TAC	6	0.015730333596900004
mock-5	Staggered2	mock-5|Staggered2	TAC	7	0.01415771340507649
mock-5	Staggered2	mock-5|Staggered2	TAC	8	0.009345857139979727
mock-5	Staggered2	mock-5|Staggered2	TAC	9	0.009074199267763249
mock-5	Staggered2	mock-5|Staggered2	TAC	10	0.0077546443941642115
mock-5	Staggered2	mock-5|Staggered2	TAC	11	0.00133349928909304
mock-5	Staggered2	mock-5|Staggered2	TAC	12	0.0010308538268898944
mock-5	Staggered2	mock-5|Staggered2	TAC	13	0.0009745597050807774
mock-5	Staggered2	mock-5|Staggered2	TAC	14	0.00041058556732337983
mock-5	Staggered2	mock-5|Staggered2	TAC	15	0.0001771457227571312
mock-5	Staggered2	mock-5|Staggered2	TAC	16	0.00013531247627512642
mock-5	Staggered2	mock-5|Staggered2	TAC	17	6.97220774700079e-05
mock-5	Staggered2	mock-5|Staggered2	TAC	18	6.662331847134088e-05
mock-5	Staggered2	mock-5|Staggered2	TAC	19	2.4273612156224965e-05
mock-5	Staggered2	mock-5|Staggered2	TAC	20	2.5822991655558345e-06
mock-ZIEL_1	SRR13005984	mock-ZIEL_1|SRR13005984	EXPECTED	1	0.14214214214214213
mock-ZIEL_1	SRR13005984	mock-ZIEL_1|SRR13005984	EXPECTED	2	0.1401401401401402
mock-ZIEL_1	SRR13005984	mock-ZIEL_1|SRR13005984	EXPECTED	3	0.13313313313313316
mock-ZIEL_1	SRR13005984	mock-ZIEL_1|SRR13005984	EXPECTED	4	0.11411411411411414
mock-ZIEL_1	SRR13005984	mock-ZIEL_1|SRR13005984	EXPECTED	5	0.0850850850850851
mock-ZIEL_1	SRR13005984	mock-ZIEL_1|SRR13005984	EXPECTED	6	0.06806806806806807
mock-ZIEL_1	SRR13005984	mock-ZIEL_1|SRR13005984	EXPECTED	7	0.06306306306306307
mock-ZIEL_1	SRR13005984	mock-ZIEL_1|SRR13005984	EXPECTED	8	0.054054054054054064
mock-ZIEL_1	SRR13005984	mock-ZIEL_1|SRR13005984	EXPECTED	9	0.05105105105105106
mock-ZIEL_1	SRR13005984	mock-ZIEL_1|SRR13005984	EXPECTED	10	0.04304304304304305
mock-ZIEL_1	SRR13005984	mock-ZIEL_1|SRR13005984	EXPECTED	11	0.041041041041041046
mock-ZIEL_1	SRR13005984	mock-ZIEL_1|SRR13005984	EXPECTED	12	0.03503503503503505
mock-ZIEL_1	SRR13005984	mock-ZIEL_1|SRR13005984	EXPECTED	13	0.03003003003003003
mock-ZIEL_1	SRR13005984	mock-ZIEL_1|SRR13005984	ASV	1	0.19733536353254666
mock-ZIEL_1	SRR13005984	mock-ZIEL_1|SRR13005984	ASV	2	0.17746478873239438
mock-ZIEL_1	SRR13005984	mock-ZIEL_1|SRR13005984	ASV	3	0.15234107346783404
mock-ZIEL_1	SRR13005984	mock-ZIEL_1|SRR13005984	ASV	4	0.10392082223068139
mock-ZIEL_1	SRR13005984	mock-ZIEL_1|SRR13005984	ASV	5	0.08861819566044919
mock-ZIEL_1	SRR13005984	mock-ZIEL_1|SRR13005984	ASV	6	0.0682908260373049
mock-ZIEL_1	SRR13005984	mock-ZIEL_1|SRR13005984	ASV	7	0.05702322040350209
mock-ZIEL_1	SRR13005984	mock-ZIEL_1|SRR13005984	ASV	8	0.05580510087552341
mock-ZIEL_1	SRR13005984	mock-ZIEL_1|SRR13005984	ASV	9	0.054358583936048734
mock-ZIEL_1	SRR13005984	mock-ZIEL_1|SRR13005984	ASV	10	0.04484202512371527
mock-ZIEL_1	SRR13005984	mock-ZIEL_1|SRR13005984	zOTU	1	0.18084829560239396
mock-ZIEL_1	SRR13005984	mock-ZIEL_1|SRR13005984	zOTU	2	0.17262555295342177
mock-ZIEL_1	SRR13005984	mock-ZIEL_1|SRR13005984	zOTU	3	0.1450949778818631
mock-ZIEL_1	SRR13005984	mock-ZIEL_1|SRR13005984	zOTU	4	0.14207650273224043
mock-ZIEL_1	SRR13005984	mock-ZIEL_1|SRR13005984	zOTU	5	0.07358834244080144
mock-ZIEL_1	SRR13005984	mock-ZIEL_1|SRR13005984	zOTU	6	0.0701535258912308
mock-ZIEL_1	SRR13005984	mock-ZIEL_1|SRR13005984	zOTU	7	0.058495966692687994
mock-ZIEL_1	SRR13005984	mock-ZIEL_1|SRR13005984	zOTU	8	0.05693468644288315
mock-ZIEL_1	SRR13005984	mock-ZIEL_1|SRR13005984	zOTU	9	0.05042935206869632
mock-ZIEL_1	SRR13005984	mock-ZIEL_1|SRR13005984	zOTU	10	0.04975279729378089
mock-ZIEL_1	SRR13005984	mock-ZIEL_1|SRR13005984	OTU	1	0.18296961916987592
mock-ZIEL_1	SRR13005984	mock-ZIEL_1|SRR13005984	OTU	2	0.16024818142918273
mock-ZIEL_1	SRR13005984	mock-ZIEL_1|SRR13005984	OTU	3	0.1192982456140351
mock-ZIEL_1	SRR13005984	mock-ZIEL_1|SRR13005984	OTU	4	0.11681643132220797
mock-ZIEL_1	SRR13005984	mock-ZIEL_1|SRR13005984	OTU	5	0.11146769362430467
mock-ZIEL_1	SRR13005984	mock-ZIEL_1|SRR13005984	OTU	6	0.07265725288831835
mock-ZIEL_1	SRR13005984	mock-ZIEL_1|SRR13005984	OTU	7	0.05768078733418913
mock-ZIEL_1	SRR13005984	mock-ZIEL_1|SRR13005984	OTU	8	0.048395378690629015
mock-ZIEL_1	SRR13005984	mock-ZIEL_1|SRR13005984	OTU	9	0.048095849379546425
mock-ZIEL_1	SRR13005984	mock-ZIEL_1|SRR13005984	OTU	10	0.04146341463414634
mock-ZIEL_1	SRR13005984	mock-ZIEL_1|SRR13005984	OTU	11	0.0409071459135644
mock-ZIEL_1	SRR13005984	mock-ZIEL_1|SRR13005984	TIC	1	0.1829810901001112
mock-ZIEL_1	SRR13005984	mock-ZIEL_1|SRR13005984	TIC	2	0.16026354068623258
mock-ZIEL_1	SRR13005984	mock-ZIEL_1|SRR13005984	TIC	3	0.11927783006759644
mock-ZIEL_1	SRR13005984	mock-ZIEL_1|SRR13005984	TIC	4	0.11679644048943268
mock-ZIEL_1	SRR13005984	mock-ZIEL_1|SRR13005984	TIC	5	0.11153418328056815
mock-ZIEL_1	SRR13005984	mock-ZIEL_1|SRR13005984	TIC	6	0.0726448190296911
mock-ZIEL_1	SRR13005984	mock-ZIEL_1|SRR13005984	TIC	7	0.05767091640284075
mock-ZIEL_1	SRR13005984	mock-ZIEL_1|SRR13005984	TIC	8	0.04838709677419353
mock-ZIEL_1	SRR13005984	mock-ZIEL_1|SRR13005984	TIC	9	0.04808761872165653
mock-ZIEL_1	SRR13005984	mock-ZIEL_1|SRR13005984	TIC	10	0.041456318986908526
mock-ZIEL_1	SRR13005984	mock-ZIEL_1|SRR13005984	TIC	11	0.04090014546076837
mock-ZIEL_1	SRR13005984	mock-ZIEL_1|SRR13005984	TAC	1	0.18298109010011124
mock-ZIEL_1	SRR13005984	mock-ZIEL_1|SRR13005984	TAC	2	0.16026354068623258
mock-ZIEL_1	SRR13005984	mock-ZIEL_1|SRR13005984	TAC	3	0.11927783006759647
mock-ZIEL_1	SRR13005984	mock-ZIEL_1|SRR13005984	TAC	4	0.1167964404894327
mock-ZIEL_1	SRR13005984	mock-ZIEL_1|SRR13005984	TAC	5	0.11153418328056815
mock-ZIEL_1	SRR13005984	mock-ZIEL_1|SRR13005984	TAC	6	0.07264481902969111
mock-ZIEL_1	SRR13005984	mock-ZIEL_1|SRR13005984	TAC	7	0.05767091640284076
mock-ZIEL_1	SRR13005984	mock-ZIEL_1|SRR13005984	TAC	8	0.04838709677419354
mock-ZIEL_1	SRR13005984	mock-ZIEL_1|SRR13005984	TAC	9	0.04808761872165654
mock-ZIEL_1	SRR13005984	mock-ZIEL_1|SRR13005984	TAC	10	0.04145631898690854
mock-ZIEL_1	SRR13005984	mock-ZIEL_1|SRR13005984	TAC	11	0.040900145460768374
mock-ZIEL_1	SRR13005985	mock-ZIEL_1|SRR13005985	EXPECTED	1	0.14214214214214213
mock-ZIEL_1	SRR13005985	mock-ZIEL_1|SRR13005985	EXPECTED	2	0.1401401401401402
mock-ZIEL_1	SRR13005985	mock-ZIEL_1|SRR13005985	EXPECTED	3	0.13313313313313316
mock-ZIEL_1	SRR13005985	mock-ZIEL_1|SRR13005985	EXPECTED	4	0.11411411411411414
mock-ZIEL_1	SRR13005985	mock-ZIEL_1|SRR13005985	EXPECTED	5	0.0850850850850851
mock-ZIEL_1	SRR13005985	mock-ZIEL_1|SRR13005985	EXPECTED	6	0.06806806806806807
mock-ZIEL_1	SRR13005985	mock-ZIEL_1|SRR13005985	EXPECTED	7	0.06306306306306307
mock-ZIEL_1	SRR13005985	mock-ZIEL_1|SRR13005985	EXPECTED	8	0.054054054054054064
mock-ZIEL_1	SRR13005985	mock-ZIEL_1|SRR13005985	EXPECTED	9	0.05105105105105106
mock-ZIEL_1	SRR13005985	mock-ZIEL_1|SRR13005985	EXPECTED	10	0.04304304304304305
mock-ZIEL_1	SRR13005985	mock-ZIEL_1|SRR13005985	EXPECTED	11	0.041041041041041046
mock-ZIEL_1	SRR13005985	mock-ZIEL_1|SRR13005985	EXPECTED	12	0.03503503503503505
mock-ZIEL_1	SRR13005985	mock-ZIEL_1|SRR13005985	EXPECTED	13	0.03003003003003003
mock-ZIEL_1	SRR13005985	mock-ZIEL_1|SRR13005985	ASV	1	0.19965497412305924
mock-ZIEL_1	SRR13005985	mock-ZIEL_1|SRR13005985	ASV	2	0.1690243434924286
mock-ZIEL_1	SRR13005985	mock-ZIEL_1|SRR13005985	ASV	3	0.16404063638106192
mock-ZIEL_1	SRR13005985	mock-ZIEL_1|SRR13005985	ASV	4	0.12079739313781866
mock-ZIEL_1	SRR13005985	mock-ZIEL_1|SRR13005985	ASV	5	0.08491470193597854
mock-ZIEL_1	SRR13005985	mock-ZIEL_1|SRR13005985	ASV	6	0.061452942304006136
mock-ZIEL_1	SRR13005985	mock-ZIEL_1|SRR13005985	ASV	7	0.05823270078589227
mock-ZIEL_1	SRR13005985	mock-ZIEL_1|SRR13005985	ASV	8	0.05033544182480353
mock-ZIEL_1	SRR13005985	mock-ZIEL_1|SRR13005985	ASV	9	0.04926202798543224
mock-ZIEL_1	SRR13005985	mock-ZIEL_1|SRR13005985	ASV	10	0.042284838029518886
mock-ZIEL_1	SRR13005985	mock-ZIEL_1|SRR13005985	zOTU	1	0.19072872473171948
mock-ZIEL_1	SRR13005985	mock-ZIEL_1|SRR13005985	zOTU	2	0.17045170950836036
mock-ZIEL_1	SRR13005985	mock-ZIEL_1|SRR13005985	zOTU	3	0.15828550037434486
mock-ZIEL_1	SRR13005985	mock-ZIEL_1|SRR13005985	zOTU	4	0.1356688295482905
mock-ZIEL_1	SRR13005985	mock-ZIEL_1|SRR13005985	zOTU	5	0.07964187671574743
mock-ZIEL_1	SRR13005985	mock-ZIEL_1|SRR13005985	zOTU	6	0.05686922884951334
mock-ZIEL_1	SRR13005985	mock-ZIEL_1|SRR13005985	zOTU	7	0.05583978038432742
mock-ZIEL_1	SRR13005985	mock-ZIEL_1|SRR13005985	zOTU	8	0.051815572747691545
mock-ZIEL_1	SRR13005985	mock-ZIEL_1|SRR13005985	zOTU	9	0.05153481407536811
mock-ZIEL_1	SRR13005985	mock-ZIEL_1|SRR13005985	zOTU	10	0.049163963064636884
mock-ZIEL_1	SRR13005985	mock-ZIEL_1|SRR13005985	OTU	1	0.19323160987679774
mock-ZIEL_1	SRR13005985	mock-ZIEL_1|SRR13005985	OTU	2	0.15982782617660704
mock-ZIEL_1	SRR13005985	mock-ZIEL_1|SRR13005985	OTU	3	0.13077993711016028
mock-ZIEL_1	SRR13005985	mock-ZIEL_1|SRR13005985	OTU	4	0.11209340687664313
mock-ZIEL_1	SRR13005985	mock-ZIEL_1|SRR13005985	OTU	5	0.10972215062632093
mock-ZIEL_1	SRR13005985	mock-ZIEL_1|SRR13005985	OTU	6	0.07977215320377339
mock-ZIEL_1	SRR13005985	mock-ZIEL_1|SRR13005985	OTU	7	0.04613639878344244
mock-ZIEL_1	SRR13005985	mock-ZIEL_1|SRR13005985	OTU	8	0.04281148512809938
mock-ZIEL_1	SRR13005985	mock-ZIEL_1|SRR13005985	OTU	9	0.042579514407959165
mock-ZIEL_1	SRR13005985	mock-ZIEL_1|SRR13005985	OTU	10	0.04242486726119903
mock-ZIEL_1	SRR13005985	mock-ZIEL_1|SRR13005985	OTU	11	0.04062065054899737
mock-ZIEL_1	SRR13005985	mock-ZIEL_1|SRR13005985	TIC	1	0.1932216494845361
mock-ZIEL_1	SRR13005985	mock-ZIEL_1|SRR13005985	TIC	2	0.15981958762886594
mock-ZIEL_1	SRR13005985	mock-ZIEL_1|SRR13005985	TIC	3	0.1307731958762886
mock-ZIEL_1	SRR13005985	mock-ZIEL_1|SRR13005985	TIC	4	0.11208762886597938
mock-ZIEL_1	SRR13005985	mock-ZIEL_1|SRR13005985	TIC	5	0.10976804123711344
mock-ZIEL_1	SRR13005985	mock-ZIEL_1|SRR13005985	TIC	6	0.07976804123711341
mock-ZIEL_1	SRR13005985	mock-ZIEL_1|SRR13005985	TIC	7	0.04613402061855671
mock-ZIEL_1	SRR13005985	mock-ZIEL_1|SRR13005985	TIC	8	0.04280927835051547
mock-ZIEL_1	SRR13005985	mock-ZIEL_1|SRR13005985	TIC	9	0.04257731958762888
mock-ZIEL_1	SRR13005985	mock-ZIEL_1|SRR13005985	TIC	10	0.04242268041237114
mock-ZIEL_1	SRR13005985	mock-ZIEL_1|SRR13005985	TIC	11	0.04061855670103092
mock-ZIEL_1	SRR13005985	mock-ZIEL_1|SRR13005985	TAC	1	0.19322164948453607
mock-ZIEL_1	SRR13005985	mock-ZIEL_1|SRR13005985	TAC	2	0.15981958762886597
mock-ZIEL_1	SRR13005985	mock-ZIEL_1|SRR13005985	TAC	3	0.13077319587628863
mock-ZIEL_1	SRR13005985	mock-ZIEL_1|SRR13005985	TAC	4	0.11208762886597937
mock-ZIEL_1	SRR13005985	mock-ZIEL_1|SRR13005985	TAC	5	0.10976804123711341
mock-ZIEL_1	SRR13005985	mock-ZIEL_1|SRR13005985	TAC	6	0.0797680412371134
mock-ZIEL_1	SRR13005985	mock-ZIEL_1|SRR13005985	TAC	7	0.046134020618556704
mock-ZIEL_1	SRR13005985	mock-ZIEL_1|SRR13005985	TAC	8	0.04280927835051547
mock-ZIEL_1	SRR13005985	mock-ZIEL_1|SRR13005985	TAC	9	0.04257731958762887
mock-ZIEL_1	SRR13005985	mock-ZIEL_1|SRR13005985	TAC	10	0.042422680412371135
mock-ZIEL_1	SRR13005985	mock-ZIEL_1|SRR13005985	TAC	11	0.04061855670103093
mock-ZIEL_2	SRR13005964	mock-ZIEL_2|SRR13005964	EXPECTED	1	0.0959040959040959
mock-ZIEL_2	SRR13005964	mock-ZIEL_2|SRR13005964	EXPECTED	2	0.08391608391608392
mock-ZIEL_2	SRR13005964	mock-ZIEL_2|SRR13005964	EXPECTED	3	0.07992007992007992
mock-ZIEL_2	SRR13005964	mock-ZIEL_2|SRR13005964	EXPECTED	4	0.07792207792207792
mock-ZIEL_2	SRR13005964	mock-ZIEL_2|SRR13005964	EXPECTED	5	0.06293706293706294
mock-ZIEL_2	SRR13005964	mock-ZIEL_2|SRR13005964	EXPECTED	6	0.060939060939060936
mock-ZIEL_2	SRR13005964	mock-ZIEL_2|SRR13005964	EXPECTED	7	0.058941058941058944
mock-ZIEL_2	SRR13005964	mock-ZIEL_2|SRR13005964	EXPECTED	8	0.057942057942057944
mock-ZIEL_2	SRR13005964	mock-ZIEL_2|SRR13005964	EXPECTED	9	0.055944055944055944
mock-ZIEL_2	SRR13005964	mock-ZIEL_2|SRR13005964	EXPECTED	10	0.055944055944055944
mock-ZIEL_2	SRR13005964	mock-ZIEL_2|SRR13005964	EXPECTED	11	0.05394605394605395
mock-ZIEL_2	SRR13005964	mock-ZIEL_2|SRR13005964	EXPECTED	12	0.04895104895104895
mock-ZIEL_2	SRR13005964	mock-ZIEL_2|SRR13005964	EXPECTED	13	0.04295704295704295
mock-ZIEL_2	SRR13005964	mock-ZIEL_2|SRR13005964	EXPECTED	14	0.04195804195804196
mock-ZIEL_2	SRR13005964	mock-ZIEL_2|SRR13005964	EXPECTED	15	0.033966033966033975
mock-ZIEL_2	SRR13005964	mock-ZIEL_2|SRR13005964	EXPECTED	16	0.025974025974025972
mock-ZIEL_2	SRR13005964	mock-ZIEL_2|SRR13005964	EXPECTED	17	0.025974025974025972
mock-ZIEL_2	SRR13005964	mock-ZIEL_2|SRR13005964	EXPECTED	18	0.023976023976023976
mock-ZIEL_2	SRR13005964	mock-ZIEL_2|SRR13005964	EXPECTED	19	0.011988011988011988
mock-ZIEL_2	SRR13005964	mock-ZIEL_2|SRR13005964	ASV	1	0.1592806679511882
mock-ZIEL_2	SRR13005964	mock-ZIEL_2|SRR13005964	ASV	2	0.12925839380150045
mock-ZIEL_2	SRR13005964	mock-ZIEL_2|SRR13005964	ASV	3	0.08924691509859388
mock-ZIEL_2	SRR13005964	mock-ZIEL_2|SRR13005964	ASV	4	0.07571844381584883
mock-ZIEL_2	SRR13005964	mock-ZIEL_2|SRR13005964	ASV	5	0.0599215621968051
mock-ZIEL_2	SRR13005964	mock-ZIEL_2|SRR13005964	ASV	6	0.05640962571229453
mock-ZIEL_2	SRR13005964	mock-ZIEL_2|SRR13005964	ASV	7	0.055152434441574784
mock-ZIEL_2	SRR13005964	mock-ZIEL_2|SRR13005964	ASV	8	0.05448284343869144
mock-ZIEL_2	SRR13005964	mock-ZIEL_2|SRR13005964	ASV	9	0.05386791292583939
mock-ZIEL_2	SRR13005964	mock-ZIEL_2|SRR13005964	ASV	10	0.03764741250905315
mock-ZIEL_2	SRR13005964	mock-ZIEL_2|SRR13005964	ASV	11	0.03607592342065347
mock-ZIEL_2	SRR13005964	mock-ZIEL_2|SRR13005964	ASV	12	0.03557031388786401
mock-ZIEL_2	SRR13005964	mock-ZIEL_2|SRR13005964	ASV	13	0.03533800680523102
mock-ZIEL_2	SRR13005964	mock-ZIEL_2|SRR13005964	ASV	14	0.03296027548886976
mock-ZIEL_2	SRR13005964	mock-ZIEL_2|SRR13005964	ASV	15	0.030145260252258166
mock-ZIEL_2	SRR13005964	mock-ZIEL_2|SRR13005964	ASV	16	0.02439224367646457
mock-ZIEL_2	SRR13005964	mock-ZIEL_2|SRR13005964	ASV	17	0.02439224367646457
mock-ZIEL_2	SRR13005964	mock-ZIEL_2|SRR13005964	ASV	18	0.010139520900804878
mock-ZIEL_2	SRR13005964	mock-ZIEL_2|SRR13005964	zOTU	1	0.15597229587491362
mock-ZIEL_2	SRR13005964	mock-ZIEL_2|SRR13005964	zOTU	2	0.15291102219222547
mock-ZIEL_2	SRR13005964	mock-ZIEL_2|SRR13005964	zOTU	3	0.08496842308248564
mock-ZIEL_2	SRR13005964	mock-ZIEL_2|SRR13005964	zOTU	4	0.07419370390011087
mock-ZIEL_2	SRR13005964	mock-ZIEL_2|SRR13005964	zOTU	5	0.062390525317777876
mock-ZIEL_2	SRR13005964	mock-ZIEL_2|SRR13005964	zOTU	6	0.057473203811727644
mock-ZIEL_2	SRR13005964	mock-ZIEL_2|SRR13005964	zOTU	7	0.052483568754117846
mock-ZIEL_2	SRR13005964	mock-ZIEL_2|SRR13005964	zOTU	8	0.052483568754117846
mock-ZIEL_2	SRR13005964	mock-ZIEL_2|SRR13005964	zOTU	9	0.051390830641662236
mock-ZIEL_2	SRR13005964	mock-ZIEL_2|SRR13005964	zOTU	10	0.037643221006283235
mock-ZIEL_2	SRR13005964	mock-ZIEL_2|SRR13005964	zOTU	11	0.03443732022047598
mock-ZIEL_2	SRR13005964	mock-ZIEL_2|SRR13005964	zOTU	12	0.03356152276269905
mock-ZIEL_2	SRR13005964	mock-ZIEL_2|SRR13005964	zOTU	13	0.03311960661427951
mock-ZIEL_2	SRR13005964	mock-ZIEL_2|SRR13005964	zOTU	14	0.03206704269713478
mock-ZIEL_2	SRR13005964	mock-ZIEL_2|SRR13005964	zOTU	15	0.028820967716016645
mock-ZIEL_2	SRR13005964	mock-ZIEL_2|SRR13005964	zOTU	16	0.022666280994391677
mock-ZIEL_2	SRR13005964	mock-ZIEL_2|SRR13005964	zOTU	17	0.022360957110029084
mock-ZIEL_2	SRR13005964	mock-ZIEL_2|SRR13005964	zOTU	18	0.01105593854955085
mock-ZIEL_2	SRR13005964	mock-ZIEL_2|SRR13005964	OTU	1	0.16800984586184656
mock-ZIEL_2	SRR13005964	mock-ZIEL_2|SRR13005964	OTU	2	0.14392158897975219
mock-ZIEL_2	SRR13005964	mock-ZIEL_2|SRR13005964	OTU	3	0.14110424899354237
mock-ZIEL_2	SRR13005964	mock-ZIEL_2|SRR13005964	OTU	4	0.07918949577028299
mock-ZIEL_2	SRR13005964	mock-ZIEL_2|SRR13005964	OTU	5	0.06846136166489965
mock-ZIEL_2	SRR13005964	mock-ZIEL_2|SRR13005964	OTU	6	0.05757011840241994
mock-ZIEL_2	SRR13005964	mock-ZIEL_2|SRR13005964	OTU	7	0.048428591552428464
mock-ZIEL_2	SRR13005964	mock-ZIEL_2|SRR13005964	OTU	8	0.048428591552428464
mock-ZIEL_2	SRR13005964	mock-ZIEL_2|SRR13005964	OTU	9	0.04072539090592309
mock-ZIEL_2	SRR13005964	mock-ZIEL_2|SRR13005964	OTU	10	0.03932413496541345
mock-ZIEL_2	SRR13005964	mock-ZIEL_2|SRR13005964	OTU	11	0.03473483640892948
mock-ZIEL_2	SRR13005964	mock-ZIEL_2|SRR13005964	OTU	12	0.03177662942340913
mock-ZIEL_2	SRR13005964	mock-ZIEL_2|SRR13005964	OTU	13	0.03096849769052261
mock-ZIEL_2	SRR13005964	mock-ZIEL_2|SRR13005964	OTU	14	0.03056072479778171
mock-ZIEL_2	SRR13005964	mock-ZIEL_2|SRR13005964	OTU	15	0.02659420665930204
mock-ZIEL_2	SRR13005964	mock-ZIEL_2|SRR13005964	OTU	16	0.010201736371117816
mock-ZIEL_2	SRR13005964	mock-ZIEL_2|SRR13005964	TIC	1	0.1439109193485014
mock-ZIEL_2	SRR13005964	mock-ZIEL_2|SRR13005964	TIC	2	0.14108637472292032
mock-ZIEL_2	SRR13005964	mock-ZIEL_2|SRR13005964	TIC	3	0.09931128557554729
mock-ZIEL_2	SRR13005964	mock-ZIEL_2|SRR13005964	TIC	4	0.07918362505467459
mock-ZIEL_2	SRR13005964	mock-ZIEL_2|SRR13005964	TIC	5	0.0684562862798301
mock-ZIEL_2	SRR13005964	mock-ZIEL_2|SRR13005964	TIC	6	0.0575658504399914
mock-ZIEL_2	SRR13005964	mock-ZIEL_2|SRR13005964	TIC	7	0.053028786631971477
mock-ZIEL_2	SRR13005964	mock-ZIEL_2|SRR13005964	TIC	8	0.04842500129736302
mock-ZIEL_2	SRR13005964	mock-ZIEL_2|SRR13005964	TIC	9	0.04842500129736302
mock-ZIEL_2	SRR13005964	mock-ZIEL_2|SRR13005964	TIC	10	0.04075202573968227
mock-ZIEL_2	SRR13005964	mock-ZIEL_2|SRR13005964	TIC	11	0.03932121966950603
mock-ZIEL_2	SRR13005964	mock-ZIEL_2|SRR13005964	TIC	12	0.03473226134080615
mock-ZIEL_2	SRR13005964	mock-ZIEL_2|SRR13005964	TIC	13	0.031774273662048054
mock-ZIEL_2	SRR13005964	mock-ZIEL_2|SRR13005964	TIC	14	0.030966201840031432
mock-ZIEL_2	SRR13005964	mock-ZIEL_2|SRR13005964	TIC	15	0.03055845917754598
mock-ZIEL_2	SRR13005964	mock-ZIEL_2|SRR13005964	TIC	16	0.026592235097005687
mock-ZIEL_2	SRR13005964	mock-ZIEL_2|SRR13005964	TIC	17	0.015709212760121286
mock-ZIEL_2	SRR13005964	mock-ZIEL_2|SRR13005964	TIC	18	0.010200980065090558
mock-ZIEL_2	SRR13005964	mock-ZIEL_2|SRR13005964	TAC	1	0.16804928496764004
mock-ZIEL_2	SRR13005964	mock-ZIEL_2|SRR13005964	TAC	2	0.14391091934850136
mock-ZIEL_2	SRR13005964	mock-ZIEL_2|SRR13005964	TAC	3	0.14108637472292035
mock-ZIEL_2	SRR13005964	mock-ZIEL_2|SRR13005964	TAC	4	0.07918362505467459
mock-ZIEL_2	SRR13005964	mock-ZIEL_2|SRR13005964	TAC	5	0.0684562862798301
mock-ZIEL_2	SRR13005964	mock-ZIEL_2|SRR13005964	TAC	6	0.0575658504399914
mock-ZIEL_2	SRR13005964	mock-ZIEL_2|SRR13005964	TAC	7	0.04842500129736302
mock-ZIEL_2	SRR13005964	mock-ZIEL_2|SRR13005964	TAC	8	0.04842500129736302
mock-ZIEL_2	SRR13005964	mock-ZIEL_2|SRR13005964	TAC	9	0.040752025739682264
mock-ZIEL_2	SRR13005964	mock-ZIEL_2|SRR13005964	TAC	10	0.03932121966950604
mock-ZIEL_2	SRR13005964	mock-ZIEL_2|SRR13005964	TAC	11	0.03473226134080615
mock-ZIEL_2	SRR13005964	mock-ZIEL_2|SRR13005964	TAC	12	0.031774273662048054
mock-ZIEL_2	SRR13005964	mock-ZIEL_2|SRR13005964	TAC	13	0.030966201840031432
mock-ZIEL_2	SRR13005964	mock-ZIEL_2|SRR13005964	TAC	14	0.03055845917754598
mock-ZIEL_2	SRR13005964	mock-ZIEL_2|SRR13005964	TAC	15	0.026592235097005687
mock-ZIEL_2	SRR13005964	mock-ZIEL_2|SRR13005964	TAC	16	0.010200980065090556
mock-ZIEL_2	SRR13005965	mock-ZIEL_2|SRR13005965	EXPECTED	1	0.0959040959040959
mock-ZIEL_2	SRR13005965	mock-ZIEL_2|SRR13005965	EXPECTED	2	0.08391608391608392
mock-ZIEL_2	SRR13005965	mock-ZIEL_2|SRR13005965	EXPECTED	3	0.07992007992007992
mock-ZIEL_2	SRR13005965	mock-ZIEL_2|SRR13005965	EXPECTED	4	0.07792207792207792
mock-ZIEL_2	SRR13005965	mock-ZIEL_2|SRR13005965	EXPECTED	5	0.06293706293706294
mock-ZIEL_2	SRR13005965	mock-ZIEL_2|SRR13005965	EXPECTED	6	0.060939060939060936
mock-ZIEL_2	SRR13005965	mock-ZIEL_2|SRR13005965	EXPECTED	7	0.058941058941058944
mock-ZIEL_2	SRR13005965	mock-ZIEL_2|SRR13005965	EXPECTED	8	0.057942057942057944
mock-ZIEL_2	SRR13005965	mock-ZIEL_2|SRR13005965	EXPECTED	9	0.055944055944055944
mock-ZIEL_2	SRR13005965	mock-ZIEL_2|SRR13005965	EXPECTED	10	0.055944055944055944
mock-ZIEL_2	SRR13005965	mock-ZIEL_2|SRR13005965	EXPECTED	11	0.05394605394605395
mock-ZIEL_2	SRR13005965	mock-ZIEL_2|SRR13005965	EXPECTED	12	0.04895104895104895
mock-ZIEL_2	SRR13005965	mock-ZIEL_2|SRR13005965	EXPECTED	13	0.04295704295704295
mock-ZIEL_2	SRR13005965	mock-ZIEL_2|SRR13005965	EXPECTED	14	0.04195804195804196
mock-ZIEL_2	SRR13005965	mock-ZIEL_2|SRR13005965	EXPECTED	15	0.033966033966033975
mock-ZIEL_2	SRR13005965	mock-ZIEL_2|SRR13005965	EXPECTED	16	0.025974025974025972
mock-ZIEL_2	SRR13005965	mock-ZIEL_2|SRR13005965	EXPECTED	17	0.025974025974025972
mock-ZIEL_2	SRR13005965	mock-ZIEL_2|SRR13005965	EXPECTED	18	0.023976023976023976
mock-ZIEL_2	SRR13005965	mock-ZIEL_2|SRR13005965	EXPECTED	19	0.011988011988011988
mock-ZIEL_2	SRR13005965	mock-ZIEL_2|SRR13005965	ASV	1	0.1536843876177658
mock-ZIEL_2	SRR13005965	mock-ZIEL_2|SRR13005965	ASV	2	0.09575482279048898
mock-ZIEL_2	SRR13005965	mock-ZIEL_2|SRR13005965	ASV	3	0.09337146702557199
mock-ZIEL_2	SRR13005965	mock-ZIEL_2|SRR13005965	ASV	4	0.08812808434275457
mock-ZIEL_2	SRR13005965	mock-ZIEL_2|SRR13005965	ASV	5	0.06325706594885598
mock-ZIEL_2	SRR13005965	mock-ZIEL_2|SRR13005965	ASV	6	0.05913526244952893
mock-ZIEL_2	SRR13005965	mock-ZIEL_2|SRR13005965	ASV	7	0.05902310453117989
mock-ZIEL_2	SRR13005965	mock-ZIEL_2|SRR13005965	ASV	8	0.05725661731718259
mock-ZIEL_2	SRR13005965	mock-ZIEL_2|SRR13005965	ASV	9	0.05002243158366979
mock-ZIEL_2	SRR13005965	mock-ZIEL_2|SRR13005965	ASV	10	0.048227904890085244
mock-ZIEL_2	SRR13005965	mock-ZIEL_2|SRR13005965	ASV	11	0.03754486316733961
mock-ZIEL_2	SRR13005965	mock-ZIEL_2|SRR13005965	ASV	12	0.037404665769403316
mock-ZIEL_2	SRR13005965	mock-ZIEL_2|SRR13005965	ASV	13	0.034376401973979356
mock-ZIEL_2	SRR13005965	mock-ZIEL_2|SRR13005965	ASV	14	0.03378757290264692
mock-ZIEL_2	SRR13005965	mock-ZIEL_2|SRR13005965	ASV	15	0.031965006729475096
mock-ZIEL_2	SRR13005965	mock-ZIEL_2|SRR13005965	ASV	16	0.026160834454912508
mock-ZIEL_2	SRR13005965	mock-ZIEL_2|SRR13005965	ASV	17	0.023917676087931806
mock-ZIEL_2	SRR13005965	mock-ZIEL_2|SRR13005965	ASV	18	0.0069818304172274545
mock-ZIEL_2	SRR13005965	mock-ZIEL_2|SRR13005965	zOTU	1	0.15545179310050744
mock-ZIEL_2	SRR13005965	mock-ZIEL_2|SRR13005965	zOTU	2	0.1341947038505821
mock-ZIEL_2	SRR13005965	mock-ZIEL_2|SRR13005965	zOTU	3	0.08677668329708754
mock-ZIEL_2	SRR13005965	mock-ZIEL_2|SRR13005965	zOTU	4	0.08148906230011513
mock-ZIEL_2	SRR13005965	mock-ZIEL_2|SRR13005965	zOTU	5	0.06340880985885464
mock-ZIEL_2	SRR13005965	mock-ZIEL_2|SRR13005965	zOTU	6	0.059037994115389535
mock-ZIEL_2	SRR13005965	mock-ZIEL_2|SRR13005965	zOTU	7	0.05547737836339602
mock-ZIEL_2	SRR13005965	mock-ZIEL_2|SRR13005965	zOTU	8	0.05181015734936676
mock-ZIEL_2	SRR13005965	mock-ZIEL_2|SRR13005965	zOTU	9	0.04520063110315125
mock-ZIEL_2	SRR13005965	mock-ZIEL_2|SRR13005965	zOTU	10	0.042919278495586535
mock-ZIEL_2	SRR13005965	mock-ZIEL_2|SRR13005965	zOTU	11	0.038100720651571364
mock-ZIEL_2	SRR13005965	mock-ZIEL_2|SRR13005965	zOTU	12	0.03381518911773485
mock-ZIEL_2	SRR13005965	mock-ZIEL_2|SRR13005965	zOTU	13	0.032642531235341776
mock-ZIEL_2	SRR13005965	mock-ZIEL_2|SRR13005965	zOTU	14	0.03257856807812034
mock-ZIEL_2	SRR13005965	mock-ZIEL_2|SRR13005965	zOTU	15	0.03240799965886316
mock-ZIEL_2	SRR13005965	mock-ZIEL_2|SRR13005965	zOTU	16	0.024476568163404544
mock-ZIEL_2	SRR13005965	mock-ZIEL_2|SRR13005965	zOTU	17	0.021640868193254028
mock-ZIEL_2	SRR13005965	mock-ZIEL_2|SRR13005965	zOTU	18	0.00857106306767302
mock-ZIEL_2	SRR13005965	mock-ZIEL_2|SRR13005965	OTU	1	0.1693283831300214
mock-ZIEL_2	SRR13005965	mock-ZIEL_2|SRR13005965	OTU	2	0.1432219537588151
mock-ZIEL_2	SRR13005965	mock-ZIEL_2|SRR13005965	OTU	3	0.12363722081442634
mock-ZIEL_2	SRR13005965	mock-ZIEL_2|SRR13005965	OTU	4	0.0824641012041566
mock-ZIEL_2	SRR13005965	mock-ZIEL_2|SRR13005965	OTU	5	0.07507808356414637
mock-ZIEL_2	SRR13005965	mock-ZIEL_2|SRR13005965	OTU	6	0.058420256546251007
mock-ZIEL_2	SRR13005965	mock-ZIEL_2|SRR13005965	OTU	7	0.05439330543933054
mock-ZIEL_2	SRR13005965	mock-ZIEL_2|SRR13005965	OTU	8	0.04164456754473844
mock-ZIEL_2	SRR13005965	mock-ZIEL_2|SRR13005965	OTU	9	0.04011236175771505
mock-ZIEL_2	SRR13005965	mock-ZIEL_2|SRR13005965	OTU	10	0.039542695503565324
mock-ZIEL_2	SRR13005965	mock-ZIEL_2|SRR13005965	OTU	11	0.03812835170015911
mock-ZIEL_2	SRR13005965	mock-ZIEL_2|SRR13005965	OTU	12	0.03510322745398472
mock-ZIEL_2	SRR13005965	mock-ZIEL_2|SRR13005965	OTU	13	0.031154851002809045
mock-ZIEL_2	SRR13005965	mock-ZIEL_2|SRR13005965	OTU	14	0.030015518494509598
mock-ZIEL_2	SRR13005965	mock-ZIEL_2|SRR13005965	OTU	15	0.02985836918302001
mock-ZIEL_2	SRR13005965	mock-ZIEL_2|SRR13005965	OTU	16	0.007896752902351346
mock-ZIEL_2	SRR13005965	mock-ZIEL_2|SRR13005965	TIC	1	0.14322195375881508
mock-ZIEL_2	SRR13005965	mock-ZIEL_2|SRR13005965	TIC	2	0.12363722081442634
mock-ZIEL_2	SRR13005965	mock-ZIEL_2|SRR13005965	TIC	3	0.10250063841907793
mock-ZIEL_2	SRR13005965	mock-ZIEL_2|SRR13005965	TIC	4	0.08246410120415659
mock-ZIEL_2	SRR13005965	mock-ZIEL_2|SRR13005965	TIC	5	0.07507808356414637
mock-ZIEL_2	SRR13005965	mock-ZIEL_2|SRR13005965	TIC	6	0.058420256546251007
mock-ZIEL_2	SRR13005965	mock-ZIEL_2|SRR13005965	TIC	7	0.05439330543933054
mock-ZIEL_2	SRR13005965	mock-ZIEL_2|SRR13005965	TIC	8	0.05111281356198558
mock-ZIEL_2	SRR13005965	mock-ZIEL_2|SRR13005965	TIC	9	0.04164456754473844
mock-ZIEL_2	SRR13005965	mock-ZIEL_2|SRR13005965	TIC	10	0.04011236175771505
mock-ZIEL_2	SRR13005965	mock-ZIEL_2|SRR13005965	TIC	11	0.03954269550356532
mock-ZIEL_2	SRR13005965	mock-ZIEL_2|SRR13005965	TIC	12	0.03812835170015911
mock-ZIEL_2	SRR13005965	mock-ZIEL_2|SRR13005965	TIC	13	0.03510322745398472
mock-ZIEL_2	SRR13005965	mock-ZIEL_2|SRR13005965	TIC	14	0.031154851002809045
mock-ZIEL_2	SRR13005965	mock-ZIEL_2|SRR13005965	TIC	15	0.030015518494509598
mock-ZIEL_2	SRR13005965	mock-ZIEL_2|SRR13005965	TIC	16	0.02985836918302001
mock-ZIEL_2	SRR13005965	mock-ZIEL_2|SRR13005965	TIC	17	0.015714931148957903
mock-ZIEL_2	SRR13005965	mock-ZIEL_2|SRR13005965	TIC	18	0.007896752902351346
mock-ZIEL_2	SRR13005965	mock-ZIEL_2|SRR13005965	TAC	1	0.1693283831300214
mock-ZIEL_2	SRR13005965	mock-ZIEL_2|SRR13005965	TAC	2	0.14322195375881508
mock-ZIEL_2	SRR13005965	mock-ZIEL_2|SRR13005965	TAC	3	0.12363722081442635
mock-ZIEL_2	SRR13005965	mock-ZIEL_2|SRR13005965	TAC	4	0.0824641012041566
mock-ZIEL_2	SRR13005965	mock-ZIEL_2|SRR13005965	TAC	5	0.07507808356414637
mock-ZIEL_2	SRR13005965	mock-ZIEL_2|SRR13005965	TAC	6	0.058420256546251007
mock-ZIEL_2	SRR13005965	mock-ZIEL_2|SRR13005965	TAC	7	0.05439330543933054
mock-ZIEL_2	SRR13005965	mock-ZIEL_2|SRR13005965	TAC	8	0.04164456754473845
mock-ZIEL_2	SRR13005965	mock-ZIEL_2|SRR13005965	TAC	9	0.04011236175771505
mock-ZIEL_2	SRR13005965	mock-ZIEL_2|SRR13005965	TAC	10	0.03954269550356532
mock-ZIEL_2	SRR13005965	mock-ZIEL_2|SRR13005965	TAC	11	0.03812835170015911
mock-ZIEL_2	SRR13005965	mock-ZIEL_2|SRR13005965	TAC	12	0.03510322745398472
mock-ZIEL_2	SRR13005965	mock-ZIEL_2|SRR13005965	TAC	13	0.031154851002809045
mock-ZIEL_2	SRR13005965	mock-ZIEL_2|SRR13005965	TAC	14	0.030015518494509598
mock-ZIEL_2	SRR13005965	mock-ZIEL_2|SRR13005965	TAC	15	0.02985836918302001
mock-ZIEL_2	SRR13005965	mock-ZIEL_2|SRR13005965	TAC	16	0.007896752902351346
mock-ZIEL_2	SRR13005966	mock-ZIEL_2|SRR13005966	EXPECTED	1	0.0959040959040959
mock-ZIEL_2	SRR13005966	mock-ZIEL_2|SRR13005966	EXPECTED	2	0.08391608391608392
mock-ZIEL_2	SRR13005966	mock-ZIEL_2|SRR13005966	EXPECTED	3	0.07992007992007992
mock-ZIEL_2	SRR13005966	mock-ZIEL_2|SRR13005966	EXPECTED	4	0.07792207792207792
mock-ZIEL_2	SRR13005966	mock-ZIEL_2|SRR13005966	EXPECTED	5	0.06293706293706294
mock-ZIEL_2	SRR13005966	mock-ZIEL_2|SRR13005966	EXPECTED	6	0.060939060939060936
mock-ZIEL_2	SRR13005966	mock-ZIEL_2|SRR13005966	EXPECTED	7	0.058941058941058944
mock-ZIEL_2	SRR13005966	mock-ZIEL_2|SRR13005966	EXPECTED	8	0.057942057942057944
mock-ZIEL_2	SRR13005966	mock-ZIEL_2|SRR13005966	EXPECTED	9	0.055944055944055944
mock-ZIEL_2	SRR13005966	mock-ZIEL_2|SRR13005966	EXPECTED	10	0.055944055944055944
mock-ZIEL_2	SRR13005966	mock-ZIEL_2|SRR13005966	EXPECTED	11	0.05394605394605395
mock-ZIEL_2	SRR13005966	mock-ZIEL_2|SRR13005966	EXPECTED	12	0.04895104895104895
mock-ZIEL_2	SRR13005966	mock-ZIEL_2|SRR13005966	EXPECTED	13	0.04295704295704295
mock-ZIEL_2	SRR13005966	mock-ZIEL_2|SRR13005966	EXPECTED	14	0.04195804195804196
mock-ZIEL_2	SRR13005966	mock-ZIEL_2|SRR13005966	EXPECTED	15	0.033966033966033975
mock-ZIEL_2	SRR13005966	mock-ZIEL_2|SRR13005966	EXPECTED	16	0.025974025974025972
mock-ZIEL_2	SRR13005966	mock-ZIEL_2|SRR13005966	EXPECTED	17	0.025974025974025972
mock-ZIEL_2	SRR13005966	mock-ZIEL_2|SRR13005966	EXPECTED	18	0.023976023976023976
mock-ZIEL_2	SRR13005966	mock-ZIEL_2|SRR13005966	EXPECTED	19	0.011988011988011988
mock-ZIEL_2	SRR13005966	mock-ZIEL_2|SRR13005966	ASV	1	0.16454660872112897
mock-ZIEL_2	SRR13005966	mock-ZIEL_2|SRR13005966	ASV	2	0.10217784071487863
mock-ZIEL_2	SRR13005966	mock-ZIEL_2|SRR13005966	ASV	3	0.09208213291664631
mock-ZIEL_2	SRR13005966	mock-ZIEL_2|SRR13005966	ASV	4	0.07662727672249621
mock-ZIEL_2	SRR13005966	mock-ZIEL_2|SRR13005966	ASV	5	0.06354070022950338
mock-ZIEL_2	SRR13005966	mock-ZIEL_2|SRR13005966	ASV	6	0.059841789149860825
mock-ZIEL_2	SRR13005966	mock-ZIEL_2|SRR13005966	ASV	7	0.059426729820792015
mock-ZIEL_2	SRR13005966	mock-ZIEL_2|SRR13005966	ASV	8	0.05884076370916548
mock-ZIEL_2	SRR13005966	mock-ZIEL_2|SRR13005966	ASV	9	0.05022217881732506
mock-ZIEL_2	SRR13005966	mock-ZIEL_2|SRR13005966	ASV	10	0.04607158552663704
mock-ZIEL_2	SRR13005966	mock-ZIEL_2|SRR13005966	ASV	11	0.03689144977782118
mock-ZIEL_2	SRR13005966	mock-ZIEL_2|SRR13005966	ASV	12	0.03482836075980272
mock-ZIEL_2	SRR13005966	mock-ZIEL_2|SRR13005966	ASV	13	0.03386395820108403
mock-ZIEL_2	SRR13005966	mock-ZIEL_2|SRR13005966	ASV	14	0.03152009375457786
mock-ZIEL_2	SRR13005966	mock-ZIEL_2|SRR13005966	ASV	15	0.031092826798183506
mock-ZIEL_2	SRR13005966	mock-ZIEL_2|SRR13005966	ASV	16	0.025733678402265734
mock-ZIEL_2	SRR13005966	mock-ZIEL_2|SRR13005966	ASV	17	0.024329801259827137
mock-ZIEL_2	SRR13005966	mock-ZIEL_2|SRR13005966	ASV	18	0.008362224718003807
mock-ZIEL_2	SRR13005966	mock-ZIEL_2|SRR13005966	zOTU	1	0.15753131915621113
mock-ZIEL_2	SRR13005966	mock-ZIEL_2|SRR13005966	zOTU	2	0.13798474645492798
mock-ZIEL_2	SRR13005966	mock-ZIEL_2|SRR13005966	zOTU	3	0.08787409651713887
mock-ZIEL_2	SRR13005966	mock-ZIEL_2|SRR13005966	zOTU	4	0.07112938919334771
mock-ZIEL_2	SRR13005966	mock-ZIEL_2|SRR13005966	zOTU	5	0.06399650479166469
mock-ZIEL_2	SRR13005966	mock-ZIEL_2|SRR13005966	zOTU	6	0.059589502977575586
mock-ZIEL_2	SRR13005966	mock-ZIEL_2|SRR13005966	zOTU	7	0.05785139665865682
mock-ZIEL_2	SRR13005966	mock-ZIEL_2|SRR13005966	zOTU	8	0.05390029158395624
mock-ZIEL_2	SRR13005966	mock-ZIEL_2|SRR13005966	zOTU	9	0.046150047014351256
mock-ZIEL_2	SRR13005966	mock-ZIEL_2|SRR13005966	zOTU	10	0.04123016136845005
mock-ZIEL_2	SRR13005966	mock-ZIEL_2|SRR13005966	zOTU	11	0.039387578713421405
mock-ZIEL_2	SRR13005966	mock-ZIEL_2|SRR13005966	zOTU	12	0.033422929706421495
mock-ZIEL_2	SRR13005966	mock-ZIEL_2|SRR13005966	zOTU	13	0.03251113622764444
mock-ZIEL_2	SRR13005966	mock-ZIEL_2|SRR13005966	zOTU	14	0.031646831992553685
mock-ZIEL_2	SRR13005966	mock-ZIEL_2|SRR13005966	zOTU	15	0.03011767834585467
mock-ZIEL_2	SRR13005966	mock-ZIEL_2|SRR13005966	zOTU	16	0.023649643355779917
mock-ZIEL_2	SRR13005966	mock-ZIEL_2|SRR13005966	zOTU	17	0.022842326213112732
mock-ZIEL_2	SRR13005966	mock-ZIEL_2|SRR13005966	zOTU	18	0.009184419728931397
mock-ZIEL_2	SRR13005966	mock-ZIEL_2|SRR13005966	OTU	1	0.17148552593615846
mock-ZIEL_2	SRR13005966	mock-ZIEL_2|SRR13005966	OTU	2	0.14501167192704825
mock-ZIEL_2	SRR13005966	mock-ZIEL_2|SRR13005966	OTU	3	0.1270185439380295
mock-ZIEL_2	SRR13005966	mock-ZIEL_2|SRR13005966	OTU	4	0.08360072392176748
mock-ZIEL_2	SRR13005966	mock-ZIEL_2|SRR13005966	OTU	5	0.06547645068501534
mock-ZIEL_2	SRR13005966	mock-ZIEL_2|SRR13005966	OTU	6	0.05891044528183113
mock-ZIEL_2	SRR13005966	mock-ZIEL_2|SRR13005966	OTU	7	0.054853685618612126
mock-ZIEL_2	SRR13005966	mock-ZIEL_2|SRR13005966	OTU	8	0.042482317249097276
mock-ZIEL_2	SRR13005966	mock-ZIEL_2|SRR13005966	OTU	9	0.041433155267230286
mock-ZIEL_2	SRR13005966	mock-ZIEL_2|SRR13005966	OTU	10	0.03943974750168303
mock-ZIEL_2	SRR13005966	mock-ZIEL_2|SRR13005966	OTU	11	0.037953434694038134
mock-ZIEL_2	SRR13005966	mock-ZIEL_2|SRR13005966	OTU	12	0.03625728949001984
mock-ZIEL_2	SRR13005966	mock-ZIEL_2|SRR13005966	OTU	13	0.030766675118249296
mock-ZIEL_2	SRR13005966	mock-ZIEL_2|SRR13005966	OTU	14	0.029131731029839906
mock-ZIEL_2	SRR13005966	mock-ZIEL_2|SRR13005966	OTU	15	0.027724105370835042
mock-ZIEL_2	SRR13005966	mock-ZIEL_2|SRR13005966	OTU	16	0.008454496970544777
mock-ZIEL_2	SRR13005966	mock-ZIEL_2|SRR13005966	TIC	1	0.14500786850848052
mock-ZIEL_2	SRR13005966	mock-ZIEL_2|SRR13005966	TIC	2	0.127015212449729
mock-ZIEL_2	SRR13005966	mock-ZIEL_2|SRR13005966	TIC	3	0.10191467039692255
mock-ZIEL_2	SRR13005966	mock-ZIEL_2|SRR13005966	TIC	4	0.08359853121175032
mock-ZIEL_2	SRR13005966	mock-ZIEL_2|SRR13005966	TIC	5	0.06547473334499039
mock-ZIEL_2	SRR13005966	mock-ZIEL_2|SRR13005966	TIC	6	0.05890890015737017
mock-ZIEL_2	SRR13005966	mock-ZIEL_2|SRR13005966	TIC	7	0.05485224689631055
mock-ZIEL_2	SRR13005966	mock-ZIEL_2|SRR13005966	TIC	8	0.053252316838608156
mock-ZIEL_2	SRR13005966	mock-ZIEL_2|SRR13005966	TIC	9	0.0424812030075188
mock-ZIEL_2	SRR13005966	mock-ZIEL_2|SRR13005966	TIC	10	0.041432068543451654
mock-ZIEL_2	SRR13005966	mock-ZIEL_2|SRR13005966	TIC	11	0.03944745584892464
mock-ZIEL_2	SRR13005966	mock-ZIEL_2|SRR13005966	TIC	12	0.03795243923762896
mock-ZIEL_2	SRR13005966	mock-ZIEL_2|SRR13005966	TIC	13	0.0362563385207204
mock-ZIEL_2	SRR13005966	mock-ZIEL_2|SRR13005966	TIC	14	0.030765868158769017
mock-ZIEL_2	SRR13005966	mock-ZIEL_2|SRR13005966	TIC	15	0.029130966952264383
mock-ZIEL_2	SRR13005966	mock-ZIEL_2|SRR13005966	TIC	16	0.0277233782129743
mock-ZIEL_2	SRR13005966	mock-ZIEL_2|SRR13005966	TIC	17	0.016331526490645218
mock-ZIEL_2	SRR13005966	mock-ZIEL_2|SRR13005966	TIC	18	0.008454275222941074
mock-ZIEL_2	SRR13005966	mock-ZIEL_2|SRR13005966	TAC	1	0.17149851372617594
mock-ZIEL_2	SRR13005966	mock-ZIEL_2|SRR13005966	TAC	2	0.14500786850848052
mock-ZIEL_2	SRR13005966	mock-ZIEL_2|SRR13005966	TAC	3	0.127015212449729
mock-ZIEL_2	SRR13005966	mock-ZIEL_2|SRR13005966	TAC	4	0.08359853121175032
mock-ZIEL_2	SRR13005966	mock-ZIEL_2|SRR13005966	TAC	5	0.06547473334499039
mock-ZIEL_2	SRR13005966	mock-ZIEL_2|SRR13005966	TAC	6	0.05890890015737017
mock-ZIEL_2	SRR13005966	mock-ZIEL_2|SRR13005966	TAC	7	0.05485224689631055
mock-ZIEL_2	SRR13005966	mock-ZIEL_2|SRR13005966	TAC	8	0.0424812030075188
mock-ZIEL_2	SRR13005966	mock-ZIEL_2|SRR13005966	TAC	9	0.041432068543451654
mock-ZIEL_2	SRR13005966	mock-ZIEL_2|SRR13005966	TAC	10	0.03944745584892464
mock-ZIEL_2	SRR13005966	mock-ZIEL_2|SRR13005966	TAC	11	0.03795243923762896
mock-ZIEL_2	SRR13005966	mock-ZIEL_2|SRR13005966	TAC	12	0.0362563385207204
mock-ZIEL_2	SRR13005966	mock-ZIEL_2|SRR13005966	TAC	13	0.030765868158769017
mock-ZIEL_2	SRR13005966	mock-ZIEL_2|SRR13005966	TAC	14	0.029130966952264383
mock-ZIEL_2	SRR13005966	mock-ZIEL_2|SRR13005966	TAC	15	0.0277233782129743
mock-ZIEL_2	SRR13005966	mock-ZIEL_2|SRR13005966	TAC	16	0.008454275222941074
mock-ZYMO	SRR13006004	mock-ZYMO|SRR13006004	EXPECTED	1	0.125
mock-ZYMO	SRR13006004	mock-ZYMO|SRR13006004	EXPECTED	2	0.125
mock-ZYMO	SRR13006004	mock-ZYMO|SRR13006004	EXPECTED	3	0.125
mock-ZYMO	SRR13006004	mock-ZYMO|SRR13006004	EXPECTED	4	0.125
mock-ZYMO	SRR13006004	mock-ZYMO|SRR13006004	EXPECTED	5	0.125
mock-ZYMO	SRR13006004	mock-ZYMO|SRR13006004	EXPECTED	6	0.125
mock-ZYMO	SRR13006004	mock-ZYMO|SRR13006004	EXPECTED	7	0.125
mock-ZYMO	SRR13006004	mock-ZYMO|SRR13006004	EXPECTED	8	0.125
mock-ZYMO	SRR13006004	mock-ZYMO|SRR13006004	ASV	1	0.23968507075941795
mock-ZYMO	SRR13006004	mock-ZYMO|SRR13006004	ASV	2	0.21354062852966577
mock-ZYMO	SRR13006004	mock-ZYMO|SRR13006004	ASV	3	0.1732110823201116
mock-ZYMO	SRR13006004	mock-ZYMO|SRR13006004	ASV	4	0.1503222377250681
mock-ZYMO	SRR13006004	mock-ZYMO|SRR13006004	ASV	5	0.14530595973689453
mock-ZYMO	SRR13006004	mock-ZYMO|SRR13006004	ASV	6	0.07793502092884193
mock-ZYMO	SRR13006004	mock-ZYMO|SRR13006004	zOTU	1	0.23341740903724376
mock-ZYMO	SRR13006004	mock-ZYMO|SRR13006004	zOTU	2	0.21814961897606525
mock-ZYMO	SRR13006004	mock-ZYMO|SRR13006004	zOTU	3	0.17256091016421587
mock-ZYMO	SRR13006004	mock-ZYMO|SRR13006004	zOTU	4	0.14889449393581627
mock-ZYMO	SRR13006004	mock-ZYMO|SRR13006004	zOTU	5	0.1450037565740045
mock-ZYMO	SRR13006004	mock-ZYMO|SRR13006004	zOTU	6	0.08197381131265428
mock-ZYMO	SRR13006004	mock-ZYMO|SRR13006004	OTU	1	0.2134106096856695
mock-ZYMO	SRR13006004	mock-ZYMO|SRR13006004	OTU	2	0.17942001485025985
mock-ZYMO	SRR13006004	mock-ZYMO|SRR13006004	OTU	3	0.16768418447322825
mock-ZYMO	SRR13006004	mock-ZYMO|SRR13006004	OTU	4	0.13264169622968403
mock-ZYMO	SRR13006004	mock-ZYMO|SRR13006004	OTU	5	0.1292591370348981
mock-ZYMO	SRR13006004	mock-ZYMO|SRR13006004	OTU	6	0.11445012787723782
mock-ZYMO	SRR13006004	mock-ZYMO|SRR13006004	OTU	7	0.06313422984902234
mock-ZYMO	SRR13006004	mock-ZYMO|SRR13006004	TIC	1	0.21342821782178215
mock-ZYMO	SRR13006004	mock-ZYMO|SRR13006004	TIC	2	0.17943481848184817
mock-ZYMO	SRR13006004	mock-ZYMO|SRR13006004	TIC	3	0.16769801980198018
mock-ZYMO	SRR13006004	mock-ZYMO|SRR13006004	TIC	4	0.13265264026402637
mock-ZYMO	SRR13006004	mock-ZYMO|SRR13006004	TIC	5	0.12931105610561053
mock-ZYMO	SRR13006004	mock-ZYMO|SRR13006004	TIC	6	0.1144595709570957
mock-ZYMO	SRR13006004	mock-ZYMO|SRR13006004	TIC	7	0.06301567656765676
mock-ZYMO	SRR13006004	mock-ZYMO|SRR13006004	TAC	1	0.21342821782178215
mock-ZYMO	SRR13006004	mock-ZYMO|SRR13006004	TAC	2	0.17943481848184817
mock-ZYMO	SRR13006004	mock-ZYMO|SRR13006004	TAC	3	0.16769801980198018
mock-ZYMO	SRR13006004	mock-ZYMO|SRR13006004	TAC	4	0.13265264026402637
mock-ZYMO	SRR13006004	mock-ZYMO|SRR13006004	TAC	5	0.12931105610561053
mock-ZYMO	SRR13006004	mock-ZYMO|SRR13006004	TAC	6	0.1144595709570957
mock-ZYMO	SRR13006004	mock-ZYMO|SRR13006004	TAC	7	0.06301567656765676
mock-ZYMO	SRR13006002	mock-ZYMO|SRR13006002	EXPECTED	1	0.125
mock-ZYMO	SRR13006002	mock-ZYMO|SRR13006002	EXPECTED	2	0.125
mock-ZYMO	SRR13006002	mock-ZYMO|SRR13006002	EXPECTED	3	0.125
mock-ZYMO	SRR13006002	mock-ZYMO|SRR13006002	EXPECTED	4	0.125
mock-ZYMO	SRR13006002	mock-ZYMO|SRR13006002	EXPECTED	5	0.125
mock-ZYMO	SRR13006002	mock-ZYMO|SRR13006002	EXPECTED	6	0.125
mock-ZYMO	SRR13006002	mock-ZYMO|SRR13006002	EXPECTED	7	0.125
mock-ZYMO	SRR13006002	mock-ZYMO|SRR13006002	EXPECTED	8	0.125
mock-ZYMO	SRR13006002	mock-ZYMO|SRR13006002	ASV	1	0.25511724570621913
mock-ZYMO	SRR13006002	mock-ZYMO|SRR13006002	ASV	2	0.20382715081170102
mock-ZYMO	SRR13006002	mock-ZYMO|SRR13006002	ASV	3	0.16343816171280684
mock-ZYMO	SRR13006002	mock-ZYMO|SRR13006002	ASV	4	0.16320288604815308
mock-ZYMO	SRR13006002	mock-ZYMO|SRR13006002	ASV	5	0.12297074739236138
mock-ZYMO	SRR13006002	mock-ZYMO|SRR13006002	ASV	6	0.09144380832875852
mock-ZYMO	SRR13006002	mock-ZYMO|SRR13006002	zOTU	1	0.2576051421288857
mock-ZYMO	SRR13006002	mock-ZYMO|SRR13006002	zOTU	2	0.20878816423782345
mock-ZYMO	SRR13006002	mock-ZYMO|SRR13006002	zOTU	3	0.15592619271901145
mock-ZYMO	SRR13006002	mock-ZYMO|SRR13006002	zOTU	4	0.1518811990912617
mock-ZYMO	SRR13006002	mock-ZYMO|SRR13006002	zOTU	5	0.12511774810217763
mock-ZYMO	SRR13006002	mock-ZYMO|SRR13006002	zOTU	6	0.10068155372084002
mock-ZYMO	SRR13006002	mock-ZYMO|SRR13006002	OTU	1	0.20337722560041996
mock-ZYMO	SRR13006002	mock-ZYMO|SRR13006002	OTU	2	0.1902095454744302
mock-ZYMO	SRR13006002	mock-ZYMO|SRR13006002	OTU	3	0.18513495778467998
mock-ZYMO	SRR13006002	mock-ZYMO|SRR13006002	OTU	4	0.12310249792204384
mock-ZYMO	SRR13006002	mock-ZYMO|SRR13006002	OTU	5	0.1199090073931493
mock-ZYMO	SRR13006002	mock-ZYMO|SRR13006002	OTU	6	0.09877947416772387
mock-ZYMO	SRR13006002	mock-ZYMO|SRR13006002	OTU	7	0.07948729165755282
mock-ZYMO	SRR13006002	mock-ZYMO|SRR13006002	TIC	1	0.20337722560041996
mock-ZYMO	SRR13006002	mock-ZYMO|SRR13006002	TIC	2	0.1902095454744302
mock-ZYMO	SRR13006002	mock-ZYMO|SRR13006002	TIC	3	0.18513495778467998
mock-ZYMO	SRR13006002	mock-ZYMO|SRR13006002	TIC	4	0.12310249792204384
mock-ZYMO	SRR13006002	mock-ZYMO|SRR13006002	TIC	5	0.1199090073931493
mock-ZYMO	SRR13006002	mock-ZYMO|SRR13006002	TIC	6	0.09877947416772387
mock-ZYMO	SRR13006002	mock-ZYMO|SRR13006002	TIC	7	0.07948729165755282
mock-ZYMO	SRR13006002	mock-ZYMO|SRR13006002	TAC	1	0.20337722560041996
mock-ZYMO	SRR13006002	mock-ZYMO|SRR13006002	TAC	2	0.1902095454744302
mock-ZYMO	SRR13006002	mock-ZYMO|SRR13006002	TAC	3	0.18513495778467998
mock-ZYMO	SRR13006002	mock-ZYMO|SRR13006002	TAC	4	0.12310249792204384
mock-ZYMO	SRR13006002	mock-ZYMO|SRR13006002	TAC	5	0.1199090073931493
mock-ZYMO	SRR13006002	mock-ZYMO|SRR13006002	TAC	6	0.09877947416772387
mock-ZYMO	SRR13006002	mock-ZYMO|SRR13006002	TAC	7	0.07948729165755282
mock-ZYMO	SRR13006003	mock-ZYMO|SRR13006003	EXPECTED	1	0.125
mock-ZYMO	SRR13006003	mock-ZYMO|SRR13006003	EXPECTED	2	0.125
mock-ZYMO	SRR13006003	mock-ZYMO|SRR13006003	EXPECTED	3	0.125
mock-ZYMO	SRR13006003	mock-ZYMO|SRR13006003	EXPECTED	4	0.125
mock-ZYMO	SRR13006003	mock-ZYMO|SRR13006003	EXPECTED	5	0.125
mock-ZYMO	SRR13006003	mock-ZYMO|SRR13006003	EXPECTED	6	0.125
mock-ZYMO	SRR13006003	mock-ZYMO|SRR13006003	EXPECTED	7	0.125
mock-ZYMO	SRR13006003	mock-ZYMO|SRR13006003	EXPECTED	8	0.125
mock-ZYMO	SRR13006003	mock-ZYMO|SRR13006003	ASV	1	0.26054508871410276
mock-ZYMO	SRR13006003	mock-ZYMO|SRR13006003	ASV	2	0.2110846899579294
mock-ZYMO	SRR13006003	mock-ZYMO|SRR13006003	ASV	3	0.15738064752149258
mock-ZYMO	SRR13006003	mock-ZYMO|SRR13006003	ASV	4	0.14827144686299618
mock-ZYMO	SRR13006003	mock-ZYMO|SRR13006003	ASV	5	0.144576550210353
mock-ZYMO	SRR13006003	mock-ZYMO|SRR13006003	ASV	6	0.07814157673312604
mock-ZYMO	SRR13006003	mock-ZYMO|SRR13006003	zOTU	1	0.25344310460916936
mock-ZYMO	SRR13006003	mock-ZYMO|SRR13006003	zOTU	2	0.21010589459509094
mock-ZYMO	SRR13006003	mock-ZYMO|SRR13006003	zOTU	3	0.16178000856950484
mock-ZYMO	SRR13006003	mock-ZYMO|SRR13006003	zOTU	4	0.14803819550713107
mock-ZYMO	SRR13006003	mock-ZYMO|SRR13006003	zOTU	5	0.14537552794270678
mock-ZYMO	SRR13006003	mock-ZYMO|SRR13006003	zOTU	6	0.08125726877639715
mock-ZYMO	SRR13006003	mock-ZYMO|SRR13006003	OTU	1	0.23856885995857705
mock-ZYMO	SRR13006003	mock-ZYMO|SRR13006003	OTU	2	0.188474406536632
mock-ZYMO	SRR13006003	mock-ZYMO|SRR13006003	OTU	3	0.15624644377176414
mock-ZYMO	SRR13006003	mock-ZYMO|SRR13006003	OTU	4	0.12574823042082983
mock-ZYMO	SRR13006003	mock-ZYMO|SRR13006003	OTU	5	0.1203086237112229
mock-ZYMO	SRR13006003	mock-ZYMO|SRR13006003	OTU	6	0.11008944625258894
mock-ZYMO	SRR13006003	mock-ZYMO|SRR13006003	OTU	7	0.06056398934838519
mock-ZYMO	SRR13006003	mock-ZYMO|SRR13006003	TIC	1	0.23860144317224738
mock-ZYMO	SRR13006003	mock-ZYMO|SRR13006003	TIC	2	0.1885001479592998
mock-ZYMO	SRR13006003	mock-ZYMO|SRR13006003	TIC	3	0.15626778356968885
mock-ZYMO	SRR13006003	mock-ZYMO|SRR13006003	TIC	4	0.12576540483940726
mock-ZYMO	SRR13006003	mock-ZYMO|SRR13006003	TIC	5	0.12032505520020031
mock-ZYMO	SRR13006003	mock-ZYMO|SRR13006003	TIC	6	0.1101044820286358
mock-ZYMO	SRR13006003	mock-ZYMO|SRR13006003	TIC	7	0.06043568323052059
mock-ZYMO	SRR13006003	mock-ZYMO|SRR13006003	TAC	1	0.2386014431722474
mock-ZYMO	SRR13006003	mock-ZYMO|SRR13006003	TAC	2	0.18850014795929984
mock-ZYMO	SRR13006003	mock-ZYMO|SRR13006003	TAC	3	0.15626778356968885
mock-ZYMO	SRR13006003	mock-ZYMO|SRR13006003	TAC	4	0.12576540483940726
mock-ZYMO	SRR13006003	mock-ZYMO|SRR13006003	TAC	5	0.1203250552002003
mock-ZYMO	SRR13006003	mock-ZYMO|SRR13006003	TAC	6	0.1101044820286358
mock-ZYMO	SRR13006003	mock-ZYMO|SRR13006003	TAC	7	0.06043568323052059
