community_id	sample_id	sample_key	transition_method	zotu_id	cluster_id	zotu_class	final_fate	best_hit_effective_identity	best_hit_target_id	best_hit_species	zotu_feature_value_tss1000	near_exact_threshold	exact_identity_threshold	classification_source
mock-12	Mock 3	mock-12|Mock 3	TIC	Zotu1	SOTU501	Exact match	Exact match	100.0	Bacteroides_ovatus	Bacteroides_ovatus	3828.889494919829	98.7	100.0	present cluster priority class
mock-12	Mock 3	mock-12|Mock 3	TIC	Zotu10	SOTU1301	Exact match	Exact match	100.0	Parabacteroides_merdae	Parabacteroides_merdae	50.42410511373569	98.7	100.0	present cluster priority class
mock-12	Mock 3	mock-12|Mock 3	TIC	Zotu11	SOTU502	Exact match	Exact match	100.0	Bacteroides_uniformis	Bacteroides_uniformis	45.36141587474739	98.7	100.0	present cluster priority class
mock-12	Mock 3	mock-12|Mock 3	TIC	Zotu12	SOTU201	Exact match	Exact match	100.0	Clostridium_cocleatum	Clostridium_cocleatum	34.22210101603418	98.7	100.0	present cluster priority class
mock-12	Mock 3	mock-12|Mock 3	TIC	Zotu13	SOTU101	Exact match	Exact match	100.0	Coprococcus_comes_ATCC_27758	Coprococcus_comes	30.411098757403483	98.7	100.0	present cluster priority class
mock-12	Mock 3	mock-12|Mock 3	TIC	Zotu14	SOTU503	Exact match	Exact match	100.0	Bacteroides_thetaiotaomicron__Copy1	Bacteroides_thetaiotaomicron	4.566210045662101	98.7	100.0	present cluster priority class
mock-12	Mock 3	mock-12|Mock 3	TIC	Zotu15	SOTU301	Exact match	Exact match	100.0	Roseburia_inulinivorans_DSM_16841	Roseburia_inulinivorans	3.671148964735992	98.7	100.0	present cluster priority class
mock-12	Mock 3	mock-12|Mock 3	TIC	Zotu16	SOTU601	Exact match	Exact match	100.0	Clostridium_celatum_JCM_1394	Clostridium_celatum	3.741075611683344	98.7	100.0	present cluster priority class
mock-12	Mock 3	mock-12|Mock 3	TIC	Zotu17	SOTU504	Exact match	Exact match	100.0	Bacteroides_fragilis	Bacteroides_fragilis	3.1606844420203206	98.7	100.0	present cluster priority class
mock-12	Mock 3	mock-12|Mock 3	TIC	Zotu18	SOTU1001	No hit	No hit				1.41951093303125	98.7	100.0	present cluster priority class
mock-12	Mock 3	mock-12|Mock 3	TIC	Zotu19	SOTU1101	No hit	No hit				0.6782884753893166	98.7	100.0	present cluster priority class
mock-12	Mock 3	mock-12|Mock 3	TIC	Zotu2	SOTU505	Exact match	Exact match	100.0	Bacteroides_vulgatus	Bacteroides_vulgatus	2793.520596893858	98.7	100.0	present cluster priority class
mock-12	Mock 3	mock-12|Mock 3	TIC	Zotu20	SOTU506	Exact match	Exact match	100.0	Bacteroides_massiliensis	Bacteroides_massiliensis	0.5174571874104065	98.7	100.0	present cluster priority class
mock-12	Mock 3	mock-12|Mock 3	TIC	Zotu21	SOTU1401	Exact match	Exact match	100.0	Paraprevotella_clara_DSM_19731	Paraprevotella_clara	0.4475305404630542	98.7	100.0	present cluster priority class
mock-12	Mock 3	mock-12|Mock 3	TIC	Zotu22	SOTU1201	Exact match	Exact match	100.0	Roseburia_intestinalis_DSM_14610	Roseburia_intestinalis	0.3985818875999077	98.7	100.0	present cluster priority class
mock-12	Mock 3	mock-12|Mock 3	TIC	Zotu23	SOTU801	No hit	No hit	92.913	Clostridium_phytofermentans_ATCC_700394	Clostridium_phytofermentans	0.3286552406525554	98.7	100.0	present cluster priority class
mock-12	Mock 3	mock-12|Mock 3	TIC	Zotu24	SOTU901	No hit	No hit				0.251735929010468	98.7	100.0	present cluster priority class
mock-12	Mock 3	mock-12|Mock 3	TIC	Zotu25	SOTU401	No hit	No hit				0.2307579349262623	98.7	100.0	present cluster priority class
mock-12	Mock 3	mock-12|Mock 3	TIC	Zotu26	SOTU1501	No hit	No hit				0.2727139230946737	98.7	100.0	present cluster priority class
mock-12	Mock 3	mock-12|Mock 3	TIC	Zotu27	SOTU701	Near-exact match	Exact match	99.605	Eubacterium_rectale_DSM_17629	Eubacterium_rectale	0.1468459585894397	98.7	100.0	present cluster priority class
mock-12	Mock 3	mock-12|Mock 3	TIC	Zotu28	SOTU701	Exact match	Exact match	100.0	Eubacterium_rectale_DSM_17629	Eubacterium_rectale	0.1678239526736453	98.7	100.0	present cluster priority class
mock-12	Mock 3	mock-12|Mock 3	TIC	Zotu29	SOTU1002	No hit	No hit				0.251735929010468	98.7	100.0	present cluster priority class
mock-12	Mock 3	mock-12|Mock 3	TIC	Zotu3	SOTU501	Exact match	Exact match	100.0	Bacteroides_ovatus__Copy1	Bacteroides_ovatus	952.939366604432	98.7	100.0	present cluster priority class
mock-12	Mock 3	mock-12|Mock 3	TIC	Zotu30	SOTU1001	No hit	No hit				0.2657212583999385	98.7	100.0	present cluster priority class
mock-12	Mock 3	mock-12|Mock 3	TIC	Zotu31	SOTU1501	No hit	No hit				0.1328606291999692	98.7	100.0	present cluster priority class
mock-12	Mock 3	mock-12|Mock 3	TIC	Zotu4	SOTU505	Exact match	Exact match	100.0	Bacteroides_vulgatus__Copy4	Bacteroides_vulgatus	547.1969903571154	98.7	100.0	present cluster priority class
mock-12	Mock 3	mock-12|Mock 3	TIC	Zotu5	SOTU505	Exact match	Exact match	100.0	Bacteroides_vulgatus__Copy3	Bacteroides_vulgatus	457.8447208877888	98.7	100.0	present cluster priority class
mock-12	Mock 3	mock-12|Mock 3	TIC	Zotu6	SOTU507	Exact match	Exact match	100.0	Bacteroides_cellulosilyticus_DSM_14838	Bacteroides_cellulosilyticus	457.7608089114519	98.7	100.0	present cluster priority class
mock-12	Mock 3	mock-12|Mock 3	TIC	Zotu7	SOTU1601	Exact match	Exact match	100.0	Clostridium_xylanovorans	Clostridium_xylanovorans	392.7500052444985	98.7	100.0	present cluster priority class
mock-12	Mock 3	mock-12|Mock 3	TIC	Zotu8	SOTU1302	Exact match	Exact match	100.0	Parabacteroides_distasonis_JCM_13400	Parabacteroides_distasonis	205.7032173250261	98.7	100.0	present cluster priority class
mock-12	Mock 3	mock-12|Mock 3	TIC	Zotu9	SOTU1302	Exact match	Exact match	100.0	Parabacteroides_distasonis_JCM_13401	Parabacteroides_distasonis	182.3267392505262	98.7	100.0	present cluster priority class
mock-12	Mock 3	mock-12|Mock 3	TAC	Zotu1	OTU12	Exact match	Exact match	100.0	Bacteroides_ovatus	Bacteroides_ovatus	3828.889494919829	98.7	100.0	present cluster priority class
mock-12	Mock 3	mock-12|Mock 3	TAC	Zotu10	OTU1	Exact match	Exact match	100.0	Parabacteroides_merdae	Parabacteroides_merdae	50.42410511373569	98.7	100.0	present cluster priority class
mock-12	Mock 3	mock-12|Mock 3	TAC	Zotu11	OTU18	Exact match	Exact match	100.0	Bacteroides_uniformis	Bacteroides_uniformis	45.36141587474739	98.7	100.0	present cluster priority class
mock-12	Mock 3	mock-12|Mock 3	TAC	Zotu12	OTU24	Exact match	Exact match	100.0	Clostridium_cocleatum	Clostridium_cocleatum	34.22210101603418	98.7	100.0	present cluster priority class
mock-12	Mock 3	mock-12|Mock 3	TAC	Zotu13	OTU3	Exact match	Exact match	100.0	Coprococcus_comes_ATCC_27758	Coprococcus_comes	30.411098757403483	98.7	100.0	present cluster priority class
mock-12	Mock 3	mock-12|Mock 3	TAC	Zotu14	OTU13	Exact match	Exact match	100.0	Bacteroides_thetaiotaomicron__Copy1	Bacteroides_thetaiotaomicron	4.566210045662101	98.7	100.0	present cluster priority class
mock-12	Mock 3	mock-12|Mock 3	TAC	Zotu15	OTU5	Exact match	Exact match	100.0	Roseburia_inulinivorans_DSM_16841	Roseburia_inulinivorans	3.671148964735992	98.7	100.0	present cluster priority class
mock-12	Mock 3	mock-12|Mock 3	TAC	Zotu16	OTU10	Exact match	Exact match	100.0	Clostridium_celatum_JCM_1394	Clostridium_celatum	3.741075611683344	98.7	100.0	present cluster priority class
mock-12	Mock 3	mock-12|Mock 3	TAC	Zotu17	OTU17	Exact match	Exact match	100.0	Bacteroides_fragilis	Bacteroides_fragilis	3.1606844420203206	98.7	100.0	present cluster priority class
mock-12	Mock 3	mock-12|Mock 3	TAC	Zotu18	OTU21	No hit	No hit				1.41951093303125	98.7	100.0	present cluster priority class
mock-12	Mock 3	mock-12|Mock 3	TAC	Zotu19	OTU9	No hit	No hit				0.6782884753893166	98.7	100.0	present cluster priority class
mock-12	Mock 3	mock-12|Mock 3	TAC	Zotu2	OTU15	Exact match	Exact match	100.0	Bacteroides_vulgatus	Bacteroides_vulgatus	2793.520596893858	98.7	100.0	present cluster priority class
mock-12	Mock 3	mock-12|Mock 3	TAC	Zotu20	OTU16	Exact match	Exact match	100.0	Bacteroides_massiliensis	Bacteroides_massiliensis	0.5174571874104065	98.7	100.0	present cluster priority class
mock-12	Mock 3	mock-12|Mock 3	TAC	Zotu21	OTU19	Exact match	Exact match	100.0	Paraprevotella_clara_DSM_19731	Paraprevotella_clara	0.4475305404630542	98.7	100.0	present cluster priority class
mock-12	Mock 3	mock-12|Mock 3	TAC	Zotu22	OTU4	Exact match	Exact match	100.0	Roseburia_intestinalis_DSM_14610	Roseburia_intestinalis	0.3985818875999077	98.7	100.0	present cluster priority class
mock-12	Mock 3	mock-12|Mock 3	TAC	Zotu23	OTU7	No hit	No hit	92.913	Clostridium_phytofermentans_ATCC_700394	Clostridium_phytofermentans	0.3286552406525554	98.7	100.0	present cluster priority class
mock-12	Mock 3	mock-12|Mock 3	TAC	Zotu24	OTU23	No hit	No hit				0.251735929010468	98.7	100.0	present cluster priority class
mock-12	Mock 3	mock-12|Mock 3	TAC	Zotu25	OTU8	No hit	No hit				0.2307579349262623	98.7	100.0	present cluster priority class
mock-12	Mock 3	mock-12|Mock 3	TAC	Zotu26	OTU20	No hit	No hit				0.2727139230946737	98.7	100.0	present cluster priority class
mock-12	Mock 3	mock-12|Mock 3	TAC	Zotu27	OTU6	Near-exact match	Exact match	99.605	Eubacterium_rectale_DSM_17629	Eubacterium_rectale	0.1468459585894397	98.7	100.0	present cluster priority class
mock-12	Mock 3	mock-12|Mock 3	TAC	Zotu28	OTU6	Exact match	Exact match	100.0	Eubacterium_rectale_DSM_17629	Eubacterium_rectale	0.1678239526736453	98.7	100.0	present cluster priority class
mock-12	Mock 3	mock-12|Mock 3	TAC	Zotu29	OTU22	No hit	No hit				0.251735929010468	98.7	100.0	present cluster priority class
mock-12	Mock 3	mock-12|Mock 3	TAC	Zotu3	OTU12	Exact match	Exact match	100.0	Bacteroides_ovatus__Copy1	Bacteroides_ovatus	952.939366604432	98.7	100.0	present cluster priority class
mock-12	Mock 3	mock-12|Mock 3	TAC	Zotu30	OTU21	No hit	No hit				0.2657212583999385	98.7	100.0	present cluster priority class
mock-12	Mock 3	mock-12|Mock 3	TAC	Zotu31	OTU20	No hit	No hit				0.1328606291999692	98.7	100.0	present cluster priority class
mock-12	Mock 3	mock-12|Mock 3	TAC	Zotu4	OTU15	Exact match	Exact match	100.0	Bacteroides_vulgatus__Copy4	Bacteroides_vulgatus	547.1969903571154	98.7	100.0	present cluster priority class
mock-12	Mock 3	mock-12|Mock 3	TAC	Zotu5	OTU15	Exact match	Exact match	100.0	Bacteroides_vulgatus__Copy3	Bacteroides_vulgatus	457.8447208877888	98.7	100.0	present cluster priority class
mock-12	Mock 3	mock-12|Mock 3	TAC	Zotu6	OTU14	Exact match	Exact match	100.0	Bacteroides_cellulosilyticus_DSM_14838	Bacteroides_cellulosilyticus	457.7608089114519	98.7	100.0	present cluster priority class
mock-12	Mock 3	mock-12|Mock 3	TAC	Zotu7	OTU2	Exact match	Exact match	100.0	Clostridium_xylanovorans	Clostridium_xylanovorans	392.7500052444985	98.7	100.0	present cluster priority class
mock-12	Mock 3	mock-12|Mock 3	TAC	Zotu8	OTU11	Exact match	Exact match	100.0	Parabacteroides_distasonis_JCM_13400	Parabacteroides_distasonis	205.7032173250261	98.7	100.0	present cluster priority class
mock-12	Mock 3	mock-12|Mock 3	TAC	Zotu9	OTU11	Exact match	Exact match	100.0	Parabacteroides_distasonis_JCM_13401	Parabacteroides_distasonis	182.3267392505262	98.7	100.0	present cluster priority class
mock-13	Mock 4	mock-13|Mock 4	TIC	Zotu1	SOTU1301	Exact match	Exact match	100.0	Staphylococcus_aureus_ATCC_BAA-1718	Staphylococcus_aureus	1421.4282124729884	98.7	100.0	present cluster priority class
mock-13	Mock 4	mock-13|Mock 4	TIC	Zotu10	SOTU801	Exact match	Exact match	100.0	Streptococcus_mutans_ATCC_700610	Streptococcus_mutans	436.0018091361375	98.7	100.0	present cluster priority class
mock-13	Mock 4	mock-13|Mock 4	TIC	Zotu11	SOTU1701	Exact match	Exact match	100.0	Bacteroides_vulgatus_ATCC_8482	Bacteroides_vulgatus	419.1667923011207	98.7	100.0	present cluster priority class
mock-13	Mock 4	mock-13|Mock 4	TIC	Zotu12	SOTU1101	Exact match	Exact match	100.0	Enterococcus_faecalis_ATCC_47077	Enterococcus_faecalis	426.7048595406804	98.7	100.0	present cluster priority class
mock-13	Mock 4	mock-13|Mock 4	TIC	Zotu13	SOTU2101	Exact match	Exact match	100.0	Escherichia_coli_ATCC_700926	Escherichia_coli	362.8323031308106	98.7	100.0	present cluster priority class
mock-13	Mock 4	mock-13|Mock 4	TIC	Zotu14	SOTU2301	Exact match	Exact match	100.0	Actinomyces_odontolyticus_ATCC_17982	Actinomyces_odontolyticus	289.0597517463189	98.7	100.0	present cluster priority class
mock-13	Mock 4	mock-13|Mock 4	TIC	Zotu15	SOTU201	Exact match	Exact match	100.0	Porphyromonas_gingivalis_ATCC_33277	Porphyromonas_gingivalis	218.75471129202472	98.7	100.0	present cluster priority class
mock-13	Mock 4	mock-13|Mock 4	TIC	Zotu16	SOTU301	Exact match	Exact match	100.0	Rhodobacter_sphaeroides_ATCC_17023	Rhodobacter_sphaeroides	223.9811045781195	98.7	100.0	present cluster priority class
mock-13	Mock 4	mock-13|Mock 4	TIC	Zotu17	SOTU802	Exact match	Exact match	100.0	Streptococcus_agalactiae_ATCC_BAA-611	Streptococcus_agalactiae	202.02020202020205	98.7	100.0	present cluster priority class
mock-13	Mock 4	mock-13|Mock 4	TIC	Zotu18	SOTU2401	Exact match	Exact match	100.0	Lactobacillus_gasseri_DSM_20243	Lactobacillus_gasseri	141.0121111613649	98.7	100.0	present cluster priority class
mock-13	Mock 4	mock-13|Mock 4	TIC	Zotu19	SOTU1701	Exact match	Exact match	100.0	Bacteroides_vulgatus_ATCC_8482__Copy3	Bacteroides_vulgatus	77.08930096989798	98.7	100.0	present cluster priority class
mock-13	Mock 4	mock-13|Mock 4	TIC	Zotu2	SOTU1401	Exact match	Exact match	100.0	Bacillus_cereus_ATCC_10987	Bacillus_cereus	1086.1349816573695	98.7	100.0	present cluster priority class
mock-13	Mock 4	mock-13|Mock 4	TIC	Zotu20	SOTU1701	Exact match	Exact match	100.0	Bacteroides_vulgatus_ATCC_8482__Copy4	Bacteroides_vulgatus	67.23955977687321	98.7	100.0	present cluster priority class
mock-13	Mock 4	mock-13|Mock 4	TIC	Zotu21	SOTU2201	No hit	No hit				35.981707623498664	98.7	100.0	present cluster priority class
mock-13	Mock 4	mock-13|Mock 4	TIC	Zotu22	SOTU803	Exact match	Exact match	100.0	Streptococcus_pneumoniae_ATCC_BAA-334	Streptococcus_pneumoniae	38.44414292175486	98.7	100.0	present cluster priority class
mock-13	Mock 4	mock-13|Mock 4	TIC	Zotu23	SOTU2201	No hit	No hit				16.28222523744912	98.7	100.0	present cluster priority class
mock-13	Mock 4	mock-13|Mock 4	TIC	Zotu24	SOTU901	No hit	No hit				3.5680184933916275	98.7	100.0	present cluster priority class
mock-13	Mock 4	mock-13|Mock 4	TIC	Zotu25	SOTU1601	No hit	No hit				1.3065983215236945	98.7	100.0	present cluster priority class
mock-13	Mock 4	mock-13|Mock 4	TIC	Zotu26	SOTU1801	Exact match	Exact match	100.0	Propionibacterium_acnes_DSM16379	Propionibacterium_acnes	2.3116739534649984	98.7	100.0	present cluster priority class
mock-13	Mock 4	mock-13|Mock 4	TIC	Zotu27	SOTU1702	No hit	No hit	94.466	Bacteroides_vulgatus_ATCC_8482__Copy3	Bacteroides_vulgatus	1.105583195135434	98.7	100.0	present cluster priority class
mock-13	Mock 4	mock-13|Mock 4	TIC	Zotu28	SOTU701	No hit	No hit				0.7035529423589125	98.7	100.0	present cluster priority class
mock-13	Mock 4	mock-13|Mock 4	TIC	Zotu29	SOTU1001	No hit	No hit				0.6532991607618472	98.7	100.0	present cluster priority class
mock-13	Mock 4	mock-13|Mock 4	TIC	Zotu3	SOTU501	Exact match	Exact match	100.0	Acinetobacter_baumannii_ATCC_17978	Acinetobacter_baumannii	894.0147746117894	98.7	100.0	present cluster priority class
mock-13	Mock 4	mock-13|Mock 4	TIC	Zotu30	SOTU601	No hit	No hit				0.4020302527765214	98.7	100.0	present cluster priority class
mock-13	Mock 4	mock-13|Mock 4	TIC	Zotu31	SOTU1601	No hit	No hit				0.4522840343735866	98.7	100.0	present cluster priority class
mock-13	Mock 4	mock-13|Mock 4	TIC	Zotu4	SOTU1501	Exact match	Exact match	100.0	Neisseria_meningitidis_ATCC_BAA-335	Neisseria_meningitidis	722.4986180210061	98.7	100.0	present cluster priority class
mock-13	Mock 4	mock-13|Mock 4	TIC	Zotu5	SOTU1201	Exact match	Exact match	100.0	Deinococcus_radiodurans_DSM_20539_	Deinococcus_radiodurans	669.6316397808935	98.7	100.0	present cluster priority class
mock-13	Mock 4	mock-13|Mock 4	TIC	Zotu6	SOTU101	Exact match	Exact match	100.0	Clostridium_beijerinckii_ATCC_51743	Clostridium_beijerinckii	719.8854213779588	98.7	100.0	present cluster priority class
mock-13	Mock 4	mock-13|Mock 4	TIC	Zotu7	SOTU1901	Exact match	Exact match	100.0	Helicobacter_pylori_ATCC_700392	Helicobacter_pylori	563.9981908638625	98.7	100.0	present cluster priority class
mock-13	Mock 4	mock-13|Mock 4	TIC	Zotu8	SOTU401	Exact match	Exact match	100.0	Listeria_monocytogenes_ATCC_BAA-679	Listeria_monocytogenes	492.8890899040153	98.7	100.0	present cluster priority class
mock-13	Mock 4	mock-13|Mock 4	TIC	Zotu9	SOTU2001	Exact match	Exact match	100.0	Pseudomonas_aeruginosa_ATCC_47085	Pseudomonas_aeruginosa	464.4454495200764	98.7	100.0	present cluster priority class
mock-13	Mock 4	mock-13|Mock 4	TAC	Zotu1	OTU21	Exact match	Exact match	100.0	Staphylococcus_aureus_ATCC_BAA-1718	Staphylococcus_aureus	1421.4282124729884	98.7	100.0	present cluster priority class
mock-13	Mock 4	mock-13|Mock 4	TAC	Zotu10	OTU25	Exact match	Exact match	100.0	Streptococcus_mutans_ATCC_700610	Streptococcus_mutans	436.0018091361375	98.7	100.0	present cluster priority class
mock-13	Mock 4	mock-13|Mock 4	TAC	Zotu11	OTU5	Exact match	Exact match	100.0	Bacteroides_vulgatus_ATCC_8482	Bacteroides_vulgatus	419.1667923011207	98.7	100.0	present cluster priority class
mock-13	Mock 4	mock-13|Mock 4	TAC	Zotu12	OTU2	Exact match	Exact match	100.0	Enterococcus_faecalis_ATCC_47077	Enterococcus_faecalis	426.7048595406804	98.7	100.0	present cluster priority class
mock-13	Mock 4	mock-13|Mock 4	TAC	Zotu13	OTU12	Exact match	Exact match	100.0	Escherichia_coli_ATCC_700926	Escherichia_coli	362.8323031308106	98.7	100.0	present cluster priority class
mock-13	Mock 4	mock-13|Mock 4	TAC	Zotu14	OTU6	Exact match	Exact match	100.0	Actinomyces_odontolyticus_ATCC_17982	Actinomyces_odontolyticus	289.0597517463189	98.7	100.0	present cluster priority class
mock-13	Mock 4	mock-13|Mock 4	TAC	Zotu15	OTU18	Exact match	Exact match	100.0	Porphyromonas_gingivalis_ATCC_33277	Porphyromonas_gingivalis	218.75471129202472	98.7	100.0	present cluster priority class
mock-13	Mock 4	mock-13|Mock 4	TAC	Zotu16	OTU17	Exact match	Exact match	100.0	Rhodobacter_sphaeroides_ATCC_17023	Rhodobacter_sphaeroides	223.9811045781195	98.7	100.0	present cluster priority class
mock-13	Mock 4	mock-13|Mock 4	TAC	Zotu17	OTU26	Exact match	Exact match	100.0	Streptococcus_agalactiae_ATCC_BAA-611	Streptococcus_agalactiae	202.02020202020205	98.7	100.0	present cluster priority class
mock-13	Mock 4	mock-13|Mock 4	TAC	Zotu18	OTU8	Exact match	Exact match	100.0	Lactobacillus_gasseri_DSM_20243	Lactobacillus_gasseri	141.0121111613649	98.7	100.0	present cluster priority class
mock-13	Mock 4	mock-13|Mock 4	TAC	Zotu19	OTU5	Exact match	Exact match	100.0	Bacteroides_vulgatus_ATCC_8482__Copy3	Bacteroides_vulgatus	77.08930096989798	98.7	100.0	present cluster priority class
mock-13	Mock 4	mock-13|Mock 4	TAC	Zotu2	OTU20	Exact match	Exact match	100.0	Bacillus_cereus_ATCC_10987	Bacillus_cereus	1086.1349816573695	98.7	100.0	present cluster priority class
mock-13	Mock 4	mock-13|Mock 4	TAC	Zotu20	OTU5	Exact match	Exact match	100.0	Bacteroides_vulgatus_ATCC_8482__Copy4	Bacteroides_vulgatus	67.23955977687321	98.7	100.0	present cluster priority class
mock-13	Mock 4	mock-13|Mock 4	TAC	Zotu21	OTU3	No hit	No hit				35.981707623498664	98.7	100.0	present cluster priority class
mock-13	Mock 4	mock-13|Mock 4	TAC	Zotu22	OTU24	Exact match	Exact match	100.0	Streptococcus_pneumoniae_ATCC_BAA-334	Streptococcus_pneumoniae	38.44414292175486	98.7	100.0	present cluster priority class
mock-13	Mock 4	mock-13|Mock 4	TAC	Zotu23	OTU3	No hit	No hit				16.28222523744912	98.7	100.0	present cluster priority class
mock-13	Mock 4	mock-13|Mock 4	TAC	Zotu24	OTU22	No hit	No hit				3.5680184933916275	98.7	100.0	present cluster priority class
mock-13	Mock 4	mock-13|Mock 4	TAC	Zotu25	OTU7	No hit	No hit				1.3065983215236945	98.7	100.0	present cluster priority class
mock-13	Mock 4	mock-13|Mock 4	TAC	Zotu26	OTU9	Exact match	Exact match	100.0	Propionibacterium_acnes_DSM16379	Propionibacterium_acnes	2.3116739534649984	98.7	100.0	present cluster priority class
mock-13	Mock 4	mock-13|Mock 4	TAC	Zotu27	OTU4	No hit	No hit	94.466	Bacteroides_vulgatus_ATCC_8482__Copy3	Bacteroides_vulgatus	1.105583195135434	98.7	100.0	present cluster priority class
mock-13	Mock 4	mock-13|Mock 4	TAC	Zotu28	OTU10	No hit	No hit				0.7035529423589125	98.7	100.0	present cluster priority class
mock-13	Mock 4	mock-13|Mock 4	TAC	Zotu29	OTU23	No hit	No hit				0.6532991607618472	98.7	100.0	present cluster priority class
mock-13	Mock 4	mock-13|Mock 4	TAC	Zotu3	OTU13	Exact match	Exact match	100.0	Acinetobacter_baumannii_ATCC_17978	Acinetobacter_baumannii	894.0147746117894	98.7	100.0	present cluster priority class
mock-13	Mock 4	mock-13|Mock 4	TAC	Zotu30	OTU27	No hit	No hit				0.4020302527765214	98.7	100.0	present cluster priority class
mock-13	Mock 4	mock-13|Mock 4	TAC	Zotu31	OTU7	No hit	No hit				0.4522840343735866	98.7	100.0	present cluster priority class
mock-13	Mock 4	mock-13|Mock 4	TAC	Zotu4	OTU19	Exact match	Exact match	100.0	Neisseria_meningitidis_ATCC_BAA-335	Neisseria_meningitidis	722.4986180210061	98.7	100.0	present cluster priority class
mock-13	Mock 4	mock-13|Mock 4	TAC	Zotu5	OTU14	Exact match	Exact match	100.0	Deinococcus_radiodurans_DSM_20539_	Deinococcus_radiodurans	669.6316397808935	98.7	100.0	present cluster priority class
mock-13	Mock 4	mock-13|Mock 4	TAC	Zotu6	OTU15	Exact match	Exact match	100.0	Clostridium_beijerinckii_ATCC_51743	Clostridium_beijerinckii	719.8854213779588	98.7	100.0	present cluster priority class
mock-13	Mock 4	mock-13|Mock 4	TAC	Zotu7	OTU1	Exact match	Exact match	100.0	Helicobacter_pylori_ATCC_700392	Helicobacter_pylori	563.9981908638625	98.7	100.0	present cluster priority class
mock-13	Mock 4	mock-13|Mock 4	TAC	Zotu8	OTU16	Exact match	Exact match	100.0	Listeria_monocytogenes_ATCC_BAA-679	Listeria_monocytogenes	492.8890899040153	98.7	100.0	present cluster priority class
mock-13	Mock 4	mock-13|Mock 4	TAC	Zotu9	OTU11	Exact match	Exact match	100.0	Pseudomonas_aeruginosa_ATCC_47085	Pseudomonas_aeruginosa	464.4454495200764	98.7	100.0	present cluster priority class
mock-14	Mock 5	mock-14|Mock 5	TIC	Zotu1	SOTU2501	Exact match	Exact match	100.0	Staphylococcus_aureus_ATCC_BAA-1718	Staphylococcus_aureus	1463.9108438507103	98.7	100.0	present cluster priority class
mock-14	Mock 5	mock-14|Mock 5	TIC	Zotu10	SOTU1101	Exact match	Exact match	100.0	Bacteroides_vulgatus_ATCC_8482	Bacteroides_vulgatus	406.7119168932179	98.7	100.0	present cluster priority class
mock-14	Mock 5	mock-14|Mock 5	TIC	Zotu11	SOTU1701	Exact match	Exact match	100.0	Streptococcus_mutans_ATCC_700610	Streptococcus_mutans	414.5736936547659	98.7	100.0	present cluster priority class
mock-14	Mock 5	mock-14|Mock 5	TIC	Zotu12	SOTU1501	Exact match	Exact match	100.0	Enterococcus_faecalis_ATCC_47077	Enterococcus_faecalis	397.7698959964952	98.7	100.0	present cluster priority class
mock-14	Mock 5	mock-14|Mock 5	TIC	Zotu13	SOTU1901	Exact match	Exact match	100.0	Escherichia_coli_ATCC_700926	Escherichia_coli	303.48858842098315	98.7	100.0	present cluster priority class
mock-14	Mock 5	mock-14|Mock 5	TIC	Zotu14	SOTU2401	Exact match	Exact match	100.0	Actinomyces_odontolyticus_ATCC_17982	Actinomyces_odontolyticus	266.4602200097222	98.7	100.0	present cluster priority class
mock-14	Mock 5	mock-14|Mock 5	TIC	Zotu15	SOTU901	Exact match	Exact match	100.0	Rhodobacter_sphaeroides_ATCC_17023	Rhodobacter_sphaeroides	256.97807704541225	98.7	100.0	present cluster priority class
mock-14	Mock 5	mock-14|Mock 5	TIC	Zotu16	SOTU1301	Exact match	Exact match	100.0	Porphyromonas_gingivalis_ATCC_33277	Porphyromonas_gingivalis	215.44869140425732	98.7	100.0	present cluster priority class
mock-14	Mock 5	mock-14|Mock 5	TIC	Zotu17	SOTU1702	Exact match	Exact match	100.0	Streptococcus_agalactiae_ATCC_BAA-611	Streptococcus_agalactiae	165.69744762316284	98.7	100.0	present cluster priority class
mock-14	Mock 5	mock-14|Mock 5	TIC	Zotu18	SOTU2201	Exact match	Exact match	100.0	Lactobacillus_gasseri_DSM_20243	Lactobacillus_gasseri	131.42970311290352	98.7	100.0	present cluster priority class
mock-14	Mock 5	mock-14|Mock 5	TIC	Zotu19	SOTU1101	Exact match	Exact match	100.0	Bacteroides_vulgatus_ATCC_8482__Copy3	Bacteroides_vulgatus	77.3574827911108	98.7	100.0	present cluster priority class
mock-14	Mock 5	mock-14|Mock 5	TIC	Zotu2	SOTU2301	Exact match	Exact match	100.0	Bacillus_cereus_ATCC_10987	Bacillus_cereus	1140.0776575506063	98.7	100.0	present cluster priority class
mock-14	Mock 5	mock-14|Mock 5	TIC	Zotu20	SOTU101	No hit	No hit				64.5145802951467	98.7	100.0	present cluster priority class
mock-14	Mock 5	mock-14|Mock 5	TIC	Zotu21	SOTU1101	Exact match	Exact match	100.0	Bacteroides_vulgatus_ATCC_8482__Copy4	Bacteroides_vulgatus	64.03447179062468	98.7	100.0	present cluster priority class
mock-14	Mock 5	mock-14|Mock 5	TIC	Zotu22	SOTU101	No hit	No hit				31.50712060925769	98.7	100.0	present cluster priority class
mock-14	Mock 5	mock-14|Mock 5	TIC	Zotu23	SOTU1703	Exact match	Exact match	100.0	Streptococcus_pneumoniae_ATCC_BAA-334	Streptococcus_pneumoniae	34.62782588865084	98.7	100.0	present cluster priority class
mock-14	Mock 5	mock-14|Mock 5	TIC	Zotu24	SOTU3001	No hit	No hit				7.86177676154811	98.7	100.0	present cluster priority class
mock-14	Mock 5	mock-14|Mock 5	TIC	Zotu25	SOTU2101	Exact match	Exact match	100.0	Propionibacterium_acnes_DSM16379	Propionibacterium_acnes	3.180718842458395	98.7	100.0	present cluster priority class
mock-14	Mock 5	mock-14|Mock 5	TIC	Zotu26	SOTU2001	No hit	No hit				1.680379765827077	98.7	100.0	present cluster priority class
mock-14	Mock 5	mock-14|Mock 5	TIC	Zotu27	SOTU1201	No hit	No hit				1.3202983874355605	98.7	100.0	present cluster priority class
mock-14	Mock 5	mock-14|Mock 5	TIC	Zotu28	SOTU1102	No hit	No hit	94.466	Bacteroides_vulgatus_ATCC_8482__Copy3	Bacteroides_vulgatus	1.8604204550228352	98.7	100.0	present cluster priority class
mock-14	Mock 5	mock-14|Mock 5	TIC	Zotu29	SOTU1103	No hit	No hit	92.126	Bacteroides_vulgatus_ATCC_8482__Copy3	Bacteroides_vulgatus	1.8604204550228352	98.7	100.0	present cluster priority class
mock-14	Mock 5	mock-14|Mock 5	TIC	Zotu3	SOTU301	Exact match	Exact match	100.0	Acinetobacter_baumannii_ATCC_17978	Acinetobacter_baumannii	815.5843220567849	98.7	100.0	present cluster priority class
mock-14	Mock 5	mock-14|Mock 5	TIC	Zotu30	SOTU1801	No hit	No hit				1.440325513566066	98.7	100.0	present cluster priority class
mock-14	Mock 5	mock-14|Mock 5	TIC	Zotu31	SOTU1202	No hit	No hit				1.9804475811533409	98.7	100.0	present cluster priority class
mock-14	Mock 5	mock-14|Mock 5	TIC	Zotu32	SOTU2601	No hit	No hit				0.9602170090440438	98.7	100.0	present cluster priority class
mock-14	Mock 5	mock-14|Mock 5	TIC	Zotu33	SOTU1104	No hit	No hit	91.304	Bacteroides_vulgatus_ATCC_8482__Copy3	Bacteroides_vulgatus	0.9602170090440438	98.7	100.0	present cluster priority class
mock-14	Mock 5	mock-14|Mock 5	TIC	Zotu34	SOTU2801	No hit	No hit				0.8401898829135385	98.7	100.0	present cluster priority class
mock-14	Mock 5	mock-14|Mock 5	TIC	Zotu35	SOTU501	No hit	No hit				0.720162756783033	98.7	100.0	present cluster priority class
mock-14	Mock 5	mock-14|Mock 5	TIC	Zotu36	SOTU1001	No hit	No hit				0.6001356306525274	98.7	100.0	present cluster priority class
mock-14	Mock 5	mock-14|Mock 5	TIC	Zotu37	SOTU701	No hit	No hit				0.6601491937177801	98.7	100.0	present cluster priority class
mock-14	Mock 5	mock-14|Mock 5	TIC	Zotu38	SOTU801	No hit	No hit				0.6001356306525274	98.7	100.0	present cluster priority class
mock-14	Mock 5	mock-14|Mock 5	TIC	Zotu39	SOTU1601	No hit	No hit				0.6001356306525274	98.7	100.0	present cluster priority class
mock-14	Mock 5	mock-14|Mock 5	TIC	Zotu4	SOTU201	Exact match	Exact match	100.0	Deinococcus_radiodurans_DSM_20539_	Deinococcus_radiodurans	759.7116948430345	98.7	100.0	present cluster priority class
mock-14	Mock 5	mock-14|Mock 5	TIC	Zotu5	SOTU401	Exact match	Exact match	100.0	Clostridium_beijerinckii_ATCC_51743	Clostridium_beijerinckii	747.3489008515925	98.7	100.0	present cluster priority class
mock-14	Mock 5	mock-14|Mock 5	TIC	Zotu6	SOTU2901	Exact match	Exact match	100.0	Neisseria_meningitidis_ATCC_BAA-335	Neisseria_meningitidis	677.8531948220299	98.7	100.0	present cluster priority class
mock-14	Mock 5	mock-14|Mock 5	TIC	Zotu7	SOTU2701	Exact match	Exact match	100.0	Listeria_monocytogenes_ATCC_BAA-679	Listeria_monocytogenes	593.2340709000234	98.7	100.0	present cluster priority class
mock-14	Mock 5	mock-14|Mock 5	TIC	Zotu8	SOTU601	Exact match	Exact match	100.0	Pseudomonas_aeruginosa_ATCC_47085	Pseudomonas_aeruginosa	474.887324535345	98.7	100.0	present cluster priority class
mock-14	Mock 5	mock-14|Mock 5	TIC	Zotu9	SOTU1401	Exact match	Exact match	100.0	Helicobacter_pylori_ATCC_700392	Helicobacter_pylori	469.666144548668	98.7	100.0	present cluster priority class
mock-14	Mock 5	mock-14|Mock 5	TAC	Zotu1	OTU21	Exact match	Exact match	100.0	Staphylococcus_aureus_ATCC_BAA-1718	Staphylococcus_aureus	1463.9108438507103	98.7	100.0	present cluster priority class
mock-14	Mock 5	mock-14|Mock 5	TAC	Zotu10	OTU19	Exact match	Exact match	100.0	Bacteroides_vulgatus_ATCC_8482	Bacteroides_vulgatus	406.7119168932179	98.7	100.0	present cluster priority class
mock-14	Mock 5	mock-14|Mock 5	TAC	Zotu11	OTU33	Exact match	Exact match	100.0	Streptococcus_mutans_ATCC_700610	Streptococcus_mutans	414.5736936547659	98.7	100.0	present cluster priority class
mock-14	Mock 5	mock-14|Mock 5	TAC	Zotu12	OTU24	Exact match	Exact match	100.0	Enterococcus_faecalis_ATCC_47077	Enterococcus_faecalis	397.7698959964952	98.7	100.0	present cluster priority class
mock-14	Mock 5	mock-14|Mock 5	TAC	Zotu13	OTU28	Exact match	Exact match	100.0	Escherichia_coli_ATCC_700926	Escherichia_coli	303.48858842098315	98.7	100.0	present cluster priority class
mock-14	Mock 5	mock-14|Mock 5	TAC	Zotu14	OTU23	Exact match	Exact match	100.0	Actinomyces_odontolyticus_ATCC_17982	Actinomyces_odontolyticus	266.4602200097222	98.7	100.0	present cluster priority class
mock-14	Mock 5	mock-14|Mock 5	TAC	Zotu15	OTU27	Exact match	Exact match	100.0	Rhodobacter_sphaeroides_ATCC_17023	Rhodobacter_sphaeroides	256.97807704541225	98.7	100.0	present cluster priority class
mock-14	Mock 5	mock-14|Mock 5	TAC	Zotu16	OTU25	Exact match	Exact match	100.0	Porphyromonas_gingivalis_ATCC_33277	Porphyromonas_gingivalis	215.44869140425732	98.7	100.0	present cluster priority class
mock-14	Mock 5	mock-14|Mock 5	TAC	Zotu17	OTU34	Exact match	Exact match	100.0	Streptococcus_agalactiae_ATCC_BAA-611	Streptococcus_agalactiae	165.69744762316284	98.7	100.0	present cluster priority class
mock-14	Mock 5	mock-14|Mock 5	TAC	Zotu18	OTU15	Exact match	Exact match	100.0	Lactobacillus_gasseri_DSM_20243	Lactobacillus_gasseri	131.42970311290352	98.7	100.0	present cluster priority class
mock-14	Mock 5	mock-14|Mock 5	TAC	Zotu19	OTU19	Exact match	Exact match	100.0	Bacteroides_vulgatus_ATCC_8482__Copy3	Bacteroides_vulgatus	77.3574827911108	98.7	100.0	present cluster priority class
mock-14	Mock 5	mock-14|Mock 5	TAC	Zotu2	OTU30	Exact match	Exact match	100.0	Bacillus_cereus_ATCC_10987	Bacillus_cereus	1140.0776575506063	98.7	100.0	present cluster priority class
mock-14	Mock 5	mock-14|Mock 5	TAC	Zotu20	OTU8	No hit	No hit				64.5145802951467	98.7	100.0	present cluster priority class
mock-14	Mock 5	mock-14|Mock 5	TAC	Zotu21	OTU19	Exact match	Exact match	100.0	Bacteroides_vulgatus_ATCC_8482__Copy4	Bacteroides_vulgatus	64.03447179062468	98.7	100.0	present cluster priority class
mock-14	Mock 5	mock-14|Mock 5	TAC	Zotu22	OTU8	No hit	No hit				31.50712060925769	98.7	100.0	present cluster priority class
mock-14	Mock 5	mock-14|Mock 5	TAC	Zotu23	OTU32	Exact match	Exact match	100.0	Streptococcus_pneumoniae_ATCC_BAA-334	Streptococcus_pneumoniae	34.62782588865084	98.7	100.0	present cluster priority class
mock-14	Mock 5	mock-14|Mock 5	TAC	Zotu24	OTU35	No hit	No hit				7.86177676154811	98.7	100.0	present cluster priority class
mock-14	Mock 5	mock-14|Mock 5	TAC	Zotu25	OTU14	Exact match	Exact match	100.0	Propionibacterium_acnes_DSM16379	Propionibacterium_acnes	3.180718842458395	98.7	100.0	present cluster priority class
mock-14	Mock 5	mock-14|Mock 5	TAC	Zotu26	OTU3	No hit	No hit				1.680379765827077	98.7	100.0	present cluster priority class
mock-14	Mock 5	mock-14|Mock 5	TAC	Zotu27	OTU2	No hit	No hit				1.3202983874355605	98.7	100.0	present cluster priority class
mock-14	Mock 5	mock-14|Mock 5	TAC	Zotu28	OTU7	No hit	No hit	94.466	Bacteroides_vulgatus_ATCC_8482__Copy3	Bacteroides_vulgatus	1.8604204550228352	98.7	100.0	present cluster priority class
mock-14	Mock 5	mock-14|Mock 5	TAC	Zotu29	OTU9	No hit	No hit	92.126	Bacteroides_vulgatus_ATCC_8482__Copy3	Bacteroides_vulgatus	1.8604204550228352	98.7	100.0	present cluster priority class
mock-14	Mock 5	mock-14|Mock 5	TAC	Zotu3	OTU29	Exact match	Exact match	100.0	Acinetobacter_baumannii_ATCC_17978	Acinetobacter_baumannii	815.5843220567849	98.7	100.0	present cluster priority class
mock-14	Mock 5	mock-14|Mock 5	TAC	Zotu30	OTU5	No hit	No hit				1.440325513566066	98.7	100.0	present cluster priority class
mock-14	Mock 5	mock-14|Mock 5	TAC	Zotu31	OTU4	No hit	No hit				1.9804475811533409	98.7	100.0	present cluster priority class
mock-14	Mock 5	mock-14|Mock 5	TAC	Zotu32	OTU17	No hit	No hit				0.9602170090440438	98.7	100.0	present cluster priority class
mock-14	Mock 5	mock-14|Mock 5	TAC	Zotu33	OTU6	No hit	No hit	91.304	Bacteroides_vulgatus_ATCC_8482__Copy3	Bacteroides_vulgatus	0.9602170090440438	98.7	100.0	present cluster priority class
mock-14	Mock 5	mock-14|Mock 5	TAC	Zotu34	OTU36	No hit	No hit				0.8401898829135385	98.7	100.0	present cluster priority class
mock-14	Mock 5	mock-14|Mock 5	TAC	Zotu35	OTU16	No hit	No hit				0.720162756783033	98.7	100.0	present cluster priority class
mock-14	Mock 5	mock-14|Mock 5	TAC	Zotu36	OTU11	No hit	No hit				0.6001356306525274	98.7	100.0	present cluster priority class
mock-14	Mock 5	mock-14|Mock 5	TAC	Zotu37	OTU10	No hit	No hit				0.6601491937177801	98.7	100.0	present cluster priority class
mock-14	Mock 5	mock-14|Mock 5	TAC	Zotu38	OTU13	No hit	No hit				0.6001356306525274	98.7	100.0	present cluster priority class
mock-14	Mock 5	mock-14|Mock 5	TAC	Zotu39	OTU12	No hit	No hit				0.6001356306525274	98.7	100.0	present cluster priority class
mock-14	Mock 5	mock-14|Mock 5	TAC	Zotu4	OTU22	Exact match	Exact match	100.0	Deinococcus_radiodurans_DSM_20539_	Deinococcus_radiodurans	759.7116948430345	98.7	100.0	present cluster priority class
mock-14	Mock 5	mock-14|Mock 5	TAC	Zotu5	OTU31	Exact match	Exact match	100.0	Clostridium_beijerinckii_ATCC_51743	Clostridium_beijerinckii	747.3489008515925	98.7	100.0	present cluster priority class
mock-14	Mock 5	mock-14|Mock 5	TAC	Zotu6	OTU18	Exact match	Exact match	100.0	Neisseria_meningitidis_ATCC_BAA-335	Neisseria_meningitidis	677.8531948220299	98.7	100.0	present cluster priority class
mock-14	Mock 5	mock-14|Mock 5	TAC	Zotu7	OTU26	Exact match	Exact match	100.0	Listeria_monocytogenes_ATCC_BAA-679	Listeria_monocytogenes	593.2340709000234	98.7	100.0	present cluster priority class
mock-14	Mock 5	mock-14|Mock 5	TAC	Zotu8	OTU20	Exact match	Exact match	100.0	Pseudomonas_aeruginosa_ATCC_47085	Pseudomonas_aeruginosa	474.887324535345	98.7	100.0	present cluster priority class
mock-14	Mock 5	mock-14|Mock 5	TAC	Zotu9	OTU1	Exact match	Exact match	100.0	Helicobacter_pylori_ATCC_700392	Helicobacter_pylori	469.666144548668	98.7	100.0	present cluster priority class
mock-15	Mock 6	mock-15|Mock 6	TIC	Zotu1	SOTU1901	Exact match	Exact match	100.0	Staphylococcus_aureus_ATCC_BAA-1718	Staphylococcus_aureus	1275.2586201629017	98.7	100.0	present cluster priority class
mock-15	Mock 6	mock-15|Mock 6	TIC	Zotu10	SOTU1501	Exact match	Exact match	100.0	Listeria_monocytogenes_ATCC_BAA-679	Listeria_monocytogenes	444.2828598837813	98.7	100.0	present cluster priority class
mock-15	Mock 6	mock-15|Mock 6	TIC	Zotu11	SOTU2401	Exact match	Exact match	100.0	Bacteroides_vulgatus_ATCC_8482	Bacteroides_vulgatus	352.07782129698086	98.7	100.0	present cluster priority class
mock-15	Mock 6	mock-15|Mock 6	TIC	Zotu12	SOTU801	Exact match	Exact match	100.0	Escherichia_coli_ATCC_700926	Escherichia_coli	359.7462986612244	98.7	100.0	present cluster priority class
mock-15	Mock 6	mock-15|Mock 6	TIC	Zotu13	SOTU601	Exact match	Exact match	100.0	Enterococcus_faecalis_ATCC_47077	Enterococcus_faecalis	368.6368441313234	98.7	100.0	present cluster priority class
mock-15	Mock 6	mock-15|Mock 6	TIC	Zotu14	SOTU1301	Exact match	Exact match	100.0	Actinomyces_odontolyticus_ATCC_17982	Actinomyces_odontolyticus	301.5758568225007	98.7	100.0	present cluster priority class
mock-15	Mock 6	mock-15|Mock 6	TIC	Zotu15	SOTU1201	Exact match	Exact match	100.0	Rhodobacter_sphaeroides_ATCC_17023	Rhodobacter_sphaeroides	212.02881636593608	98.7	100.0	present cluster priority class
mock-15	Mock 6	mock-15|Mock 6	TIC	Zotu16	SOTU501	Exact match	Exact match	100.0	Porphyromonas_gingivalis_ATCC_33277	Porphyromonas_gingivalis	167.08726177309862	98.7	100.0	present cluster priority class
mock-15	Mock 6	mock-15|Mock 6	TIC	Zotu17	SOTU1101	Exact match	Exact match	100.0	Lactobacillus_gasseri_DSM_20243	Lactobacillus_gasseri	149.94775658847468	98.7	100.0	present cluster priority class
mock-15	Mock 6	mock-15|Mock 6	TIC	Zotu18	SOTU2001	Exact match	Exact match	100.0	Streptococcus_agalactiae_ATCC_BAA-611	Streptococcus_agalactiae	153.3389955822238	98.7	100.0	present cluster priority class
mock-15	Mock 6	mock-15|Mock 6	TIC	Zotu19	SOTU2401	Exact match	Exact match	100.0	Bacteroides_vulgatus_ATCC_8482__Copy3	Bacteroides_vulgatus	67.94698668556798	98.7	100.0	present cluster priority class
mock-15	Mock 6	mock-15|Mock 6	TIC	Zotu2	SOTU301	Exact match	Exact match	100.0	Acinetobacter_baumannii_ATCC_17978	Acinetobacter_baumannii	1016.7301123691624	98.7	100.0	present cluster priority class
mock-15	Mock 6	mock-15|Mock 6	TIC	Zotu20	SOTU2401	Exact match	Exact match	100.0	Bacteroides_vulgatus_ATCC_8482__Copy4	Bacteroides_vulgatus	56.94837373286813	98.7	100.0	present cluster priority class
mock-15	Mock 6	mock-15|Mock 6	TIC	Zotu21	SOTU2002	Exact match	Exact match	100.0	Streptococcus_pneumoniae_ATCC_BAA-334	Streptococcus_pneumoniae	33.45411439779539	98.7	100.0	present cluster priority class
mock-15	Mock 6	mock-15|Mock 6	TIC	Zotu22	SOTU1001	No hit	No hit				25.144051277977724	98.7	100.0	present cluster priority class
mock-15	Mock 6	mock-15|Mock 6	TIC	Zotu23	SOTU1001	No hit	No hit				10.020958468015422	98.7	100.0	present cluster priority class
mock-15	Mock 6	mock-15|Mock 6	TIC	Zotu24	SOTU1601	No hit	No hit				2.3524811037719133	98.7	100.0	present cluster priority class
mock-15	Mock 6	mock-15|Mock 6	TIC	Zotu25	SOTU2601	Exact match	Exact match	100.0	Propionibacterium_acnes_DSM16379	Propionibacterium_acnes	1.5275851323194245	98.7	100.0	present cluster priority class
mock-15	Mock 6	mock-15|Mock 6	TIC	Zotu26	SOTU2501	No hit	No hit				0.6110340529277696	98.7	100.0	present cluster priority class
mock-15	Mock 6	mock-15|Mock 6	TIC	Zotu27	SOTU2402	No hit	No hit	92.126	Bacteroides_vulgatus_ATCC_8482__Copy3	Bacteroides_vulgatus	0.9776544846844316	98.7	100.0	present cluster priority class
mock-15	Mock 6	mock-15|Mock 6	TIC	Zotu28	SOTU2403	No hit	No hit	94.466	Bacteroides_vulgatus_ATCC_8482__Copy3	Bacteroides_vulgatus	0.5193789449886042	98.7	100.0	present cluster priority class
mock-15	Mock 6	mock-15|Mock 6	TIC	Zotu29	SOTU201	No hit	No hit				0.3666204317566618	98.7	100.0	present cluster priority class
mock-15	Mock 6	mock-15|Mock 6	TIC	Zotu3	SOTU901	Exact match	Exact match	100.0	Bacillus_cereus_ATCC_10987	Bacillus_cereus	1014.6220448865616	98.7	100.0	present cluster priority class
mock-15	Mock 6	mock-15|Mock 6	TIC	Zotu30	SOTU2601	Near-exact match	Exact match	98.814	Propionibacterium_acnes_DSM16379	Propionibacterium_acnes	0.4582755396958272	98.7	100.0	present cluster priority class
mock-15	Mock 6	mock-15|Mock 6	TIC	Zotu31	SOTU2101	No hit	No hit				1.4970334296730357	98.7	100.0	present cluster priority class
mock-15	Mock 6	mock-15|Mock 6	TIC	Zotu32	SOTU1801	No hit	No hit				0.5193789449886042	98.7	100.0	present cluster priority class
mock-15	Mock 6	mock-15|Mock 6	TIC	Zotu33	SOTU101	No hit	No hit				0.3360687291102733	98.7	100.0	present cluster priority class
mock-15	Mock 6	mock-15|Mock 6	TIC	Zotu34	SOTU1802	No hit	No hit				0.5804823502813812	98.7	100.0	present cluster priority class
mock-15	Mock 6	mock-15|Mock 6	TIC	Zotu35	SOTU1701	No hit	No hit				0.3360687291102733	98.7	100.0	present cluster priority class
mock-15	Mock 6	mock-15|Mock 6	TIC	Zotu4	SOTU701	Exact match	Exact match	100.0	Deinococcus_radiodurans_DSM_20539_	Deinococcus_radiodurans	878.1170374624977	98.7	100.0	present cluster priority class
mock-15	Mock 6	mock-15|Mock 6	TIC	Zotu5	SOTU2201	Exact match	Exact match	100.0	Neisseria_meningitidis_ATCC_BAA-335	Neisseria_meningitidis	813.80570339185	98.7	100.0	present cluster priority class
mock-15	Mock 6	mock-15|Mock 6	TIC	Zotu6	SOTU2301	Exact match	Exact match	100.0	Clostridium_beijerinckii_ATCC_51743	Clostridium_beijerinckii	710.0215695020684	98.7	100.0	present cluster priority class
mock-15	Mock 6	mock-15|Mock 6	TIC	Zotu7	SOTU1401	Exact match	Exact match	100.0	Helicobacter_pylori_ATCC_700392	Helicobacter_pylori	661.8415344287138	98.7	100.0	present cluster priority class
mock-15	Mock 6	mock-15|Mock 6	TIC	Zotu8	SOTU401	Exact match	Exact match	100.0	Pseudomonas_aeruginosa_ATCC_47085	Pseudomonas_aeruginosa	474.6207006116451	98.7	100.0	present cluster priority class
mock-15	Mock 6	mock-15|Mock 6	TIC	Zotu9	SOTU2003	Exact match	Exact match	100.0	Streptococcus_mutans_ATCC_700610	Streptococcus_mutans	442.66361964352274	98.7	100.0	present cluster priority class
mock-15	Mock 6	mock-15|Mock 6	TAC	Zotu1	OTU17	Exact match	Exact match	100.0	Staphylococcus_aureus_ATCC_BAA-1718	Staphylococcus_aureus	1275.2586201629017	98.7	100.0	present cluster priority class
mock-15	Mock 6	mock-15|Mock 6	TAC	Zotu10	OTU20	Exact match	Exact match	100.0	Listeria_monocytogenes_ATCC_BAA-679	Listeria_monocytogenes	444.2828598837813	98.7	100.0	present cluster priority class
mock-15	Mock 6	mock-15|Mock 6	TAC	Zotu11	OTU5	Exact match	Exact match	100.0	Bacteroides_vulgatus_ATCC_8482	Bacteroides_vulgatus	352.07782129698086	98.7	100.0	present cluster priority class
mock-15	Mock 6	mock-15|Mock 6	TAC	Zotu12	OTU21	Exact match	Exact match	100.0	Escherichia_coli_ATCC_700926	Escherichia_coli	359.7462986612244	98.7	100.0	present cluster priority class
mock-15	Mock 6	mock-15|Mock 6	TAC	Zotu13	OTU23	Exact match	Exact match	100.0	Enterococcus_faecalis_ATCC_47077	Enterococcus_faecalis	368.6368441313234	98.7	100.0	present cluster priority class
mock-15	Mock 6	mock-15|Mock 6	TAC	Zotu14	OTU25	Exact match	Exact match	100.0	Actinomyces_odontolyticus_ATCC_17982	Actinomyces_odontolyticus	301.5758568225007	98.7	100.0	present cluster priority class
mock-15	Mock 6	mock-15|Mock 6	TAC	Zotu15	OTU26	Exact match	Exact match	100.0	Rhodobacter_sphaeroides_ATCC_17023	Rhodobacter_sphaeroides	212.02881636593608	98.7	100.0	present cluster priority class
mock-15	Mock 6	mock-15|Mock 6	TAC	Zotu16	OTU14	Exact match	Exact match	100.0	Porphyromonas_gingivalis_ATCC_33277	Porphyromonas_gingivalis	167.08726177309862	98.7	100.0	present cluster priority class
mock-15	Mock 6	mock-15|Mock 6	TAC	Zotu17	OTU11	Exact match	Exact match	100.0	Lactobacillus_gasseri_DSM_20243	Lactobacillus_gasseri	149.94775658847468	98.7	100.0	present cluster priority class
mock-15	Mock 6	mock-15|Mock 6	TAC	Zotu18	OTU29	Exact match	Exact match	100.0	Streptococcus_agalactiae_ATCC_BAA-611	Streptococcus_agalactiae	153.3389955822238	98.7	100.0	present cluster priority class
mock-15	Mock 6	mock-15|Mock 6	TAC	Zotu19	OTU5	Exact match	Exact match	100.0	Bacteroides_vulgatus_ATCC_8482__Copy3	Bacteroides_vulgatus	67.94698668556798	98.7	100.0	present cluster priority class
mock-15	Mock 6	mock-15|Mock 6	TAC	Zotu2	OTU18	Exact match	Exact match	100.0	Acinetobacter_baumannii_ATCC_17978	Acinetobacter_baumannii	1016.7301123691624	98.7	100.0	present cluster priority class
mock-15	Mock 6	mock-15|Mock 6	TAC	Zotu20	OTU5	Exact match	Exact match	100.0	Bacteroides_vulgatus_ATCC_8482__Copy4	Bacteroides_vulgatus	56.94837373286813	98.7	100.0	present cluster priority class
mock-15	Mock 6	mock-15|Mock 6	TAC	Zotu21	OTU30	Exact match	Exact match	100.0	Streptococcus_pneumoniae_ATCC_BAA-334	Streptococcus_pneumoniae	33.45411439779539	98.7	100.0	present cluster priority class
mock-15	Mock 6	mock-15|Mock 6	TAC	Zotu22	OTU2	No hit	No hit				25.144051277977724	98.7	100.0	present cluster priority class
mock-15	Mock 6	mock-15|Mock 6	TAC	Zotu23	OTU2	No hit	No hit				10.020958468015422	98.7	100.0	present cluster priority class
mock-15	Mock 6	mock-15|Mock 6	TAC	Zotu24	OTU27	No hit	No hit				2.3524811037719133	98.7	100.0	present cluster priority class
mock-15	Mock 6	mock-15|Mock 6	TAC	Zotu25	OTU7	Exact match	Exact match	100.0	Propionibacterium_acnes_DSM16379	Propionibacterium_acnes	1.5275851323194245	98.7	100.0	present cluster priority class
mock-15	Mock 6	mock-15|Mock 6	TAC	Zotu26	OTU4	No hit	No hit				0.6110340529277696	98.7	100.0	present cluster priority class
mock-15	Mock 6	mock-15|Mock 6	TAC	Zotu27	OTU8	No hit	No hit	92.126	Bacteroides_vulgatus_ATCC_8482__Copy3	Bacteroides_vulgatus	0.9776544846844316	98.7	100.0	present cluster priority class
mock-15	Mock 6	mock-15|Mock 6	TAC	Zotu28	OTU6	No hit	No hit	94.466	Bacteroides_vulgatus_ATCC_8482__Copy3	Bacteroides_vulgatus	0.5193789449886042	98.7	100.0	present cluster priority class
mock-15	Mock 6	mock-15|Mock 6	TAC	Zotu29	OTU12	No hit	No hit				0.3666204317566618	98.7	100.0	present cluster priority class
mock-15	Mock 6	mock-15|Mock 6	TAC	Zotu3	OTU22	Exact match	Exact match	100.0	Bacillus_cereus_ATCC_10987	Bacillus_cereus	1014.6220448865616	98.7	100.0	present cluster priority class
mock-15	Mock 6	mock-15|Mock 6	TAC	Zotu30	OTU7	Near-exact match	Exact match	98.814	Propionibacterium_acnes_DSM16379	Propionibacterium_acnes	0.4582755396958272	98.7	100.0	present cluster priority class
mock-15	Mock 6	mock-15|Mock 6	TAC	Zotu31	OTU9	No hit	No hit				1.4970334296730357	98.7	100.0	present cluster priority class
mock-15	Mock 6	mock-15|Mock 6	TAC	Zotu32	OTU3	No hit	No hit				0.5193789449886042	98.7	100.0	present cluster priority class
mock-15	Mock 6	mock-15|Mock 6	TAC	Zotu33	OTU31	No hit	No hit				0.3360687291102733	98.7	100.0	present cluster priority class
mock-15	Mock 6	mock-15|Mock 6	TAC	Zotu34	OTU13	No hit	No hit				0.5804823502813812	98.7	100.0	present cluster priority class
mock-15	Mock 6	mock-15|Mock 6	TAC	Zotu35	OTU10	No hit	No hit				0.3360687291102733	98.7	100.0	present cluster priority class
mock-15	Mock 6	mock-15|Mock 6	TAC	Zotu4	OTU16	Exact match	Exact match	100.0	Deinococcus_radiodurans_DSM_20539_	Deinococcus_radiodurans	878.1170374624977	98.7	100.0	present cluster priority class
mock-15	Mock 6	mock-15|Mock 6	TAC	Zotu5	OTU19	Exact match	Exact match	100.0	Neisseria_meningitidis_ATCC_BAA-335	Neisseria_meningitidis	813.80570339185	98.7	100.0	present cluster priority class
mock-15	Mock 6	mock-15|Mock 6	TAC	Zotu6	OTU24	Exact match	Exact match	100.0	Clostridium_beijerinckii_ATCC_51743	Clostridium_beijerinckii	710.0215695020684	98.7	100.0	present cluster priority class
mock-15	Mock 6	mock-15|Mock 6	TAC	Zotu7	OTU1	Exact match	Exact match	100.0	Helicobacter_pylori_ATCC_700392	Helicobacter_pylori	661.8415344287138	98.7	100.0	present cluster priority class
mock-15	Mock 6	mock-15|Mock 6	TAC	Zotu8	OTU15	Exact match	Exact match	100.0	Pseudomonas_aeruginosa_ATCC_47085	Pseudomonas_aeruginosa	474.6207006116451	98.7	100.0	present cluster priority class
mock-15	Mock 6	mock-15|Mock 6	TAC	Zotu9	OTU28	Exact match	Exact match	100.0	Streptococcus_mutans_ATCC_700610	Streptococcus_mutans	442.66361964352274	98.7	100.0	present cluster priority class
mock-16	Mock 7	mock-16|Mock 7	TIC	Zotu1	SOTU4201	Exact match	Exact match	100.0	Shewanella_baltica_OS185	Shewanella_baltica	1114.716697585598	98.7	100.0	present cluster priority class
mock-16	Mock 7	mock-16|Mock 7	TIC	Zotu10	SOTU3601	Exact match	Exact match	100.0	Persephonella_marina_EX-H1	Persephonella_marina	252.3413060701681	98.7	100.0	present cluster priority class
mock-16	Mock 7	mock-16|Mock 7	TIC	Zotu11	SOTU1501	Exact match	Exact match	100.0	Deinococcus_radiodurans_R1	Deinococcus_radiodurans	235.91177106104817	98.7	100.0	present cluster priority class
mock-16	Mock 7	mock-16|Mock 7	TIC	Zotu12	SOTU3901	Exact match	Exact match	100.0	Thermoanaerobacter_pseudethanolicus_ATCC_33223	Thermoanaerobacter_pseudethanolicus	235.6781757765583	98.7	100.0	present cluster priority class
mock-16	Mock 7	mock-16|Mock 7	TIC	Zotu13	SOTU1101	Exact match	Exact match	100.0	Desulfovibrio_desulfuricans_ATCC_27774	Desulfovibrio_desulfuricans	230.3054842332916	98.7	100.0	present cluster priority class
mock-16	Mock 7	mock-16|Mock 7	TIC	Zotu14	SOTU1601	Exact match	Exact match	100.0	Enterococcus_faecalis_V583v	Enterococcus_faecalis	225.67251109090944	98.7	100.0	present cluster priority class
mock-16	Mock 7	mock-16|Mock 7	TIC	Zotu15	SOTU2001	Exact match	Exact match	100.0	Thermotoga_neapolitana_DSM_4359	Thermotoga_neapolitana	216.62069381692748	98.7	100.0	present cluster priority class
mock-16	Mock 7	mock-16|Mock 7	TIC	Zotu16	SOTU3501	Exact match	Exact match	100.0	Clostridium_thermocellum_ATCC_27405	Clostridium_thermocellum	203.34469514842056	98.7	100.0	present cluster priority class
mock-16	Mock 7	mock-16|Mock 7	TIC	Zotu17	SOTU1301	Exact match	Exact match	100.0	Bordetella_bronchiseptica_RB50	Bordetella_bronchiseptica	202.52711165270608	98.7	100.0	present cluster priority class
mock-16	Mock 7	mock-16|Mock 7	TIC	Zotu18	SOTU4501	Exact match	Exact match	100.0	Nostoc_sp._PCC_7120	Nostoc_sp	200.0159623444401	98.7	100.0	present cluster priority class
mock-16	Mock 7	mock-16|Mock 7	TIC	Zotu19	SOTU4601	Exact match	Exact match	100.0	Chloroflexus_aurantiacus_J-10-fl	Chloroflexus_aurantiacus	199.7239682388278	98.7	100.0	present cluster priority class
mock-16	Mock 7	mock-16|Mock 7	TIC	Zotu2	SOTU101	Exact match	Exact match	100.0	Akkermansia_muciniphila_ATCC_BAA-835	Akkermansia_muciniphila	592.8064332141349	98.7	100.0	present cluster priority class
mock-16	Mock 7	mock-16|Mock 7	TIC	Zotu20		Exact match	Unassigned	100.0	Methanococcus_maripaludis_S2	Methanococcus_maripaludis	195.6555170339628	98.7	100.0	zOTU member not retained in present cluster set
mock-16	Mock 7	mock-16|Mock 7	TIC	Zotu21	SOTU601	Exact match	Exact match	100.0	Porphyromonas_gingivalis_ATCC_33277	Porphyromonas_gingivalis	190.3022917644036	98.7	100.0	present cluster priority class
mock-16	Mock 7	mock-16|Mock 7	TIC	Zotu22	SOTU4401	Exact match	Exact match	100.0	Caldicellulosiruptor_saccharolyticus_DSM_8903	Caldicellulosiruptor_saccharolyticus	192.46304814593475	98.7	100.0	present cluster priority class
mock-16	Mock 7	mock-16|Mock 7	TIC	Zotu23	SOTU301	Exact match	Exact match	100.0	Bacteroides_vulgatus_ATCC_8482__Copy2	Bacteroides_vulgatus	183.0803042189255	98.7	100.0	present cluster priority class
mock-16	Mock 7	mock-16|Mock 7	TIC	Zotu24	SOTU2501	Exact match	Exact match	100.0	Ruegeria_pomeroyi_DSS-3	Ruegeria_pomeroyi	172.70478033283433	98.7	100.0	present cluster priority class
mock-16	Mock 7	mock-16|Mock 7	TIC	Zotu25	SOTU2701	Exact match	Exact match	100.0	Hydrogenobaculum_sp._Y04AAS1	Hydrogenobaculum_sp	170.91388315174547	98.7	100.0	present cluster priority class
mock-16	Mock 7	mock-16|Mock 7	TIC	Zotu26	SOTU701	Exact match	Exact match	100.0	Thermus_thermophilus_HB8	Thermus_thermophilus	171.71200037375246	98.7	100.0	present cluster priority class
mock-16	Mock 7	mock-16|Mock 7	TIC	Zotu27	SOTU2201	No hit	No hit	90.157	Treponema_denticola_ATCC_35405	Treponema_denticola	149.52044834721605	98.7	100.0	present cluster priority class
mock-16	Mock 7	mock-16|Mock 7	TIC	Zotu28	SOTU3701	Exact match	Exact match	100.0	Leptothrix_cholodnii_SP-6	Leptothrix_cholodnii	145.33519950010609	98.7	100.0	present cluster priority class
mock-16	Mock 7	mock-16|Mock 7	TIC	Zotu29	SOTU9929	Exact match	Exact match	100.0	Pyrobaculum_calidifontis_JCM_11548	Pyrobaculum_calidifontis	135.5241975515321	98.7	100.0	present cluster priority class
mock-16	Mock 7	mock-16|Mock 7	TIC	Zotu3	SOTU1102	Exact match	Exact match	100.0	Desulfovibrio_piger_ATCC_29098	Desulfovibrio_piger	411.7506214607881	98.7	100.0	present cluster priority class
mock-16	Mock 7	mock-16|Mock 7	TIC	Zotu30	SOTU4801	Exact match	Exact match	100.0	Rhodopirellula_baltica_SH_1	Rhodopirellula_baltica	131.28054988329967	98.7	100.0	present cluster priority class
mock-16	Mock 7	mock-16|Mock 7	TIC	Zotu31	SOTU1001	Exact match	Exact match	100.0	Herpetosiphon_aurantiacus_ATCC_23779	Herpetosiphon_aurantiacus	115.47393563281936	98.7	100.0	present cluster priority class
mock-16	Mock 7	mock-16|Mock 7	TIC	Zotu32	SOTU4601	Exact match	Exact match	100.0	Chloroflexus_aurantiacus_J-10-fl__Copy2	Chloroflexus_aurantiacus	110.78256366931473	98.7	100.0	present cluster priority class
mock-16	Mock 7	mock-16|Mock 7	TIC	Zotu33	SOTU3902	Exact match	Exact match	100.0	Thermoanaerobacter_pseudethanolicus_ATCC_33223__Copy3	Thermoanaerobacter_pseudethanolicus	103.75523886091152	98.7	100.0	present cluster priority class
mock-16	Mock 7	mock-16|Mock 7	TIC	Zotu34	SOTU201	Exact match	Exact match	100.0	Fusobacterium_nucleatum__Copy1	Fusobacterium_nucleatum	95.85193173567136	98.7	100.0	present cluster priority class
mock-16	Mock 7	mock-16|Mock 7	TIC	Zotu35	SOTU9935	Exact match	Exact match	100.0	Methanocaldococcus_jannaschii_DSM_2661__Copy1	Methanocaldococcus_jannaschii	93.28238360628292	98.7	100.0	present cluster priority class
mock-16	Mock 7	mock-16|Mock 7	TIC	Zotu36	SOTU1801	Exact match	Exact match	100.0	Zymomonas_mobilis_ZM4	Zymomonas_mobilis	85.55427294441016	98.7	100.0	present cluster priority class
mock-16	Mock 7	mock-16|Mock 7	TIC	Zotu37	SOTU4402	Exact match	Exact match	100.0	Anaerocellum_thermophilum	Anaerocellum_thermophilum	87.59823168369641	98.7	100.0	present cluster priority class
mock-16	Mock 7	mock-16|Mock 7	TIC	Zotu38	SOTU2202	Exact match	Exact match	100.0	Treponema_denticola_ATCC_35405	Treponema_denticola	78.50748186229947	98.7	100.0	present cluster priority class
mock-16	Mock 7	mock-16|Mock 7	TIC	Zotu39	SOTU501	Exact match	Exact match	100.0	Pelodictyon_phaeoclathratiforme_BU-1	Pelodictyon_phaeoclathratiforme	79.01360497869418	98.7	100.0	present cluster priority class
mock-16	Mock 7	mock-16|Mock 7	TIC	Zotu4	SOTU4001	Exact match	Exact match	100.0	Sulfurihydrogenibium_yellowstonense_SS-5	Sulfurihydrogenibium_yellowstonense	407.1565808658209	98.7	100.0	present cluster priority class
mock-16	Mock 7	mock-16|Mock 7	TIC	Zotu40	SOTU2001	Exact match	Exact match	100.0	Thermotoga_petrophila_RKU-1	Thermotoga_petrophila	70.83777002154916	98.7	100.0	present cluster priority class
mock-16	Mock 7	mock-16|Mock 7	TIC	Zotu41	SOTU9941	Exact match	Exact match	100.0	Pyrococcus_horikoshii_OT3	Pyrococcus_horikoshii	59.93665674535583	98.7	100.0	present cluster priority class
mock-16	Mock 7	mock-16|Mock 7	TIC	Zotu42	SOTU3401	Exact match	Exact match	100.0	Gemmatimonas_aurantiaca_T-27	Gemmatimonas_aurantiaca	57.775900363824654	98.7	100.0	present cluster priority class
mock-16	Mock 7	mock-16|Mock 7	TIC	Zotu43	SOTU9943	Exact match	Exact match	100.0	Sulfolobus_tokodaii_str_7	Sulfolobus_tokodaii	56.64685648879035	98.7	100.0	present cluster priority class
mock-16	Mock 7	mock-16|Mock 7	TIC	Zotu44	SOTU502	Exact match	Exact match	100.0	Chlorobium_phaeobacteroides_DSM_266	Chlorobium_phaeobacteroides	55.84873926678333	98.7	100.0	present cluster priority class
mock-16	Mock 7	mock-16|Mock 7	TIC	Zotu45	SOTU2601	Exact match	Exact match	100.0	Nitrosomonas_europaea_ATCC_19718	Nitrosomonas_europaea	53.2986574111024	98.7	100.0	present cluster priority class
mock-16	Mock 7	mock-16|Mock 7	TIC	Zotu46	SOTU4901	Exact match	Exact match	100.0	Erwinia_chrysanthemi__Copy1	Erwinia_chrysanthemi	52.6368041050478	98.7	100.0	present cluster priority class
mock-16	Mock 7	mock-16|Mock 7	TIC	Zotu47	SOTU503	Exact match	Exact match	100.0	Chlorobium_phaeovibrioides_DSM_265	Chlorobium_phaeovibrioides	52.83146684212268	98.7	100.0	present cluster priority class
mock-16	Mock 7	mock-16|Mock 7	TIC	Zotu48	SOTU2401	Exact match	Exact match	100.0	Acidobacterium_capsulatum_ATCC_51196	Acidobacterium_capsulatum	47.43930902514848	98.7	100.0	present cluster priority class
mock-16	Mock 7	mock-16|Mock 7	TIC	Zotu49	SOTU9949	Exact match	Exact match	100.0	Pyrobaculum_aerophilum_IM2	Pyrobaculum_aerophilum	47.672904309638334	98.7	100.0	present cluster priority class
mock-16	Mock 7	mock-16|Mock 7	TIC	Zotu5	SOTU4301	Exact match	Exact match	100.0	Sulfitobacter_sp._NAS-14.1	Sulfitobacter_sp	339.5112797322998	98.7	100.0	present cluster priority class
mock-16	Mock 7	mock-16|Mock 7	TIC	Zotu50	SOTU2203	Exact match	Exact match	100.0	Treponema_vincentii_ATCC_35580	Treponema_vincentii	45.18122127507986	98.7	100.0	present cluster priority class
mock-16	Mock 7	mock-16|Mock 7	TIC	Zotu51	SOTU801	Exact match	Exact match	100.0	Dictyoglomus_turgidum_DSM_6724	Dictyoglomus_turgidum	45.356417738447256	98.7	100.0	present cluster priority class
mock-16	Mock 7	mock-16|Mock 7	TIC	Zotu52	SOTU504	Exact match	Exact match	100.0	Chlorobium_limicola_DSM_245	Chlorobium_limicola	44.65563188497768	98.7	100.0	present cluster priority class
mock-16	Mock 7	mock-16|Mock 7	TIC	Zotu53	SOTU4701	Exact match	Exact match	100.0	Chlorobaculum_tepidum_TLS	Chlorobaculum_tepidum	41.3658316284122	98.7	100.0	present cluster priority class
mock-16	Mock 7	mock-16|Mock 7	TIC	Zotu54	SOTU301	Exact match	Exact match	100.0	Bacteroides_vulgatus_ATCC_8482__Copy1	Bacteroides_vulgatus	37.16111650759476	98.7	100.0	present cluster priority class
mock-16	Mock 7	mock-16|Mock 7	TIC	Zotu55	SOTU301	Exact match	Exact match	100.0	Bacteroides_vulgatus_ATCC_8482	Bacteroides_vulgatus	34.980893852356104	98.7	100.0	present cluster priority class
mock-16	Mock 7	mock-16|Mock 7	TIC	Zotu56	SOTU201	Exact match	Exact match	100.0	Fusobacterium_nucleatum__Copy3	Fusobacterium_nucleatum	34.76676484157373	98.7	100.0	present cluster priority class
mock-16	Mock 7	mock-16|Mock 7	TIC	Zotu57	SOTU201	Exact match	Exact match	100.0	Fusobacterium_nucleatum__Copy5	Fusobacterium_nucleatum	33.81291742990681	98.7	100.0	present cluster priority class
mock-16	Mock 7	mock-16|Mock 7	TIC	Zotu58	SOTU2301	Exact match	Exact match	100.0	Burkholderia_xenovorans_LB400	Burkholderia_xenovorans	31.53536340613071	98.7	100.0	present cluster priority class
mock-16	Mock 7	mock-16|Mock 7	TIC	Zotu59	SOTU9959	Exact match	Exact match	100.0	Archaeoglobus_fulgidus_DSM_4304	Archaeoglobus_fulgidus	23.76832019684296	98.7	100.0	present cluster priority class
mock-16	Mock 7	mock-16|Mock 7	TIC	Zotu6	SOTU302	Exact match	Exact match	100.0	Bacteroides_thetaiotaomicron_VPI-5482	Bacteroides_thetaiotaomicron	337.3115908033537	98.7	100.0	present cluster priority class
mock-16	Mock 7	mock-16|Mock 7	TIC	Zotu60	SOTU9960	Exact match	Exact match	100.0	Ignicoccus_hospitalis_KIN4/I__Copy1	Ignicoccus_hospitalis	21.179305793747044	98.7	100.0	present cluster priority class
mock-16	Mock 7	mock-16|Mock 7	TIC	Zotu61	SOTU901	No hit	No hit				9.849934495988974	98.7	100.0	present cluster priority class
mock-16	Mock 7	mock-16|Mock 7	TIC	Zotu62	SOTU1401	No hit	No hit	90.514	Burkholderia_xenovorans_LB400	Burkholderia_xenovorans	3.9711198363275706	98.7	100.0	present cluster priority class
mock-16	Mock 7	mock-16|Mock 7	TIC	Zotu63	SOTU2901	No hit	No hit				2.491683034558476	98.7	100.0	present cluster priority class
mock-16	Mock 7	mock-16|Mock 7	TIC	Zotu64	SOTU1901	No hit	No hit				2.491683034558476	98.7	100.0	present cluster priority class
mock-16	Mock 7	mock-16|Mock 7	TIC	Zotu65	SOTU902	No hit	No hit				1.070645053911845	98.7	100.0	present cluster priority class
mock-16	Mock 7	mock-16|Mock 7	TIC	Zotu66	SOTU3201	No hit	No hit				1.0317125064968689	98.7	100.0	present cluster priority class
mock-16	Mock 7	mock-16|Mock 7	TIC	Zotu67	SOTU2801	No hit	No hit				1.265307790986726	98.7	100.0	present cluster priority class
mock-16	Mock 7	mock-16|Mock 7	TIC	Zotu68	SOTU9968	Exact match	Exact match	100.0	Nanoarchaeum_equitans_Kin4-M	Nanoarchaeum_equitans	0.8954485905444522	98.7	100.0	present cluster priority class
mock-16	Mock 7	mock-16|Mock 7	TIC	Zotu69	SOTU401	No hit	No hit				0.9149148642519402	98.7	100.0	present cluster priority class
mock-16	Mock 7	mock-16|Mock 7	TIC	Zotu7	SOTU1701	Exact match	Exact match	100.0	Salinispora_arenicola_CNS-205	Salinispora_arenicola	335.34549715889733	98.7	100.0	present cluster priority class
mock-16	Mock 7	mock-16|Mock 7	TIC	Zotu70	SOTU3301	No hit	No hit				0.5839882112246427	98.7	100.0	present cluster priority class
mock-16	Mock 7	mock-16|Mock 7	TIC	Zotu71	SOTU1902	No hit	No hit				0.4477242952722261	98.7	100.0	present cluster priority class
mock-16	Mock 7	mock-16|Mock 7	TIC	Zotu72	SOTU401	No hit	No hit				0.428258021564738	98.7	100.0	present cluster priority class
mock-16	Mock 7	mock-16|Mock 7	TIC	Zotu73	SOTU3101	No hit	No hit	90.514	Sulfitobacter_sp._NAS-14.1	Sulfitobacter_sp	0.4671905689797141	98.7	100.0	present cluster priority class
mock-16	Mock 7	mock-16|Mock 7	TIC	Zotu74	SOTU2801	No hit	No hit				0.3698592004422737	98.7	100.0	present cluster priority class
mock-16	Mock 7	mock-16|Mock 7	TIC	Zotu75	SOTU4101	No hit	No hit	91.304	Enterococcus_faecalis_V583v	Enterococcus_faecalis	0.3698592004422737	98.7	100.0	present cluster priority class
mock-16	Mock 7	mock-16|Mock 7	TIC	Zotu76	SOTU2101	No hit	No hit				0.2725278319048332	98.7	100.0	present cluster priority class
mock-16	Mock 7	mock-16|Mock 7	TIC	Zotu77	SOTU1201	No hit	No hit				0.2530615581973451	98.7	100.0	present cluster priority class
mock-16	Mock 7	mock-16|Mock 7	TIC	Zotu78	SOTU3001	No hit	No hit	94.094	Burkholderia_xenovorans_LB400	Burkholderia_xenovorans	0.3114603793198094	98.7	100.0	present cluster priority class
mock-16	Mock 7	mock-16|Mock 7	TIC	Zotu79	SOTU4002	No hit	No hit	94.862	Persephonella_marina_EX-H1	Persephonella_marina	1.2069089698642617	98.7	100.0	present cluster priority class
mock-16	Mock 7	mock-16|Mock 7	TIC	Zotu8	SOTU4901	Exact match	Exact match	100.0	Erwinia_chrysanthemi	Erwinia_chrysanthemi	316.9888010527361	98.7	100.0	present cluster priority class
mock-16	Mock 7	mock-16|Mock 7	TIC	Zotu80	SOTU3801	No hit	No hit	90.196	Zymomonas_mobilis_ZM4	Zymomonas_mobilis	0.1946627370748809	98.7	100.0	present cluster priority class
mock-16	Mock 7	mock-16|Mock 7	TIC	Zotu9	SOTU999	Exact match	Exact match	100.0	Methanococcus_maripaludis_C5	Methanococcus_maripaludis	276.3821540989159	98.7	100.0	present cluster priority class
mock-16	Mock 7	mock-16|Mock 7	TAC	Zotu1	OTU52	Exact match	Exact match	100.0	Shewanella_baltica_OS185	Shewanella_baltica	1114.716697585598	98.7	100.0	present cluster priority class
mock-16	Mock 7	mock-16|Mock 7	TAC	Zotu10	OTU47	Exact match	Exact match	100.0	Persephonella_marina_EX-H1	Persephonella_marina	252.3413060701681	98.7	100.0	present cluster priority class
mock-16	Mock 7	mock-16|Mock 7	TAC	Zotu11	OTU50	Exact match	Exact match	100.0	Deinococcus_radiodurans_R1	Deinococcus_radiodurans	235.91177106104817	98.7	100.0	present cluster priority class
mock-16	Mock 7	mock-16|Mock 7	TAC	Zotu12	OTU39	Exact match	Exact match	100.0	Thermoanaerobacter_pseudethanolicus_ATCC_33223	Thermoanaerobacter_pseudethanolicus	235.6781757765583	98.7	100.0	present cluster priority class
mock-16	Mock 7	mock-16|Mock 7	TAC	Zotu13	OTU48	Exact match	Exact match	100.0	Desulfovibrio_desulfuricans_ATCC_27774	Desulfovibrio_desulfuricans	230.3054842332916	98.7	100.0	present cluster priority class
mock-16	Mock 7	mock-16|Mock 7	TAC	Zotu14	OTU40	Exact match	Exact match	100.0	Enterococcus_faecalis_V583v	Enterococcus_faecalis	225.67251109090944	98.7	100.0	present cluster priority class
mock-16	Mock 7	mock-16|Mock 7	TAC	Zotu15	OTU46	Exact match	Exact match	100.0	Thermotoga_neapolitana_DSM_4359	Thermotoga_neapolitana	216.62069381692748	98.7	100.0	present cluster priority class
mock-16	Mock 7	mock-16|Mock 7	TAC	Zotu16	OTU45	Exact match	Exact match	100.0	Clostridium_thermocellum_ATCC_27405	Clostridium_thermocellum	203.34469514842056	98.7	100.0	present cluster priority class
mock-16	Mock 7	mock-16|Mock 7	TAC	Zotu17	OTU41	Exact match	Exact match	100.0	Bordetella_bronchiseptica_RB50	Bordetella_bronchiseptica	202.52711165270608	98.7	100.0	present cluster priority class
mock-16	Mock 7	mock-16|Mock 7	TAC	Zotu18	OTU66	Exact match	Exact match	100.0	Nostoc_sp._PCC_7120	Nostoc_sp	200.0159623444401	98.7	100.0	present cluster priority class
mock-16	Mock 7	mock-16|Mock 7	TAC	Zotu19	OTU61	Exact match	Exact match	100.0	Chloroflexus_aurantiacus_J-10-fl	Chloroflexus_aurantiacus	199.7239682388278	98.7	100.0	present cluster priority class
mock-16	Mock 7	mock-16|Mock 7	TAC	Zotu2	OTU44	Exact match	Exact match	100.0	Akkermansia_muciniphila_ATCC_BAA-835	Akkermansia_muciniphila	592.8064332141349	98.7	100.0	present cluster priority class
mock-16	Mock 7	mock-16|Mock 7	TAC	Zotu20	OTU38	Exact match	Exact match	100.0	Methanococcus_maripaludis_S2	Methanococcus_maripaludis	195.6555170339628	98.7	100.0	present cluster priority class
mock-16	Mock 7	mock-16|Mock 7	TAC	Zotu21	OTU60	Exact match	Exact match	100.0	Porphyromonas_gingivalis_ATCC_33277	Porphyromonas_gingivalis	190.3022917644036	98.7	100.0	present cluster priority class
mock-16	Mock 7	mock-16|Mock 7	TAC	Zotu22	OTU62	Exact match	Exact match	100.0	Caldicellulosiruptor_saccharolyticus_DSM_8903	Caldicellulosiruptor_saccharolyticus	192.46304814593475	98.7	100.0	present cluster priority class
mock-16	Mock 7	mock-16|Mock 7	TAC	Zotu23	OTU10	Exact match	Exact match	100.0	Bacteroides_vulgatus_ATCC_8482__Copy2	Bacteroides_vulgatus	183.0803042189255	98.7	100.0	present cluster priority class
mock-16	Mock 7	mock-16|Mock 7	TAC	Zotu24	OTU64	Exact match	Exact match	100.0	Ruegeria_pomeroyi_DSS-3	Ruegeria_pomeroyi	172.70478033283433	98.7	100.0	present cluster priority class
mock-16	Mock 7	mock-16|Mock 7	TAC	Zotu25	OTU65	Exact match	Exact match	100.0	Hydrogenobaculum_sp._Y04AAS1	Hydrogenobaculum_sp	170.91388315174547	98.7	100.0	present cluster priority class
mock-16	Mock 7	mock-16|Mock 7	TAC	Zotu26	OTU54	Exact match	Exact match	100.0	Thermus_thermophilus_HB8	Thermus_thermophilus	171.71200037375246	98.7	100.0	present cluster priority class
mock-16	Mock 7	mock-16|Mock 7	TAC	Zotu27	OTU56	No hit	No hit	90.157	Treponema_denticola_ATCC_35405	Treponema_denticola	149.52044834721605	98.7	100.0	present cluster priority class
mock-16	Mock 7	mock-16|Mock 7	TAC	Zotu28	OTU35	Exact match	Exact match	100.0	Leptothrix_cholodnii_SP-6	Leptothrix_cholodnii	145.33519950010609	98.7	100.0	present cluster priority class
mock-16	Mock 7	mock-16|Mock 7	TAC	Zotu29	OTU57	Exact match	Exact match	100.0	Pyrobaculum_calidifontis_JCM_11548	Pyrobaculum_calidifontis	135.5241975515321	98.7	100.0	present cluster priority class
mock-16	Mock 7	mock-16|Mock 7	TAC	Zotu3	OTU49	Exact match	Exact match	100.0	Desulfovibrio_piger_ATCC_29098	Desulfovibrio_piger	411.7506214607881	98.7	100.0	present cluster priority class
mock-16	Mock 7	mock-16|Mock 7	TAC	Zotu30	OTU58	Exact match	Exact match	100.0	Rhodopirellula_baltica_SH_1	Rhodopirellula_baltica	131.28054988329967	98.7	100.0	present cluster priority class
mock-16	Mock 7	mock-16|Mock 7	TAC	Zotu31	OTU42	Exact match	Exact match	100.0	Herpetosiphon_aurantiacus_ATCC_23779	Herpetosiphon_aurantiacus	115.47393563281936	98.7	100.0	present cluster priority class
mock-16	Mock 7	mock-16|Mock 7	TAC	Zotu32	OTU61	Exact match	Exact match	100.0	Chloroflexus_aurantiacus_J-10-fl__Copy2	Chloroflexus_aurantiacus	110.78256366931473	98.7	100.0	present cluster priority class
mock-16	Mock 7	mock-16|Mock 7	TAC	Zotu33	OTU43	Exact match	Exact match	100.0	Thermoanaerobacter_pseudethanolicus_ATCC_33223__Copy3	Thermoanaerobacter_pseudethanolicus	103.75523886091152	98.7	100.0	present cluster priority class
mock-16	Mock 7	mock-16|Mock 7	TAC	Zotu34	OTU67	Exact match	Exact match	100.0	Fusobacterium_nucleatum__Copy1	Fusobacterium_nucleatum	95.85193173567136	98.7	100.0	present cluster priority class
mock-16	Mock 7	mock-16|Mock 7	TAC	Zotu35	OTU59	Exact match	Exact match	100.0	Methanocaldococcus_jannaschii_DSM_2661__Copy1	Methanocaldococcus_jannaschii	93.28238360628292	98.7	100.0	present cluster priority class
mock-16	Mock 7	mock-16|Mock 7	TAC	Zotu36	OTU8	Exact match	Exact match	100.0	Zymomonas_mobilis_ZM4	Zymomonas_mobilis	85.55427294441016	98.7	100.0	present cluster priority class
mock-16	Mock 7	mock-16|Mock 7	TAC	Zotu37	OTU63	Exact match	Exact match	100.0	Anaerocellum_thermophilum	Anaerocellum_thermophilum	87.59823168369641	98.7	100.0	present cluster priority class
mock-16	Mock 7	mock-16|Mock 7	TAC	Zotu38	OTU55	Exact match	Exact match	100.0	Treponema_denticola_ATCC_35405	Treponema_denticola	78.50748186229947	98.7	100.0	present cluster priority class
mock-16	Mock 7	mock-16|Mock 7	TAC	Zotu39	OTU17	Exact match	Exact match	100.0	Pelodictyon_phaeoclathratiforme_BU-1	Pelodictyon_phaeoclathratiforme	79.01360497869418	98.7	100.0	present cluster priority class
mock-16	Mock 7	mock-16|Mock 7	TAC	Zotu4	OTU51	Exact match	Exact match	100.0	Sulfurihydrogenibium_yellowstonense_SS-5	Sulfurihydrogenibium_yellowstonense	407.1565808658209	98.7	100.0	present cluster priority class
mock-16	Mock 7	mock-16|Mock 7	TAC	Zotu40	OTU46	Exact match	Exact match	100.0	Thermotoga_petrophila_RKU-1	Thermotoga_petrophila	70.83777002154916	98.7	100.0	present cluster priority class
mock-16	Mock 7	mock-16|Mock 7	TAC	Zotu41	OTU2	Exact match	Exact match	100.0	Pyrococcus_horikoshii_OT3	Pyrococcus_horikoshii	59.93665674535583	98.7	100.0	present cluster priority class
mock-16	Mock 7	mock-16|Mock 7	TAC	Zotu42	OTU9	Exact match	Exact match	100.0	Gemmatimonas_aurantiaca_T-27	Gemmatimonas_aurantiaca	57.775900363824654	98.7	100.0	present cluster priority class
mock-16	Mock 7	mock-16|Mock 7	TAC	Zotu43	OTU12	Exact match	Exact match	100.0	Sulfolobus_tokodaii_str_7	Sulfolobus_tokodaii	56.64685648879035	98.7	100.0	present cluster priority class
mock-16	Mock 7	mock-16|Mock 7	TAC	Zotu44	OTU16	Exact match	Exact match	100.0	Chlorobium_phaeobacteroides_DSM_266	Chlorobium_phaeobacteroides	55.84873926678333	98.7	100.0	present cluster priority class
mock-16	Mock 7	mock-16|Mock 7	TAC	Zotu45	OTU18	Exact match	Exact match	100.0	Nitrosomonas_europaea_ATCC_19718	Nitrosomonas_europaea	53.2986574111024	98.7	100.0	present cluster priority class
mock-16	Mock 7	mock-16|Mock 7	TAC	Zotu46	OTU11	Exact match	Exact match	100.0	Erwinia_chrysanthemi__Copy1	Erwinia_chrysanthemi	52.6368041050478	98.7	100.0	present cluster priority class
mock-16	Mock 7	mock-16|Mock 7	TAC	Zotu47	OTU13	Exact match	Exact match	100.0	Chlorobium_phaeovibrioides_DSM_265	Chlorobium_phaeovibrioides	52.83146684212268	98.7	100.0	present cluster priority class
mock-16	Mock 7	mock-16|Mock 7	TAC	Zotu48	OTU31	Exact match	Exact match	100.0	Acidobacterium_capsulatum_ATCC_51196	Acidobacterium_capsulatum	47.43930902514848	98.7	100.0	present cluster priority class
mock-16	Mock 7	mock-16|Mock 7	TAC	Zotu49	OTU57	Exact match	Exact match	100.0	Pyrobaculum_aerophilum_IM2	Pyrobaculum_aerophilum	47.672904309638334	98.7	100.0	present cluster priority class
mock-16	Mock 7	mock-16|Mock 7	TAC	Zotu5	OTU37	Exact match	Exact match	100.0	Sulfitobacter_sp._NAS-14.1	Sulfitobacter_sp	339.5112797322998	98.7	100.0	present cluster priority class
mock-16	Mock 7	mock-16|Mock 7	TAC	Zotu50	OTU6	Exact match	Exact match	100.0	Treponema_vincentii_ATCC_35580	Treponema_vincentii	45.18122127507986	98.7	100.0	present cluster priority class
mock-16	Mock 7	mock-16|Mock 7	TAC	Zotu51	OTU7	Exact match	Exact match	100.0	Dictyoglomus_turgidum_DSM_6724	Dictyoglomus_turgidum	45.356417738447256	98.7	100.0	present cluster priority class
mock-16	Mock 7	mock-16|Mock 7	TAC	Zotu52	OTU14	Exact match	Exact match	100.0	Chlorobium_limicola_DSM_245	Chlorobium_limicola	44.65563188497768	98.7	100.0	present cluster priority class
mock-16	Mock 7	mock-16|Mock 7	TAC	Zotu53	OTU5	Exact match	Exact match	100.0	Chlorobaculum_tepidum_TLS	Chlorobaculum_tepidum	41.3658316284122	98.7	100.0	present cluster priority class
mock-16	Mock 7	mock-16|Mock 7	TAC	Zotu54	OTU10	Exact match	Exact match	100.0	Bacteroides_vulgatus_ATCC_8482__Copy1	Bacteroides_vulgatus	37.16111650759476	98.7	100.0	present cluster priority class
mock-16	Mock 7	mock-16|Mock 7	TAC	Zotu55	OTU10	Exact match	Exact match	100.0	Bacteroides_vulgatus_ATCC_8482	Bacteroides_vulgatus	34.980893852356104	98.7	100.0	present cluster priority class
mock-16	Mock 7	mock-16|Mock 7	TAC	Zotu56	OTU67	Exact match	Exact match	100.0	Fusobacterium_nucleatum__Copy3	Fusobacterium_nucleatum	34.76676484157373	98.7	100.0	present cluster priority class
mock-16	Mock 7	mock-16|Mock 7	TAC	Zotu57	OTU67	Exact match	Exact match	100.0	Fusobacterium_nucleatum__Copy5	Fusobacterium_nucleatum	33.81291742990681	98.7	100.0	present cluster priority class
mock-16	Mock 7	mock-16|Mock 7	TAC	Zotu58	OTU28	Exact match	Exact match	100.0	Burkholderia_xenovorans_LB400	Burkholderia_xenovorans	31.53536340613071	98.7	100.0	present cluster priority class
mock-16	Mock 7	mock-16|Mock 7	TAC	Zotu59	OTU1	Exact match	Exact match	100.0	Archaeoglobus_fulgidus_DSM_4304	Archaeoglobus_fulgidus	23.76832019684296	98.7	100.0	present cluster priority class
mock-16	Mock 7	mock-16|Mock 7	TAC	Zotu6	OTU53	Exact match	Exact match	100.0	Bacteroides_thetaiotaomicron_VPI-5482	Bacteroides_thetaiotaomicron	337.3115908033537	98.7	100.0	present cluster priority class
mock-16	Mock 7	mock-16|Mock 7	TAC	Zotu60	OTU15	Exact match	Exact match	100.0	Ignicoccus_hospitalis_KIN4/I__Copy1	Ignicoccus_hospitalis	21.179305793747044	98.7	100.0	present cluster priority class
mock-16	Mock 7	mock-16|Mock 7	TAC	Zotu61	OTU30	No hit	No hit				9.849934495988974	98.7	100.0	present cluster priority class
mock-16	Mock 7	mock-16|Mock 7	TAC	Zotu62	OTU32	No hit	No hit	90.514	Burkholderia_xenovorans_LB400	Burkholderia_xenovorans	3.9711198363275706	98.7	100.0	present cluster priority class
mock-16	Mock 7	mock-16|Mock 7	TAC	Zotu63	OTU33	No hit	No hit				2.491683034558476	98.7	100.0	present cluster priority class
mock-16	Mock 7	mock-16|Mock 7	TAC	Zotu64	OTU69	No hit	No hit				2.491683034558476	98.7	100.0	present cluster priority class
mock-16	Mock 7	mock-16|Mock 7	TAC	Zotu65	OTU27	No hit	No hit				1.070645053911845	98.7	100.0	present cluster priority class
mock-16	Mock 7	mock-16|Mock 7	TAC	Zotu66	OTU34	No hit	No hit				1.0317125064968689	98.7	100.0	present cluster priority class
mock-16	Mock 7	mock-16|Mock 7	TAC	Zotu67	OTU29	No hit	No hit				1.265307790986726	98.7	100.0	present cluster priority class
mock-16	Mock 7	mock-16|Mock 7	TAC	Zotu68	OTU4	Exact match	Exact match	100.0	Nanoarchaeum_equitans_Kin4-M	Nanoarchaeum_equitans	0.8954485905444522	98.7	100.0	present cluster priority class
mock-16	Mock 7	mock-16|Mock 7	TAC	Zotu69	OTU3	No hit	No hit				0.9149148642519402	98.7	100.0	present cluster priority class
mock-16	Mock 7	mock-16|Mock 7	TAC	Zotu7	OTU36	Exact match	Exact match	100.0	Salinispora_arenicola_CNS-205	Salinispora_arenicola	335.34549715889733	98.7	100.0	present cluster priority class
mock-16	Mock 7	mock-16|Mock 7	TAC	Zotu70	OTU19	No hit	No hit				0.5839882112246427	98.7	100.0	present cluster priority class
mock-16	Mock 7	mock-16|Mock 7	TAC	Zotu71	OTU68	No hit	No hit				0.4477242952722261	98.7	100.0	present cluster priority class
mock-16	Mock 7	mock-16|Mock 7	TAC	Zotu72	OTU3	No hit	No hit				0.428258021564738	98.7	100.0	present cluster priority class
mock-16	Mock 7	mock-16|Mock 7	TAC	Zotu73	OTU22	No hit	No hit	90.514	Sulfitobacter_sp._NAS-14.1	Sulfitobacter_sp	0.4671905689797141	98.7	100.0	present cluster priority class
mock-16	Mock 7	mock-16|Mock 7	TAC	Zotu74	OTU29	No hit	No hit				0.3698592004422737	98.7	100.0	present cluster priority class
mock-16	Mock 7	mock-16|Mock 7	TAC	Zotu75	OTU25	No hit	No hit	91.304	Enterococcus_faecalis_V583v	Enterococcus_faecalis	0.3698592004422737	98.7	100.0	present cluster priority class
mock-16	Mock 7	mock-16|Mock 7	TAC	Zotu76	OTU26	No hit	No hit				0.2725278319048332	98.7	100.0	present cluster priority class
mock-16	Mock 7	mock-16|Mock 7	TAC	Zotu77	OTU20	No hit	No hit				0.2530615581973451	98.7	100.0	present cluster priority class
mock-16	Mock 7	mock-16|Mock 7	TAC	Zotu78	OTU24	No hit	No hit	94.094	Burkholderia_xenovorans_LB400	Burkholderia_xenovorans	0.3114603793198094	98.7	100.0	present cluster priority class
mock-16	Mock 7	mock-16|Mock 7	TAC	Zotu79	OTU21	No hit	No hit	94.862	Persephonella_marina_EX-H1	Persephonella_marina	1.2069089698642617	98.7	100.0	present cluster priority class
mock-16	Mock 7	mock-16|Mock 7	TAC	Zotu8	OTU11	Exact match	Exact match	100.0	Erwinia_chrysanthemi	Erwinia_chrysanthemi	316.9888010527361	98.7	100.0	present cluster priority class
mock-16	Mock 7	mock-16|Mock 7	TAC	Zotu80	OTU23	No hit	No hit	90.196	Zymomonas_mobilis_ZM4	Zymomonas_mobilis	0.1946627370748809	98.7	100.0	present cluster priority class
mock-16	Mock 7	mock-16|Mock 7	TAC	Zotu9	OTU38	Exact match	Exact match	100.0	Methanococcus_maripaludis_C5	Methanococcus_maripaludis	276.3821540989159	98.7	100.0	present cluster priority class
mock-18	Mock 8	mock-18|Mock 8	TIC	Zotu1	SOTU1301	Exact match	Exact match	100.0	Nitrosomonas_europaea_ATCC-19178	Nitrosomonas_europaea	1143.5445733486358	98.7	100.0	present cluster priority class
mock-18	Mock 8	mock-18|Mock 8	TIC	Zotu10	SOTU301	Exact match	Exact match	100.0	Deinococcus_grandis_DSM-3963	Deinococcus_grandis	577.4416128541601	98.7	100.0	present cluster priority class
mock-18	Mock 8	mock-18|Mock 8	TIC	Zotu11	SOTU701	Exact match	Exact match	100.0	Gemmatimonas_aurantiaca_T-27	Gemmatimonas_aurantiaca	550.1320538171158	98.7	100.0	present cluster priority class
mock-18	Mock 8	mock-18|Mock 8	TIC	Zotu12	SOTU601	Exact match	Exact match	100.0	Desulfitobacterium_hafniense_DCB-2	Desulfitobacterium_hafniense	528.0078540909028	98.7	100.0	present cluster priority class
mock-18	Mock 8	mock-18|Mock 8	TIC	Zotu13	SOTU501	Exact match	Exact match	100.0	Treponema_bryantii_ATCC-33254	Treponema_bryantii	477.67529971376814	98.7	100.0	present cluster priority class
mock-18	Mock 8	mock-18|Mock 8	TIC	Zotu14	SOTU1001	Exact match	Exact match	100.0	Chloroflexus_aurantiacus_J-10-fl	Chloroflexus_aurantiacus	470.6923491751821	98.7	100.0	present cluster priority class
mock-18	Mock 8	mock-18|Mock 8	TIC	Zotu2	SOTU1401	Exact match	Exact match	100.0	Desulfovibrio_vulgaris_Hildenborough	Desulfovibrio_vulgaris	1035.965652179925	98.7	100.0	present cluster priority class
mock-18	Mock 8	mock-18|Mock 8	TIC	Zotu3	SOTU101	Exact match	Exact match	100.0	Pseudomonas_putida_KT2440	Pseudomonas_putida	1036.7261715455136	98.7	100.0	present cluster priority class
mock-18	Mock 8	mock-18|Mock 8	TIC	Zotu4	SOTU1101	Exact match	Exact match	100.0	Bacteroides_vulgatus_ATCC-8482	Bacteroides_vulgatus	772.4802610655568	98.7	100.0	present cluster priority class
mock-18	Mock 8	mock-18|Mock 8	TIC	Zotu5	SOTU901	Exact match	Exact match	100.0	Anaerolinea_thermophila_UNI-1	Anaerolinea_thermophila	764.6676530372378	98.7	100.0	present cluster priority class
mock-18	Mock 8	mock-18|Mock 8	TIC	Zotu6	SOTU201	Exact match	Exact match	100.0	Escherichia_coli_DH5a	Escherichia_coli	714.1968224118143	98.7	100.0	present cluster priority class
mock-18	Mock 8	mock-18|Mock 8	TIC	Zotu7	SOTU1201	Exact match	Exact match	100.0	Clostridium_acetobutylicum_ATCC-824	Clostridium_acetobutylicum	693.178832671912	98.7	100.0	present cluster priority class
mock-18	Mock 8	mock-18|Mock 8	TIC	Zotu8	SOTU401	Exact match	Exact match	100.0	Nitrobacter_winogradskyi_ATCC-14123	Nitrobacter_winogradskyi	658.4714943514152	98.7	100.0	present cluster priority class
mock-18	Mock 8	mock-18|Mock 8	TIC	Zotu9	SOTU801	Exact match	Exact match	100.0	Bacillus_subtilis_ATCC-6051	Bacillus_subtilis	576.8193697368603	98.7	100.0	present cluster priority class
mock-18	Mock 8	mock-18|Mock 8	TAC	Zotu1	OTU5	Exact match	Exact match	100.0	Nitrosomonas_europaea_ATCC-19178	Nitrosomonas_europaea	1143.5445733486358	98.7	100.0	present cluster priority class
mock-18	Mock 8	mock-18|Mock 8	TAC	Zotu10	OTU6	Exact match	Exact match	100.0	Deinococcus_grandis_DSM-3963	Deinococcus_grandis	577.4416128541601	98.7	100.0	present cluster priority class
mock-18	Mock 8	mock-18|Mock 8	TAC	Zotu11	OTU12	Exact match	Exact match	100.0	Gemmatimonas_aurantiaca_T-27	Gemmatimonas_aurantiaca	550.1320538171158	98.7	100.0	present cluster priority class
mock-18	Mock 8	mock-18|Mock 8	TAC	Zotu12	OTU8	Exact match	Exact match	100.0	Desulfitobacterium_hafniense_DCB-2	Desulfitobacterium_hafniense	528.0078540909028	98.7	100.0	present cluster priority class
mock-18	Mock 8	mock-18|Mock 8	TAC	Zotu13	OTU4	Exact match	Exact match	100.0	Treponema_bryantii_ATCC-33254	Treponema_bryantii	477.67529971376814	98.7	100.0	present cluster priority class
mock-18	Mock 8	mock-18|Mock 8	TAC	Zotu14	OTU10	Exact match	Exact match	100.0	Chloroflexus_aurantiacus_J-10-fl	Chloroflexus_aurantiacus	470.6923491751821	98.7	100.0	present cluster priority class
mock-18	Mock 8	mock-18|Mock 8	TAC	Zotu2	OTU14	Exact match	Exact match	100.0	Desulfovibrio_vulgaris_Hildenborough	Desulfovibrio_vulgaris	1035.965652179925	98.7	100.0	present cluster priority class
mock-18	Mock 8	mock-18|Mock 8	TAC	Zotu3	OTU9	Exact match	Exact match	100.0	Pseudomonas_putida_KT2440	Pseudomonas_putida	1036.7261715455136	98.7	100.0	present cluster priority class
mock-18	Mock 8	mock-18|Mock 8	TAC	Zotu4	OTU1	Exact match	Exact match	100.0	Bacteroides_vulgatus_ATCC-8482	Bacteroides_vulgatus	772.4802610655568	98.7	100.0	present cluster priority class
mock-18	Mock 8	mock-18|Mock 8	TAC	Zotu5	OTU7	Exact match	Exact match	100.0	Anaerolinea_thermophila_UNI-1	Anaerolinea_thermophila	764.6676530372378	98.7	100.0	present cluster priority class
mock-18	Mock 8	mock-18|Mock 8	TAC	Zotu6	OTU2	Exact match	Exact match	100.0	Escherichia_coli_DH5a	Escherichia_coli	714.1968224118143	98.7	100.0	present cluster priority class
mock-18	Mock 8	mock-18|Mock 8	TAC	Zotu7	OTU13	Exact match	Exact match	100.0	Clostridium_acetobutylicum_ATCC-824	Clostridium_acetobutylicum	693.178832671912	98.7	100.0	present cluster priority class
mock-18	Mock 8	mock-18|Mock 8	TAC	Zotu8	OTU11	Exact match	Exact match	100.0	Nitrobacter_winogradskyi_ATCC-14123	Nitrobacter_winogradskyi	658.4714943514152	98.7	100.0	present cluster priority class
mock-18	Mock 8	mock-18|Mock 8	TAC	Zotu9	OTU3	Exact match	Exact match	100.0	Bacillus_subtilis_ATCC-6051	Bacillus_subtilis	576.8193697368603	98.7	100.0	present cluster priority class
mock-19	Mock 9	mock-19|Mock 9	TIC	Zotu1	SOTU601	Exact match	Exact match	100.0	Nitrosomonas_europaea_ATCC-19178	Nitrosomonas_europaea	950.8689402848556	98.7	100.0	present cluster priority class
mock-19	Mock 9	mock-19|Mock 9	TIC	Zotu10	SOTU1301	Exact match	Exact match	100.0	Desulfitobacterium_hafniense_DCB-2	Desulfitobacterium_hafniense	637.1357637527766	98.7	100.0	present cluster priority class
mock-19	Mock 9	mock-19|Mock 9	TIC	Zotu11	SOTU1101	Exact match	Exact match	100.0	Nitrobacter_winogradskyi_ATCC-14123	Nitrobacter_winogradskyi	635.5677512086763	98.7	100.0	present cluster priority class
mock-19	Mock 9	mock-19|Mock 9	TIC	Zotu12	SOTU801	Exact match	Exact match	100.0	Gemmatimonas_aurantiaca_T-27	Gemmatimonas_aurantiaca	589.4420488697243	98.7	100.0	present cluster priority class
mock-19	Mock 9	mock-19|Mock 9	TIC	Zotu13	SOTU1501	Exact match	Exact match	100.0	Anaerolinea_thermophila_UNI-1	Anaerolinea_thermophila	592.1860708218999	98.7	100.0	present cluster priority class
mock-19	Mock 9	mock-19|Mock 9	TIC	Zotu14	SOTU501	Exact match	Exact match	100.0	Treponema_bryantii_ATCC-33254	Treponema_bryantii	328.6292957010323	98.7	100.0	present cluster priority class
mock-19	Mock 9	mock-19|Mock 9	TIC	Zotu15	SOTU101	Exact match	Exact match	100.0	Microlunatus_phosphovorus_NM-1	Microlunatus_phosphovorus	177.31608519534825	98.7	100.0	present cluster priority class
mock-19	Mock 9	mock-19|Mock 9	TIC	Zotu2	SOTU701	Exact match	Exact match	100.0	Pseudomonas_putida_KT2440	Pseudomonas_putida	900.1698680256108	98.7	100.0	present cluster priority class
mock-19	Mock 9	mock-19|Mock 9	TIC	Zotu3	SOTU401	Exact match	Exact match	100.0	Desulfovibrio_vulgaris_Hildenborough	Desulfovibrio_vulgaris	820.4625637005096	98.7	100.0	present cluster priority class
mock-19	Mock 9	mock-19|Mock 9	TIC	Zotu4	SOTU201	Exact match	Exact match	100.0	Clostridium_acetobutylicum_ATCC-824	Clostridium_acetobutylicum	774.2061936495493	98.7	100.0	present cluster priority class
mock-19	Mock 9	mock-19|Mock 9	TIC	Zotu5	SOTU901	Exact match	Exact match	100.0	Deinococcus_grandis_DSM-3963	Deinococcus_grandis	770.2861622892983	98.7	100.0	present cluster priority class
mock-19	Mock 9	mock-19|Mock 9	TIC	Zotu6	SOTU1201	Exact match	Exact match	100.0	Chloroflexus_aurantiacus_J-10-fl	Chloroflexus_aurantiacus	753.4300274402194	98.7	100.0	present cluster priority class
mock-19	Mock 9	mock-19|Mock 9	TIC	Zotu7	SOTU1001	Exact match	Exact match	100.0	Bacteroides_vulgatus_ATCC-8482	Bacteroides_vulgatus	704.952306285117	98.7	100.0	present cluster priority class
mock-19	Mock 9	mock-19|Mock 9	TIC	Zotu8	SOTU301	Exact match	Exact match	100.0	Bacillus_subtilis_ATCC-6051	Bacillus_subtilis	689.9255194041552	98.7	100.0	present cluster priority class
mock-19	Mock 9	mock-19|Mock 9	TIC	Zotu9	SOTU1401	Exact match	Exact match	100.0	Escherichia_coli_DH5a	Escherichia_coli	675.4214033712269	98.7	100.0	present cluster priority class
mock-19	Mock 9	mock-19|Mock 9	TAC	Zotu1	OTU6	Exact match	Exact match	100.0	Nitrosomonas_europaea_ATCC-19178	Nitrosomonas_europaea	950.8689402848556	98.7	100.0	present cluster priority class
mock-19	Mock 9	mock-19|Mock 9	TAC	Zotu10	OTU12	Exact match	Exact match	100.0	Desulfitobacterium_hafniense_DCB-2	Desulfitobacterium_hafniense	637.1357637527766	98.7	100.0	present cluster priority class
mock-19	Mock 9	mock-19|Mock 9	TAC	Zotu11	OTU3	Exact match	Exact match	100.0	Nitrobacter_winogradskyi_ATCC-14123	Nitrobacter_winogradskyi	635.5677512086763	98.7	100.0	present cluster priority class
mock-19	Mock 9	mock-19|Mock 9	TAC	Zotu12	OTU8	Exact match	Exact match	100.0	Gemmatimonas_aurantiaca_T-27	Gemmatimonas_aurantiaca	589.4420488697243	98.7	100.0	present cluster priority class
mock-19	Mock 9	mock-19|Mock 9	TAC	Zotu13	OTU7	Exact match	Exact match	100.0	Anaerolinea_thermophila_UNI-1	Anaerolinea_thermophila	592.1860708218999	98.7	100.0	present cluster priority class
mock-19	Mock 9	mock-19|Mock 9	TAC	Zotu14	OTU5	Exact match	Exact match	100.0	Treponema_bryantii_ATCC-33254	Treponema_bryantii	328.6292957010323	98.7	100.0	present cluster priority class
mock-19	Mock 9	mock-19|Mock 9	TAC	Zotu15	OTU10	Exact match	Exact match	100.0	Microlunatus_phosphovorus_NM-1	Microlunatus_phosphovorus	177.31608519534825	98.7	100.0	present cluster priority class
mock-19	Mock 9	mock-19|Mock 9	TAC	Zotu2	OTU13	Exact match	Exact match	100.0	Pseudomonas_putida_KT2440	Pseudomonas_putida	900.1698680256108	98.7	100.0	present cluster priority class
mock-19	Mock 9	mock-19|Mock 9	TAC	Zotu3	OTU4	Exact match	Exact match	100.0	Desulfovibrio_vulgaris_Hildenborough	Desulfovibrio_vulgaris	820.4625637005096	98.7	100.0	present cluster priority class
mock-19	Mock 9	mock-19|Mock 9	TAC	Zotu4	OTU9	Exact match	Exact match	100.0	Clostridium_acetobutylicum_ATCC-824	Clostridium_acetobutylicum	774.2061936495493	98.7	100.0	present cluster priority class
mock-19	Mock 9	mock-19|Mock 9	TAC	Zotu5	OTU1	Exact match	Exact match	100.0	Deinococcus_grandis_DSM-3963	Deinococcus_grandis	770.2861622892983	98.7	100.0	present cluster priority class
mock-19	Mock 9	mock-19|Mock 9	TAC	Zotu6	OTU11	Exact match	Exact match	100.0	Chloroflexus_aurantiacus_J-10-fl	Chloroflexus_aurantiacus	753.4300274402194	98.7	100.0	present cluster priority class
mock-19	Mock 9	mock-19|Mock 9	TAC	Zotu7	OTU14	Exact match	Exact match	100.0	Bacteroides_vulgatus_ATCC-8482	Bacteroides_vulgatus	704.952306285117	98.7	100.0	present cluster priority class
mock-19	Mock 9	mock-19|Mock 9	TAC	Zotu8	OTU2	Exact match	Exact match	100.0	Bacillus_subtilis_ATCC-6051	Bacillus_subtilis	689.9255194041552	98.7	100.0	present cluster priority class
mock-19	Mock 9	mock-19|Mock 9	TAC	Zotu9	OTU15	Exact match	Exact match	100.0	Escherichia_coli_DH5a	Escherichia_coli	675.4214033712269	98.7	100.0	present cluster priority class
mock-20	Mock 10	mock-20|Mock 10	TIC	Zotu1	SOTU1901	Exact match	Exact match	100.0	Staphylococcus_aureus_ATCC_BAA-1718	Staphylococcus_aureus	1330.890722231915	98.7	100.0	present cluster priority class
mock-20	Mock 10	mock-20|Mock 10	TIC	Zotu10	SOTU401	Exact match	Exact match	100.0	Lactobacillus_gasseri_DSM_20243	Lactobacillus_gasseri	468.8317838538421	98.7	100.0	present cluster priority class
mock-20	Mock 10	mock-20|Mock 10	TIC	Zotu11	SOTU1101	Exact match	Exact match	100.0	Streptococcus_mutans_ATCC_700610	Streptococcus_mutans	440.251572327044	98.7	100.0	present cluster priority class
mock-20	Mock 10	mock-20|Mock 10	TIC	Zotu12	SOTU1701	Exact match	Exact match	100.0	Escherichia_coli_ATCC_700926	Escherichia_coli	322.69052782001114	98.7	100.0	present cluster priority class
mock-20	Mock 10	mock-20|Mock 10	TIC	Zotu13	SOTU1401	Exact match	Exact match	100.0	Enterococcus_faecalis_ATCC_47077	Enterococcus_faecalis	417.98559357942224	98.7	100.0	present cluster priority class
mock-20	Mock 10	mock-20|Mock 10	TIC	Zotu14	SOTU1102	Exact match	Exact match	100.0	Streptococcus_pneumoniae_ATCC_BAA-334	Streptococcus_pneumoniae	198.64908651329728	98.7	100.0	present cluster priority class
mock-20	Mock 10	mock-20|Mock 10	TIC	Zotu15	SOTU1301	Exact match	Exact match	100.0	Rhodobacter_sphaeroides_ATCC_17023	Rhodobacter_sphaeroides	204.9633192924736	98.7	100.0	present cluster priority class
mock-20	Mock 10	mock-20|Mock 10	TIC	Zotu16	SOTU301	Exact match	Exact match	100.0	Actinomyces_odontolyticus_ATCC_17982	Actinomyces_odontolyticus	110.9975656970996	98.7	100.0	present cluster priority class
mock-20	Mock 10	mock-20|Mock 10	TIC	Zotu17	SOTU601	Exact match	Exact match	100.0	Bacteroides_vulgatus_ATCC_8482__Copy3	Bacteroides_vulgatus	90.6424731852812	98.7	100.0	present cluster priority class
mock-20	Mock 10	mock-20|Mock 10	TIC	Zotu18	SOTU601	Exact match	Exact match	100.0	Bacteroides_vulgatus_ATCC_8482__Copy4	Bacteroides_vulgatus	82.58351819080615	98.7	100.0	present cluster priority class
mock-20	Mock 10	mock-20|Mock 10	TIC	Zotu19	SOTU501	Exact match	Exact match	100.0	Deinococcus_radiodurans_DSM_20539_	Deinococcus_radiodurans	58.82206325864261	98.7	100.0	present cluster priority class
mock-20	Mock 10	mock-20|Mock 10	TIC	Zotu2	SOTU101	Exact match	Exact match	100.0	Acinetobacter_baumannii_ATCC_17978	Acinetobacter_baumannii	1009.1140965246794	98.7	100.0	present cluster priority class
mock-20	Mock 10	mock-20|Mock 10	TIC	Zotu20	SOTU901	Exact match	Exact match	100.0	Pseudomonas_aeruginosa_ATCC_47085	Pseudomonas_aeruginosa	61.646851607221485	98.7	100.0	present cluster priority class
mock-20	Mock 10	mock-20|Mock 10	TIC	Zotu21	SOTU1902	No hit	No hit	98.419	Staphylococcus_aureus_ATCC_BAA-1718	Staphylococcus_aureus	171.97976122230253	98.7	100.0	present cluster priority class
mock-20	Mock 10	mock-20|Mock 10	TIC	Zotu22	SOTU701	No hit	No hit	98.419	Bacillus_cereus_ATCC_10987	Bacillus_cereus	95.54431179016808	98.7	100.0	present cluster priority class
mock-20	Mock 10	mock-20|Mock 10	TIC	Zotu23	SOTU1102	Near-exact match	Exact match	99.206	Streptococcus_pneumoniae_ATCC_BAA-334	Streptococcus_pneumoniae	45.113531567009794	98.7	100.0	present cluster priority class
mock-20	Mock 10	mock-20|Mock 10	TIC	Zotu24	SOTU1201	No hit	No hit	97.222	Streptococcus_agalactiae_ATCC_BAA-611	Streptococcus_agalactiae	26.83548931149938	98.7	100.0	present cluster priority class
mock-20	Mock 10	mock-20|Mock 10	TIC	Zotu25	SOTU201	No hit	No hit	98.016	Streptococcus_pneumoniae_ATCC_BAA-334	Streptococcus_pneumoniae	16.117909988950093	98.7	100.0	present cluster priority class
mock-20	Mock 10	mock-20|Mock 10	TIC	Zotu26	SOTU702	No hit	No hit	97.233	Staphylococcus_aureus_ATCC_BAA-1718	Staphylococcus_aureus	49.51687811038276	98.7	100.0	present cluster priority class
mock-20	Mock 10	mock-20|Mock 10	TIC	Zotu27	SOTU1103	No hit	No hit	94.841	Streptococcus_agalactiae_ATCC_BAA-611	Streptococcus_agalactiae	28.41404750629346	98.7	100.0	present cluster priority class
mock-20	Mock 10	mock-20|Mock 10	TIC	Zotu28	SOTU1601	No hit	No hit	98.024	Listeria_monocytogenes_ATCC_BAA-679	Listeria_monocytogenes	41.70716914666468	98.7	100.0	present cluster priority class
mock-20	Mock 10	mock-20|Mock 10	TIC	Zotu29	SOTU1104	No hit	No hit	98.016	Streptococcus_pneumoniae_ATCC_BAA-334	Streptococcus_pneumoniae	9.637513189269129	98.7	100.0	present cluster priority class
mock-20	Mock 10	mock-20|Mock 10	TIC	Zotu3	SOTU1501	Exact match	Exact match	100.0	Helicobacter_pylori_ATCC_700392	Helicobacter_pylori	995.239400812542	98.7	100.0	present cluster priority class
mock-20	Mock 10	mock-20|Mock 10	TIC	Zotu4	SOTU1801	Exact match	Exact match	100.0	Bacillus_cereus_ATCC_10987	Bacillus_cereus	795.0117561044508	98.7	100.0	present cluster priority class
mock-20	Mock 10	mock-20|Mock 10	TIC	Zotu5	SOTU1602	Exact match	Exact match	100.0	Listeria_monocytogenes_ATCC_BAA-679	Listeria_monocytogenes	751.3937007219827	98.7	100.0	present cluster priority class
mock-20	Mock 10	mock-20|Mock 10	TIC	Zotu6	SOTU1105	Exact match	Exact match	100.0	Streptococcus_agalactiae_ATCC_BAA-611	Streptococcus_agalactiae	670.1394946952137	98.7	100.0	present cluster priority class
mock-20	Mock 10	mock-20|Mock 10	TIC	Zotu7	SOTU801	Exact match	Exact match	100.0	Clostridium_beijerinckii_ATCC_51743	Clostridium_beijerinckii	610.3204473135431	98.7	100.0	present cluster priority class
mock-20	Mock 10	mock-20|Mock 10	TIC	Zotu8	SOTU601	Exact match	Exact match	100.0	Bacteroides_vulgatus_ATCC_8482	Bacteroides_vulgatus	471.7396542126733	98.7	100.0	present cluster priority class
mock-20	Mock 10	mock-20|Mock 10	TIC	Zotu9	SOTU1001	Exact match	Exact match	100.0	Neisseria_meningitidis_ATCC_BAA-335	Neisseria_meningitidis	423.2197602253184	98.7	100.0	present cluster priority class
mock-20	Mock 10	mock-20|Mock 10	TAC	Zotu1	OTU18	Exact match	Exact match	100.0	Staphylococcus_aureus_ATCC_BAA-1718	Staphylococcus_aureus	1330.890722231915	98.7	100.0	present cluster priority class
mock-20	Mock 10	mock-20|Mock 10	TAC	Zotu10	OTU5	Exact match	Exact match	100.0	Lactobacillus_gasseri_DSM_20243	Lactobacillus_gasseri	468.8317838538421	98.7	100.0	present cluster priority class
mock-20	Mock 10	mock-20|Mock 10	TAC	Zotu11	OTU21	Exact match	Exact match	100.0	Streptococcus_mutans_ATCC_700610	Streptococcus_mutans	440.251572327044	98.7	100.0	present cluster priority class
mock-20	Mock 10	mock-20|Mock 10	TAC	Zotu12	OTU10	Exact match	Exact match	100.0	Escherichia_coli_ATCC_700926	Escherichia_coli	322.69052782001114	98.7	100.0	present cluster priority class
mock-20	Mock 10	mock-20|Mock 10	TAC	Zotu13	OTU17	Exact match	Exact match	100.0	Enterococcus_faecalis_ATCC_47077	Enterococcus_faecalis	417.98559357942224	98.7	100.0	present cluster priority class
mock-20	Mock 10	mock-20|Mock 10	TAC	Zotu14	OTU24	Exact match	Exact match	100.0	Streptococcus_pneumoniae_ATCC_BAA-334	Streptococcus_pneumoniae	198.64908651329728	98.7	100.0	present cluster priority class
mock-20	Mock 10	mock-20|Mock 10	TAC	Zotu15	OTU6	Exact match	Exact match	100.0	Rhodobacter_sphaeroides_ATCC_17023	Rhodobacter_sphaeroides	204.9633192924736	98.7	100.0	present cluster priority class
mock-20	Mock 10	mock-20|Mock 10	TAC	Zotu16	OTU13	Exact match	Exact match	100.0	Actinomyces_odontolyticus_ATCC_17982	Actinomyces_odontolyticus	110.9975656970996	98.7	100.0	present cluster priority class
mock-20	Mock 10	mock-20|Mock 10	TAC	Zotu17	OTU14	Exact match	Exact match	100.0	Bacteroides_vulgatus_ATCC_8482__Copy3	Bacteroides_vulgatus	90.6424731852812	98.7	100.0	present cluster priority class
mock-20	Mock 10	mock-20|Mock 10	TAC	Zotu18	OTU14	Exact match	Exact match	100.0	Bacteroides_vulgatus_ATCC_8482__Copy4	Bacteroides_vulgatus	82.58351819080615	98.7	100.0	present cluster priority class
mock-20	Mock 10	mock-20|Mock 10	TAC	Zotu19	OTU9	Exact match	Exact match	100.0	Deinococcus_radiodurans_DSM_20539_	Deinococcus_radiodurans	58.82206325864261	98.7	100.0	present cluster priority class
mock-20	Mock 10	mock-20|Mock 10	TAC	Zotu2	OTU15	Exact match	Exact match	100.0	Acinetobacter_baumannii_ATCC_17978	Acinetobacter_baumannii	1009.1140965246794	98.7	100.0	present cluster priority class
mock-20	Mock 10	mock-20|Mock 10	TAC	Zotu20	OTU8	Exact match	Exact match	100.0	Pseudomonas_aeruginosa_ATCC_47085	Pseudomonas_aeruginosa	61.646851607221485	98.7	100.0	present cluster priority class
mock-20	Mock 10	mock-20|Mock 10	TAC	Zotu21	OTU4	No hit	No hit	98.419	Staphylococcus_aureus_ATCC_BAA-1718	Staphylococcus_aureus	171.97976122230253	98.7	100.0	present cluster priority class
mock-20	Mock 10	mock-20|Mock 10	TAC	Zotu22	OTU2	No hit	No hit	98.419	Bacillus_cereus_ATCC_10987	Bacillus_cereus	95.54431179016808	98.7	100.0	present cluster priority class
mock-20	Mock 10	mock-20|Mock 10	TAC	Zotu23	OTU20	Near-exact match	Near-exact match	99.206	Streptococcus_pneumoniae_ATCC_BAA-334	Streptococcus_pneumoniae	45.113531567009794	98.7	100.0	present cluster priority class
mock-20	Mock 10	mock-20|Mock 10	TAC	Zotu24	OTU26	No hit	No hit	97.222	Streptococcus_agalactiae_ATCC_BAA-611	Streptococcus_agalactiae	26.83548931149938	98.7	100.0	present cluster priority class
mock-20	Mock 10	mock-20|Mock 10	TAC	Zotu25	OTU20	No hit	Near-exact match	98.016	Streptococcus_pneumoniae_ATCC_BAA-334	Streptococcus_pneumoniae	16.117909988950093	98.7	100.0	present cluster priority class
mock-20	Mock 10	mock-20|Mock 10	TAC	Zotu26	OTU7	No hit	No hit	97.233	Staphylococcus_aureus_ATCC_BAA-1718	Staphylococcus_aureus	49.51687811038276	98.7	100.0	present cluster priority class
mock-20	Mock 10	mock-20|Mock 10	TAC	Zotu27	OTU25	No hit	No hit	94.841	Streptococcus_agalactiae_ATCC_BAA-611	Streptococcus_agalactiae	28.41404750629346	98.7	100.0	present cluster priority class
mock-20	Mock 10	mock-20|Mock 10	TAC	Zotu28	OTU12	No hit	No hit	98.024	Listeria_monocytogenes_ATCC_BAA-679	Listeria_monocytogenes	41.70716914666468	98.7	100.0	present cluster priority class
mock-20	Mock 10	mock-20|Mock 10	TAC	Zotu29	OTU23	No hit	No hit	98.016	Streptococcus_pneumoniae_ATCC_BAA-334	Streptococcus_pneumoniae	9.637513189269129	98.7	100.0	present cluster priority class
mock-20	Mock 10	mock-20|Mock 10	TAC	Zotu3	OTU1	Exact match	Exact match	100.0	Helicobacter_pylori_ATCC_700392	Helicobacter_pylori	995.239400812542	98.7	100.0	present cluster priority class
mock-20	Mock 10	mock-20|Mock 10	TAC	Zotu4	OTU3	Exact match	Exact match	100.0	Bacillus_cereus_ATCC_10987	Bacillus_cereus	795.0117561044508	98.7	100.0	present cluster priority class
mock-20	Mock 10	mock-20|Mock 10	TAC	Zotu5	OTU19	Exact match	Exact match	100.0	Listeria_monocytogenes_ATCC_BAA-679	Listeria_monocytogenes	751.3937007219827	98.7	100.0	present cluster priority class
mock-20	Mock 10	mock-20|Mock 10	TAC	Zotu6	OTU22	Exact match	Exact match	100.0	Streptococcus_agalactiae_ATCC_BAA-611	Streptococcus_agalactiae	670.1394946952137	98.7	100.0	present cluster priority class
mock-20	Mock 10	mock-20|Mock 10	TAC	Zotu7	OTU16	Exact match	Exact match	100.0	Clostridium_beijerinckii_ATCC_51743	Clostridium_beijerinckii	610.3204473135431	98.7	100.0	present cluster priority class
mock-20	Mock 10	mock-20|Mock 10	TAC	Zotu8	OTU14	Exact match	Exact match	100.0	Bacteroides_vulgatus_ATCC_8482	Bacteroides_vulgatus	471.7396542126733	98.7	100.0	present cluster priority class
mock-20	Mock 10	mock-20|Mock 10	TAC	Zotu9	OTU11	Exact match	Exact match	100.0	Neisseria_meningitidis_ATCC_BAA-335	Neisseria_meningitidis	423.2197602253184	98.7	100.0	present cluster priority class
mock-21	Mock 11	mock-21|Mock 11	TIC	Zotu1	SOTU401	Exact match	Exact match	100.0	Staphylococcus_aureus_ATCC_BAA-1718	Staphylococcus_aureus	3856.1756661963946	98.7	100.0	present cluster priority class
mock-21	Mock 11	mock-21|Mock 11	TIC	Zotu10	SOTU401	Near-exact match	Exact match	98.814	Staphylococcus_aureus_ATCC_BAA-1718	Staphylococcus_aureus	54.77746163607273	98.7	100.0	present cluster priority class
mock-21	Mock 11	mock-21|Mock 11	TIC	Zotu11	SOTU501	No hit	No hit	98.413	Streptococcus_agalactiae_ATCC_BAA-611	Streptococcus_agalactiae	63.76254167421992	98.7	100.0	present cluster priority class
mock-21	Mock 11	mock-21|Mock 11	TIC	Zotu12	SOTU402	No hit	No hit	98.024	Staphylococcus_aureus_ATCC_BAA-1718	Staphylococcus_aureus	42.1668229860416	98.7	100.0	present cluster priority class
mock-21	Mock 11	mock-21|Mock 11	TIC	Zotu13	SOTU502	No hit	No hit	98.413	Streptococcus_mutans_ATCC_700610	Streptococcus_mutans	91.58476319585112	98.7	100.0	present cluster priority class
mock-21	Mock 11	mock-21|Mock 11	TIC	Zotu14	SOTU1301	Near-exact match	Near-exact match	98.814	Bacillus_cereus_ATCC_10987	Bacillus_cereus	40.90575912103849	98.7	100.0	present cluster priority class
mock-21	Mock 11	mock-21|Mock 11	TIC	Zotu15	SOTU701	Exact match	Exact match	100.0	Helicobacter_pylori_ATCC_700392	Helicobacter_pylori	30.10789977694933	98.7	100.0	present cluster priority class
mock-21	Mock 11	mock-21|Mock 11	TIC	Zotu16	SOTU301	Exact match	Exact match	100.0	Acinetobacter_baumannii_ATCC_17978	Acinetobacter_baumannii	30.186716268512026	98.7	100.0	present cluster priority class
mock-21	Mock 11	mock-21|Mock 11	TIC	Zotu17	SOTU403	No hit	No hit	98.024	Staphylococcus_aureus_ATCC_BAA-1718	Staphylococcus_aureus	42.2456394776043	98.7	100.0	present cluster priority class
mock-21	Mock 11	mock-21|Mock 11	TIC	Zotu18	SOTU1401	Exact match	Exact match	100.0	Pseudomonas_aeruginosa_ATCC_47085	Pseudomonas_aeruginosa	26.00944221568921	98.7	100.0	present cluster priority class
mock-21	Mock 11	mock-21|Mock 11	TIC	Zotu19	SOTU1001	Exact match	Exact match	100.0	Listeria_monocytogenes_ATCC_BAA-679	Listeria_monocytogenes	23.80258045193376	98.7	100.0	present cluster priority class
mock-21	Mock 11	mock-21|Mock 11	TIC	Zotu2	SOTU503	Exact match	Exact match	100.0	Streptococcus_mutans_ATCC_700610	Streptococcus_mutans	1820.5033221151195	98.7	100.0	present cluster priority class
mock-21	Mock 11	mock-21|Mock 11	TIC	Zotu20	SOTU801	Exact match	Exact match	100.0	Lactobacillus_gasseri_DSM_20243	Lactobacillus_gasseri	16.078564278789695	98.7	100.0	present cluster priority class
mock-21	Mock 11	mock-21|Mock 11	TIC	Zotu21	SOTU1201	No hit	No hit	97.628	Clostridium_beijerinckii_ATCC_51743	Clostridium_beijerinckii	25.063644316936877	98.7	100.0	present cluster priority class
mock-21	Mock 11	mock-21|Mock 11	TIC	Zotu22	SOTU601	Exact match	Exact match	100.0	Neisseria_meningitidis_ATCC_BAA-335	Neisseria_meningitidis	11.191941801902631	98.7	100.0	present cluster priority class
mock-21	Mock 11	mock-21|Mock 11	TIC	Zotu23	SOTU1101	No hit	No hit	96.047	Escherichia_coli_ATCC_700926	Escherichia_coli	3.9408245781347286	98.7	100.0	present cluster priority class
mock-21	Mock 11	mock-21|Mock 11	TIC	Zotu24	SOTU302	No hit	No hit	96.047	Acinetobacter_baumannii_ATCC_17978	Acinetobacter_baumannii	2.8373936962570045	98.7	100.0	present cluster priority class
mock-21	Mock 11	mock-21|Mock 11	TIC	Zotu25	SOTU1002	No hit	No hit	98.419	Listeria_monocytogenes_ATCC_BAA-679	Listeria_monocytogenes	4.7289894937616745	98.7	100.0	present cluster priority class
mock-21	Mock 11	mock-21|Mock 11	TIC	Zotu26	SOTU801	Near-exact match	Exact match	98.814	Lactobacillus_gasseri_DSM_20243	Lactobacillus_gasseri	1.655146322816586	98.7	100.0	present cluster priority class
mock-21	Mock 11	mock-21|Mock 11	TIC	Zotu27	SOTU1001	Near-exact match	Exact match	99.209	Listeria_monocytogenes_ATCC_BAA-679	Listeria_monocytogenes	1.733962814379281	98.7	100.0	present cluster priority class
mock-21	Mock 11	mock-21|Mock 11	TIC	Zotu28	SOTU504	Exact match	Exact match	100.0	Streptococcus_pneumoniae_ATCC_BAA-334	Streptococcus_pneumoniae	1.655146322816586	98.7	100.0	present cluster priority class
mock-21	Mock 11	mock-21|Mock 11	TIC	Zotu29	SOTU802	No hit	No hit	98.024	Lactobacillus_gasseri_DSM_20243	Lactobacillus_gasseri	4.807805985324369	98.7	100.0	present cluster priority class
mock-21	Mock 11	mock-21|Mock 11	TIC	Zotu3	SOTU201	Exact match	Exact match	100.0	Escherichia_coli_ATCC_700926	Escherichia_coli	1607.462345421156	98.7	100.0	present cluster priority class
mock-21	Mock 11	mock-21|Mock 11	TIC	Zotu30	SOTU505	No hit	No hit	94.048	Streptococcus_agalactiae_ATCC_BAA-611	Streptococcus_agalactiae	28.53156994569544	98.7	100.0	present cluster priority class
mock-21	Mock 11	mock-21|Mock 11	TIC	Zotu31	SOTU803	No hit	No hit	96.838	Lactobacillus_gasseri_DSM_20243	Lactobacillus_gasseri	1.4975133396911968	98.7	100.0	present cluster priority class
mock-21	Mock 11	mock-21|Mock 11	TIC	Zotu4	SOTU901	Exact match	Exact match	100.0	Rhodobacter_sphaeroides_ATCC_17023	Rhodobacter_sphaeroides	1208.3356321476706	98.7	100.0	present cluster priority class
mock-21	Mock 11	mock-21|Mock 11	TIC	Zotu5	SOTU101	Exact match	Exact match	100.0	Bacillus_cereus_ATCC_10987	Bacillus_cereus	315.4235992339037	98.7	100.0	present cluster priority class
mock-21	Mock 11	mock-21|Mock 11	TIC	Zotu6	SOTU506	Exact match	Exact match	100.0	Streptococcus_agalactiae_ATCC_BAA-611	Streptococcus_agalactiae	276.72470187662066	98.7	100.0	present cluster priority class
mock-21	Mock 11	mock-21|Mock 11	TIC	Zotu7	SOTU1202	Exact match	Exact match	100.0	Clostridium_beijerinckii_ATCC_51743	Clostridium_beijerinckii	187.11035096983693	98.7	100.0	present cluster priority class
mock-21	Mock 11	mock-21|Mock 11	TIC	Zotu8	SOTU403	No hit	No hit	98.419	Staphylococcus_aureus_ATCC_BAA-1718	Staphylococcus_aureus	127.60389984000253	98.7	100.0	present cluster priority class
mock-21	Mock 11	mock-21|Mock 11	TIC	Zotu9	SOTU1302	No hit	No hit	98.419	Bacillus_cereus_ATCC_10987	Bacillus_cereus	51.38835249887686	98.7	100.0	present cluster priority class
mock-21	Mock 11	mock-21|Mock 11	TAC	Zotu1	OTU14	Exact match	Exact match	100.0	Staphylococcus_aureus_ATCC_BAA-1718	Staphylococcus_aureus	3856.1756661963946	98.7	100.0	present cluster priority class
mock-21	Mock 11	mock-21|Mock 11	TAC	Zotu10	OTU14	Near-exact match	Exact match	98.814	Staphylococcus_aureus_ATCC_BAA-1718	Staphylococcus_aureus	54.77746163607273	98.7	100.0	present cluster priority class
mock-21	Mock 11	mock-21|Mock 11	TAC	Zotu11	OTU21	No hit	No hit	98.413	Streptococcus_agalactiae_ATCC_BAA-611	Streptococcus_agalactiae	63.76254167421992	98.7	100.0	present cluster priority class
mock-21	Mock 11	mock-21|Mock 11	TAC	Zotu12	OTU14	No hit	Exact match	98.024	Staphylococcus_aureus_ATCC_BAA-1718	Staphylococcus_aureus	42.1668229860416	98.7	100.0	present cluster priority class
mock-21	Mock 11	mock-21|Mock 11	TAC	Zotu13	OTU22	No hit	No hit	98.413	Streptococcus_mutans_ATCC_700610	Streptococcus_mutans	91.58476319585112	98.7	100.0	present cluster priority class
mock-21	Mock 11	mock-21|Mock 11	TAC	Zotu14	OTU15	Near-exact match	Near-exact match	98.814	Bacillus_cereus_ATCC_10987	Bacillus_cereus	40.90575912103849	98.7	100.0	present cluster priority class
mock-21	Mock 11	mock-21|Mock 11	TAC	Zotu15	OTU1	Exact match	Exact match	100.0	Helicobacter_pylori_ATCC_700392	Helicobacter_pylori	30.10789977694933	98.7	100.0	present cluster priority class
mock-21	Mock 11	mock-21|Mock 11	TAC	Zotu16	OTU7	Exact match	Exact match	100.0	Acinetobacter_baumannii_ATCC_17978	Acinetobacter_baumannii	30.186716268512026	98.7	100.0	present cluster priority class
mock-21	Mock 11	mock-21|Mock 11	TAC	Zotu17	OTU15	No hit	Near-exact match	98.024	Staphylococcus_aureus_ATCC_BAA-1718	Staphylococcus_aureus	42.2456394776043	98.7	100.0	present cluster priority class
mock-21	Mock 11	mock-21|Mock 11	TAC	Zotu18	OTU9	Exact match	Exact match	100.0	Pseudomonas_aeruginosa_ATCC_47085	Pseudomonas_aeruginosa	26.00944221568921	98.7	100.0	present cluster priority class
mock-21	Mock 11	mock-21|Mock 11	TAC	Zotu19	OTU8	Exact match	Exact match	100.0	Listeria_monocytogenes_ATCC_BAA-679	Listeria_monocytogenes	23.80258045193376	98.7	100.0	present cluster priority class
mock-21	Mock 11	mock-21|Mock 11	TAC	Zotu2	OTU19	Exact match	Exact match	100.0	Streptococcus_mutans_ATCC_700610	Streptococcus_mutans	1820.5033221151195	98.7	100.0	present cluster priority class
mock-21	Mock 11	mock-21|Mock 11	TAC	Zotu20	OTU3	Exact match	Exact match	100.0	Lactobacillus_gasseri_DSM_20243	Lactobacillus_gasseri	16.078564278789695	98.7	100.0	present cluster priority class
mock-21	Mock 11	mock-21|Mock 11	TAC	Zotu21	OTU16	No hit	No hit	97.628	Clostridium_beijerinckii_ATCC_51743	Clostridium_beijerinckii	25.063644316936877	98.7	100.0	present cluster priority class
mock-21	Mock 11	mock-21|Mock 11	TAC	Zotu22	OTU10	Exact match	Exact match	100.0	Neisseria_meningitidis_ATCC_BAA-335	Neisseria_meningitidis	11.191941801902631	98.7	100.0	present cluster priority class
mock-21	Mock 11	mock-21|Mock 11	TAC	Zotu23	OTU6	No hit	No hit	96.047	Escherichia_coli_ATCC_700926	Escherichia_coli	3.9408245781347286	98.7	100.0	present cluster priority class
mock-21	Mock 11	mock-21|Mock 11	TAC	Zotu24	OTU5	No hit	No hit	96.047	Acinetobacter_baumannii_ATCC_17978	Acinetobacter_baumannii	2.8373936962570045	98.7	100.0	present cluster priority class
mock-21	Mock 11	mock-21|Mock 11	TAC	Zotu25	OTU11	No hit	No hit	98.419	Listeria_monocytogenes_ATCC_BAA-679	Listeria_monocytogenes	4.7289894937616745	98.7	100.0	present cluster priority class
mock-21	Mock 11	mock-21|Mock 11	TAC	Zotu26	OTU3	Near-exact match	Exact match	98.814	Lactobacillus_gasseri_DSM_20243	Lactobacillus_gasseri	1.655146322816586	98.7	100.0	present cluster priority class
mock-21	Mock 11	mock-21|Mock 11	TAC	Zotu27	OTU8	Near-exact match	Exact match	99.209	Listeria_monocytogenes_ATCC_BAA-679	Listeria_monocytogenes	1.733962814379281	98.7	100.0	present cluster priority class
mock-21	Mock 11	mock-21|Mock 11	TAC	Zotu28	OTU20	Exact match	Exact match	100.0	Streptococcus_pneumoniae_ATCC_BAA-334	Streptococcus_pneumoniae	1.655146322816586	98.7	100.0	present cluster priority class
mock-21	Mock 11	mock-21|Mock 11	TAC	Zotu29	OTU13	No hit	No hit	98.024	Lactobacillus_gasseri_DSM_20243	Lactobacillus_gasseri	4.807805985324369	98.7	100.0	present cluster priority class
mock-21	Mock 11	mock-21|Mock 11	TAC	Zotu3	OTU4	Exact match	Exact match	100.0	Escherichia_coli_ATCC_700926	Escherichia_coli	1607.462345421156	98.7	100.0	present cluster priority class
mock-21	Mock 11	mock-21|Mock 11	TAC	Zotu30	OTU24	No hit	No hit	94.048	Streptococcus_agalactiae_ATCC_BAA-611	Streptococcus_agalactiae	28.53156994569544	98.7	100.0	present cluster priority class
mock-21	Mock 11	mock-21|Mock 11	TAC	Zotu31	OTU12	No hit	No hit	96.838	Lactobacillus_gasseri_DSM_20243	Lactobacillus_gasseri	1.4975133396911968	98.7	100.0	present cluster priority class
mock-21	Mock 11	mock-21|Mock 11	TAC	Zotu4	OTU2	Exact match	Exact match	100.0	Rhodobacter_sphaeroides_ATCC_17023	Rhodobacter_sphaeroides	1208.3356321476706	98.7	100.0	present cluster priority class
mock-21	Mock 11	mock-21|Mock 11	TAC	Zotu5	OTU18	Exact match	Exact match	100.0	Bacillus_cereus_ATCC_10987	Bacillus_cereus	315.4235992339037	98.7	100.0	present cluster priority class
mock-21	Mock 11	mock-21|Mock 11	TAC	Zotu6	OTU23	Exact match	Exact match	100.0	Streptococcus_agalactiae_ATCC_BAA-611	Streptococcus_agalactiae	276.72470187662066	98.7	100.0	present cluster priority class
mock-21	Mock 11	mock-21|Mock 11	TAC	Zotu7	OTU17	Exact match	Exact match	100.0	Clostridium_beijerinckii_ATCC_51743	Clostridium_beijerinckii	187.11035096983693	98.7	100.0	present cluster priority class
mock-21	Mock 11	mock-21|Mock 11	TAC	Zotu8	OTU15	No hit	Near-exact match	98.419	Staphylococcus_aureus_ATCC_BAA-1718	Staphylococcus_aureus	127.60389984000253	98.7	100.0	present cluster priority class
mock-21	Mock 11	mock-21|Mock 11	TAC	Zotu9	OTU14	No hit	Exact match	98.419	Bacillus_cereus_ATCC_10987	Bacillus_cereus	51.38835249887686	98.7	100.0	present cluster priority class
mock-22	Mock 12	mock-22|Mock 12	TIC	Zotu1	SOTU701	Exact match	Exact match	100.0	Staphylococcus_aureus_ATCC_BAA-1718	Staphylococcus_aureus	1139.1418622856515	98.7	100.0	present cluster priority class
mock-22	Mock 12	mock-22|Mock 12	TIC	Zotu10	SOTU1201	Exact match	Exact match	100.0	Neisseria_meningitidis_ATCC_BAA-335	Neisseria_meningitidis	503.3137448682118	98.7	100.0	present cluster priority class
mock-22	Mock 12	mock-22|Mock 12	TIC	Zotu11	SOTU601	Exact match	Exact match	100.0	Escherichia_coli_ATCC_700926	Escherichia_coli	465.5891239740852	98.7	100.0	present cluster priority class
mock-22	Mock 12	mock-22|Mock 12	TIC	Zotu12	SOTU1701	Exact match	Exact match	100.0	Bacteroides_vulgatus_ATCC_8482	Bacteroides_vulgatus	437.95982416430223	98.7	100.0	present cluster priority class
mock-22	Mock 12	mock-22|Mock 12	TIC	Zotu13	SOTU1001	Exact match	Exact match	100.0	Pseudomonas_aeruginosa_ATCC_47085	Pseudomonas_aeruginosa	429.1042793534744	98.7	100.0	present cluster priority class
mock-22	Mock 12	mock-22|Mock 12	TIC	Zotu14	SOTU901	Exact match	Exact match	100.0	Enterococcus_faecalis_ATCC_47077	Enterococcus_faecalis	401.04991339277177	98.7	100.0	present cluster priority class
mock-22	Mock 12	mock-22|Mock 12	TIC	Zotu15	SOTU1601	Exact match	Exact match	100.0	Deinococcus_radiodurans_DSM_20539_	Deinococcus_radiodurans	381.4968704504639	98.7	100.0	present cluster priority class
mock-22	Mock 12	mock-22|Mock 12	TIC	Zotu16	SOTU101	Exact match	Exact match	100.0	Rhodobacter_sphaeroides_ATCC_17023	Rhodobacter_sphaeroides	281.53548062583906	98.7	100.0	present cluster priority class
mock-22	Mock 12	mock-22|Mock 12	TIC	Zotu17	SOTU201	Exact match	Exact match	100.0	Propionibacterium_acnes_DSM16379	Propionibacterium_acnes	267.9333637964075	98.7	100.0	present cluster priority class
mock-22	Mock 12	mock-22|Mock 12	TIC	Zotu18	SOTU501	Exact match	Exact match	100.0	Streptococcus_pneumoniae_ATCC_BAA-334	Streptococcus_pneumoniae	194.0781200741032	98.7	100.0	present cluster priority class
mock-22	Mock 12	mock-22|Mock 12	TIC	Zotu19	SOTU1101	Exact match	Exact match	100.0	Actinomyces_odontolyticus_ATCC_17982	Actinomyces_odontolyticus	159.15185134019814	98.7	100.0	present cluster priority class
mock-22	Mock 12	mock-22|Mock 12	TIC	Zotu2	SOTU1301	Exact match	Exact match	100.0	Lactobacillus_gasseri_DSM_20243	Lactobacillus_gasseri	745.2118069207854	98.7	100.0	present cluster priority class
mock-22	Mock 12	mock-22|Mock 12	TIC	Zotu20	SOTU1701	Exact match	Exact match	100.0	Bacteroides_vulgatus_ATCC_8482__Copy3	Bacteroides_vulgatus	96.73797151348344	98.7	100.0	present cluster priority class
mock-22	Mock 12	mock-22|Mock 12	TIC	Zotu21	SOTU1701	Exact match	Exact match	100.0	Bacteroides_vulgatus_ATCC_8482__Copy4	Bacteroides_vulgatus	74.8116425618737	98.7	100.0	present cluster priority class
mock-22	Mock 12	mock-22|Mock 12	TIC	Zotu22	SOTU1501	No hit	No hit				0.4250661509197369	98.7	100.0	present cluster priority class
mock-22	Mock 12	mock-22|Mock 12	TIC	Zotu3	SOTU502	Exact match	Exact match	100.0	Streptococcus_agalactiae_ATCC_BAA-611	Streptococcus_agalactiae	713.5089564980217	98.7	100.0	present cluster priority class
mock-22	Mock 12	mock-22|Mock 12	TIC	Zotu4	SOTU1801	Exact match	Exact match	100.0	Clostridium_beijerinckii_ATCC_51743	Clostridium_beijerinckii	722.187390412633	98.7	100.0	present cluster priority class
mock-22	Mock 12	mock-22|Mock 12	TIC	Zotu5	SOTU1401	Exact match	Exact match	100.0	Acinetobacter_baumannii_ATCC_17978	Acinetobacter_baumannii	654.7081389541247	98.7	100.0	present cluster priority class
mock-22	Mock 12	mock-22|Mock 12	TIC	Zotu6	SOTU801	Exact match	Exact match	100.0	Helicobacter_pylori_ATCC_700392	Helicobacter_pylori	646.2776602942166	98.7	100.0	present cluster priority class
mock-22	Mock 12	mock-22|Mock 12	TIC	Zotu7	SOTU401	Exact match	Exact match	100.0	Bacillus_cereus_ATCC_10987	Bacillus_cereus	576.0709010339734	98.7	100.0	present cluster priority class
mock-22	Mock 12	mock-22|Mock 12	TIC	Zotu8	SOTU301	Exact match	Exact match	100.0	Listeria_monocytogenes_ATCC_BAA-679	Listeria_monocytogenes	577.5232103829492	98.7	100.0	present cluster priority class
mock-22	Mock 12	mock-22|Mock 12	TIC	Zotu9	SOTU503	Exact match	Exact match	100.0	Streptococcus_mutans_ATCC_700610	Streptococcus_mutans	532.1828209515106	98.7	100.0	present cluster priority class
mock-22	Mock 12	mock-22|Mock 12	TAC	Zotu1	OTU6	Exact match	Exact match	100.0	Staphylococcus_aureus_ATCC_BAA-1718	Staphylococcus_aureus	1139.1418622856515	98.7	100.0	present cluster priority class
mock-22	Mock 12	mock-22|Mock 12	TAC	Zotu10	OTU16	Exact match	Exact match	100.0	Neisseria_meningitidis_ATCC_BAA-335	Neisseria_meningitidis	503.3137448682118	98.7	100.0	present cluster priority class
mock-22	Mock 12	mock-22|Mock 12	TAC	Zotu11	OTU15	Exact match	Exact match	100.0	Escherichia_coli_ATCC_700926	Escherichia_coli	465.5891239740852	98.7	100.0	present cluster priority class
mock-22	Mock 12	mock-22|Mock 12	TAC	Zotu12	OTU3	Exact match	Exact match	100.0	Bacteroides_vulgatus_ATCC_8482	Bacteroides_vulgatus	437.95982416430223	98.7	100.0	present cluster priority class
mock-22	Mock 12	mock-22|Mock 12	TAC	Zotu13	OTU4	Exact match	Exact match	100.0	Pseudomonas_aeruginosa_ATCC_47085	Pseudomonas_aeruginosa	429.1042793534744	98.7	100.0	present cluster priority class
mock-22	Mock 12	mock-22|Mock 12	TAC	Zotu14	OTU12	Exact match	Exact match	100.0	Enterococcus_faecalis_ATCC_47077	Enterococcus_faecalis	401.04991339277177	98.7	100.0	present cluster priority class
mock-22	Mock 12	mock-22|Mock 12	TAC	Zotu15	OTU10	Exact match	Exact match	100.0	Deinococcus_radiodurans_DSM_20539_	Deinococcus_radiodurans	381.4968704504639	98.7	100.0	present cluster priority class
mock-22	Mock 12	mock-22|Mock 12	TAC	Zotu16	OTU5	Exact match	Exact match	100.0	Rhodobacter_sphaeroides_ATCC_17023	Rhodobacter_sphaeroides	281.53548062583906	98.7	100.0	present cluster priority class
mock-22	Mock 12	mock-22|Mock 12	TAC	Zotu17	OTU8	Exact match	Exact match	100.0	Propionibacterium_acnes_DSM16379	Propionibacterium_acnes	267.9333637964075	98.7	100.0	present cluster priority class
mock-22	Mock 12	mock-22|Mock 12	TAC	Zotu18	OTU20	Exact match	Exact match	100.0	Streptococcus_pneumoniae_ATCC_BAA-334	Streptococcus_pneumoniae	194.0781200741032	98.7	100.0	present cluster priority class
mock-22	Mock 12	mock-22|Mock 12	TAC	Zotu19	OTU7	Exact match	Exact match	100.0	Actinomyces_odontolyticus_ATCC_17982	Actinomyces_odontolyticus	159.15185134019814	98.7	100.0	present cluster priority class
mock-22	Mock 12	mock-22|Mock 12	TAC	Zotu2	OTU17	Exact match	Exact match	100.0	Lactobacillus_gasseri_DSM_20243	Lactobacillus_gasseri	745.2118069207854	98.7	100.0	present cluster priority class
mock-22	Mock 12	mock-22|Mock 12	TAC	Zotu20	OTU3	Exact match	Exact match	100.0	Bacteroides_vulgatus_ATCC_8482__Copy3	Bacteroides_vulgatus	96.73797151348344	98.7	100.0	present cluster priority class
mock-22	Mock 12	mock-22|Mock 12	TAC	Zotu21	OTU3	Exact match	Exact match	100.0	Bacteroides_vulgatus_ATCC_8482__Copy4	Bacteroides_vulgatus	74.8116425618737	98.7	100.0	present cluster priority class
mock-22	Mock 12	mock-22|Mock 12	TAC	Zotu22	OTU2	No hit	No hit				0.4250661509197369	98.7	100.0	present cluster priority class
mock-22	Mock 12	mock-22|Mock 12	TAC	Zotu3	OTU19	Exact match	Exact match	100.0	Streptococcus_agalactiae_ATCC_BAA-611	Streptococcus_agalactiae	713.5089564980217	98.7	100.0	present cluster priority class
mock-22	Mock 12	mock-22|Mock 12	TAC	Zotu4	OTU9	Exact match	Exact match	100.0	Clostridium_beijerinckii_ATCC_51743	Clostridium_beijerinckii	722.187390412633	98.7	100.0	present cluster priority class
mock-22	Mock 12	mock-22|Mock 12	TAC	Zotu5	OTU13	Exact match	Exact match	100.0	Acinetobacter_baumannii_ATCC_17978	Acinetobacter_baumannii	654.7081389541247	98.7	100.0	present cluster priority class
mock-22	Mock 12	mock-22|Mock 12	TAC	Zotu6	OTU1	Exact match	Exact match	100.0	Helicobacter_pylori_ATCC_700392	Helicobacter_pylori	646.2776602942166	98.7	100.0	present cluster priority class
mock-22	Mock 12	mock-22|Mock 12	TAC	Zotu7	OTU11	Exact match	Exact match	100.0	Bacillus_cereus_ATCC_10987	Bacillus_cereus	576.0709010339734	98.7	100.0	present cluster priority class
mock-22	Mock 12	mock-22|Mock 12	TAC	Zotu8	OTU14	Exact match	Exact match	100.0	Listeria_monocytogenes_ATCC_BAA-679	Listeria_monocytogenes	577.5232103829492	98.7	100.0	present cluster priority class
mock-22	Mock 12	mock-22|Mock 12	TAC	Zotu9	OTU18	Exact match	Exact match	100.0	Streptococcus_mutans_ATCC_700610	Streptococcus_mutans	532.1828209515106	98.7	100.0	present cluster priority class
mock-23	Mock 13	mock-23|Mock 13	TIC	Zotu1	SOTU401	Exact match	Exact match	100.0	Staphylococcus_aureus_ATCC_BAA-1718	Staphylococcus_aureus	3067.349049110555	98.7	100.0	present cluster priority class
mock-23	Mock 13	mock-23|Mock 13	TIC	Zotu10	SOTU201	Exact match	Exact match	100.0	Helicobacter_pylori_ATCC_700392	Helicobacter_pylori	33.53215340117194	98.7	100.0	present cluster priority class
mock-23	Mock 13	mock-23|Mock 13	TIC	Zotu11	SOTU801	Exact match	Exact match	100.0	Acinetobacter_baumannii_ATCC_17978	Acinetobacter_baumannii	34.169076985328275	98.7	100.0	present cluster priority class
mock-23	Mock 13	mock-23|Mock 13	TIC	Zotu12	SOTU1301	Exact match	Exact match	100.0	Neisseria_meningitidis_ATCC_BAA-335	Neisseria_meningitidis	27.87477333013623	98.7	100.0	present cluster priority class
mock-23	Mock 13	mock-23|Mock 13	TIC	Zotu13	SOTU1801	Exact match	Exact match	100.0	Listeria_monocytogenes_ATCC_BAA-679	Listeria_monocytogenes	26.11386695040988	98.7	100.0	present cluster priority class
mock-23	Mock 13	mock-23|Mock 13	TIC	Zotu14	SOTU1501	Exact match	Exact match	100.0	Propionibacterium_acnes_DSM16379	Propionibacterium_acnes	14.08725103781078	98.7	100.0	present cluster priority class
mock-23	Mock 13	mock-23|Mock 13	TIC	Zotu15	SOTU1601	Exact match	Exact match	100.0	Deinococcus_radiodurans_DSM_20539_	Deinococcus_radiodurans	2.547694336625354	98.7	100.0	present cluster priority class
mock-23	Mock 13	mock-23|Mock 13	TIC	Zotu16	SOTU901	Exact match	Exact match	100.0	Enterococcus_faecalis_ATCC_47077	Enterococcus_faecalis	2.135567311583017	98.7	100.0	present cluster priority class
mock-23	Mock 13	mock-23|Mock 13	TIC	Zotu17	SOTU601	Exact match	Exact match	100.0	Bacteroides_vulgatus_ATCC_8482	Bacteroides_vulgatus	2.0606351252116832	98.7	100.0	present cluster priority class
mock-23	Mock 13	mock-23|Mock 13	TIC	Zotu18	SOTU501	No hit	No hit				1.423711541055345	98.7	100.0	present cluster priority class
mock-23	Mock 13	mock-23|Mock 13	TIC	Zotu19	SOTU101	Near-exact match	Exact match	99.603	Streptococcus_pneumoniae_ATCC_BAA-334	Streptococcus_pneumoniae	1.0115845160130084	98.7	100.0	present cluster priority class
mock-23	Mock 13	mock-23|Mock 13	TIC	Zotu2	SOTU102	Exact match	Exact match	100.0	Streptococcus_mutans_ATCC_700610	Streptococcus_mutans	2194.6138744436284	98.7	100.0	present cluster priority class
mock-23	Mock 13	mock-23|Mock 13	TIC	Zotu20	SOTU1401	Exact match	Exact match	100.0	Actinomyces_odontolyticus_ATCC_17982	Actinomyces_odontolyticus	1.049050609198675	98.7	100.0	present cluster priority class
mock-23	Mock 13	mock-23|Mock 13	TIC	Zotu21	SOTU103	No hit	No hit	95.635	Streptococcus_pneumoniae_ATCC_BAA-334	Streptococcus_pneumoniae	0.8991862364560073	98.7	100.0	present cluster priority class
mock-23	Mock 13	mock-23|Mock 13	TIC	Zotu22	SOTU101	Exact match	Exact match	100.0	Streptococcus_pneumoniae_ATCC_BAA-334	Streptococcus_pneumoniae	0.8991862364560073	98.7	100.0	present cluster priority class
mock-23	Mock 13	mock-23|Mock 13	TIC	Zotu23	SOTU601	Exact match	Exact match	100.0	Bacteroides_vulgatus_ATCC_8482__Copy4	Bacteroides_vulgatus	0.4121270250423367	98.7	100.0	present cluster priority class
mock-23	Mock 13	mock-23|Mock 13	TIC	Zotu24	SOTU601	Exact match	Exact match	100.0	Bacteroides_vulgatus_ATCC_8482__Copy3	Bacteroides_vulgatus	0.4121270250423367	98.7	100.0	present cluster priority class
mock-23	Mock 13	mock-23|Mock 13	TIC	Zotu3	SOTU1001	Exact match	Exact match	100.0	Escherichia_coli_ATCC_700926	Escherichia_coli	2051.2686019152666	98.7	100.0	present cluster priority class
mock-23	Mock 13	mock-23|Mock 13	TIC	Zotu4	SOTU1101	Exact match	Exact match	100.0	Rhodobacter_sphaeroides_ATCC_17023	Rhodobacter_sphaeroides	1357.321623930343	98.7	100.0	present cluster priority class
mock-23	Mock 13	mock-23|Mock 13	TIC	Zotu5	SOTU1701	Exact match	Exact match	100.0	Bacillus_cereus_ATCC_10987	Bacillus_cereus	317.1504788166709	98.7	100.0	present cluster priority class
mock-23	Mock 13	mock-23|Mock 13	TIC	Zotu6	SOTU104	Exact match	Exact match	100.0	Streptococcus_agalactiae_ATCC_BAA-611	Streptococcus_agalactiae	312.5796154480195	98.7	100.0	present cluster priority class
mock-23	Mock 13	mock-23|Mock 13	TIC	Zotu7	SOTU701	Exact match	Exact match	100.0	Clostridium_beijerinckii_ATCC_51743	Clostridium_beijerinckii	290.587018748033	98.7	100.0	present cluster priority class
mock-23	Mock 13	mock-23|Mock 13	TIC	Zotu8	SOTU1201	Exact match	Exact match	100.0	Pseudomonas_aeruginosa_ATCC_47085	Pseudomonas_aeruginosa	218.3898571792528	98.7	100.0	present cluster priority class
mock-23	Mock 13	mock-23|Mock 13	TIC	Zotu9	SOTU301	Exact match	Exact match	100.0	Lactobacillus_gasseri_DSM_20243	Lactobacillus_gasseri	42.11188874068968	98.7	100.0	present cluster priority class
mock-23	Mock 13	mock-23|Mock 13	TAC	Zotu1	OTU16	Exact match	Exact match	100.0	Staphylococcus_aureus_ATCC_BAA-1718	Staphylococcus_aureus	3067.349049110555	98.7	100.0	present cluster priority class
mock-23	Mock 13	mock-23|Mock 13	TAC	Zotu10	OTU1	Exact match	Exact match	100.0	Helicobacter_pylori_ATCC_700392	Helicobacter_pylori	33.53215340117194	98.7	100.0	present cluster priority class
mock-23	Mock 13	mock-23|Mock 13	TAC	Zotu11	OTU9	Exact match	Exact match	100.0	Acinetobacter_baumannii_ATCC_17978	Acinetobacter_baumannii	34.169076985328275	98.7	100.0	present cluster priority class
mock-23	Mock 13	mock-23|Mock 13	TAC	Zotu12	OTU13	Exact match	Exact match	100.0	Neisseria_meningitidis_ATCC_BAA-335	Neisseria_meningitidis	27.87477333013623	98.7	100.0	present cluster priority class
mock-23	Mock 13	mock-23|Mock 13	TAC	Zotu13	OTU14	Exact match	Exact match	100.0	Listeria_monocytogenes_ATCC_BAA-679	Listeria_monocytogenes	26.11386695040988	98.7	100.0	present cluster priority class
mock-23	Mock 13	mock-23|Mock 13	TAC	Zotu14	OTU3	Exact match	Exact match	100.0	Propionibacterium_acnes_DSM16379	Propionibacterium_acnes	14.08725103781078	98.7	100.0	present cluster priority class
mock-23	Mock 13	mock-23|Mock 13	TAC	Zotu15	OTU11	Exact match	Exact match	100.0	Deinococcus_radiodurans_DSM_20539_	Deinococcus_radiodurans	2.547694336625354	98.7	100.0	present cluster priority class
mock-23	Mock 13	mock-23|Mock 13	TAC	Zotu16	OTU5	Exact match	Exact match	100.0	Enterococcus_faecalis_ATCC_47077	Enterococcus_faecalis	2.135567311583017	98.7	100.0	present cluster priority class
mock-23	Mock 13	mock-23|Mock 13	TAC	Zotu17	OTU7	Exact match	Exact match	100.0	Bacteroides_vulgatus_ATCC_8482	Bacteroides_vulgatus	2.0606351252116832	98.7	100.0	present cluster priority class
mock-23	Mock 13	mock-23|Mock 13	TAC	Zotu18	OTU19	No hit	No hit				1.423711541055345	98.7	100.0	present cluster priority class
mock-23	Mock 13	mock-23|Mock 13	TAC	Zotu19	OTU17	Near-exact match	Exact match	99.603	Streptococcus_pneumoniae_ATCC_BAA-334	Streptococcus_pneumoniae	1.0115845160130084	98.7	100.0	present cluster priority class
mock-23	Mock 13	mock-23|Mock 13	TAC	Zotu2	OTU18	Exact match	Exact match	100.0	Streptococcus_mutans_ATCC_700610	Streptococcus_mutans	2194.6138744436284	98.7	100.0	present cluster priority class
mock-23	Mock 13	mock-23|Mock 13	TAC	Zotu20	OTU8	Exact match	Exact match	100.0	Actinomyces_odontolyticus_ATCC_17982	Actinomyces_odontolyticus	1.049050609198675	98.7	100.0	present cluster priority class
mock-23	Mock 13	mock-23|Mock 13	TAC	Zotu21	OTU21	No hit	No hit	95.635	Streptococcus_pneumoniae_ATCC_BAA-334	Streptococcus_pneumoniae	0.8991862364560073	98.7	100.0	present cluster priority class
mock-23	Mock 13	mock-23|Mock 13	TAC	Zotu22	OTU17	Exact match	Exact match	100.0	Streptococcus_pneumoniae_ATCC_BAA-334	Streptococcus_pneumoniae	0.8991862364560073	98.7	100.0	present cluster priority class
mock-23	Mock 13	mock-23|Mock 13	TAC	Zotu23	OTU7	Exact match	Exact match	100.0	Bacteroides_vulgatus_ATCC_8482__Copy4	Bacteroides_vulgatus	0.4121270250423367	98.7	100.0	present cluster priority class
mock-23	Mock 13	mock-23|Mock 13	TAC	Zotu24	OTU7	Exact match	Exact match	100.0	Bacteroides_vulgatus_ATCC_8482__Copy3	Bacteroides_vulgatus	0.4121270250423367	98.7	100.0	present cluster priority class
mock-23	Mock 13	mock-23|Mock 13	TAC	Zotu3	OTU2	Exact match	Exact match	100.0	Escherichia_coli_ATCC_700926	Escherichia_coli	2051.2686019152666	98.7	100.0	present cluster priority class
mock-23	Mock 13	mock-23|Mock 13	TAC	Zotu4	OTU10	Exact match	Exact match	100.0	Rhodobacter_sphaeroides_ATCC_17023	Rhodobacter_sphaeroides	1357.321623930343	98.7	100.0	present cluster priority class
mock-23	Mock 13	mock-23|Mock 13	TAC	Zotu5	OTU12	Exact match	Exact match	100.0	Bacillus_cereus_ATCC_10987	Bacillus_cereus	317.1504788166709	98.7	100.0	present cluster priority class
mock-23	Mock 13	mock-23|Mock 13	TAC	Zotu6	OTU20	Exact match	Exact match	100.0	Streptococcus_agalactiae_ATCC_BAA-611	Streptococcus_agalactiae	312.5796154480195	98.7	100.0	present cluster priority class
mock-23	Mock 13	mock-23|Mock 13	TAC	Zotu7	OTU4	Exact match	Exact match	100.0	Clostridium_beijerinckii_ATCC_51743	Clostridium_beijerinckii	290.587018748033	98.7	100.0	present cluster priority class
mock-23	Mock 13	mock-23|Mock 13	TAC	Zotu8	OTU6	Exact match	Exact match	100.0	Pseudomonas_aeruginosa_ATCC_47085	Pseudomonas_aeruginosa	218.3898571792528	98.7	100.0	present cluster priority class
mock-23	Mock 13	mock-23|Mock 13	TAC	Zotu9	OTU15	Exact match	Exact match	100.0	Lactobacillus_gasseri_DSM_20243	Lactobacillus_gasseri	42.11188874068968	98.7	100.0	present cluster priority class
mock-4	Even1	mock-4|Even1	TIC	Zotu1	SOTU901	Exact match	Exact match	100.0	Staphylococcus_aureus_ATCC_BAA-1718	Staphylococcus_aureus	5123.1157636768885	98.7	100.0	present cluster priority class
mock-4	Even1	mock-4|Even1	TIC	Zotu10	SOTU501	Exact match	Exact match	100.0	Streptococcus_pneumoniae_ATCC_BAA-334	Streptococcus_pneumoniae	323.643226608357	98.7	100.0	present cluster priority class
mock-4	Even1	mock-4|Even1	TIC	Zotu11	SOTU2002	Exact match	Exact match	100.0	Methanobrevibacter_smithii_ATCC_35061	Methanobrevibacter_smithii	25.95061284995475	98.7	100.0	present cluster priority class
mock-4	Even1	mock-4|Even1	TIC	Zotu12	SOTU701	Exact match	Exact match	100.0	Bacillus_cereus_ATCC_10987	Bacillus_cereus	151.61918443949142	98.7	100.0	present cluster priority class
mock-4	Even1	mock-4|Even1	TIC	Zotu13	SOTU1901	Exact match	Exact match	100.0	Listeria_monocytogenes_ATCC_BAA-679	Listeria_monocytogenes	222.51682212386572	98.7	100.0	present cluster priority class
mock-4	Even1	mock-4|Even1	TIC	Zotu14	SOTU1601	Exact match	Exact match	100.0	Bacteroides_vulgatus_ATCC_8482	Bacteroides_vulgatus	259.77021207671805	98.7	100.0	present cluster priority class
mock-4	Even1	mock-4|Even1	TIC	Zotu15	SOTU601	Exact match	Exact match	100.0	Neisseria_meningitidis_ATCC_BAA-335	Neisseria_meningitidis	169.03109496093322	98.7	100.0	present cluster priority class
mock-4	Even1	mock-4|Even1	TIC	Zotu16	SOTU1801	Exact match	Exact match	100.0	Enterococcus_faecalis_ATCC_47077	Enterococcus_faecalis	99.8764088858842	98.7	100.0	present cluster priority class
mock-4	Even1	mock-4|Even1	TIC	Zotu17	SOTU1301	Exact match	Exact match	100.0	Actinomyces_odontolyticus_ATCC_17982	Actinomyces_odontolyticus	88.6616596420435	98.7	100.0	present cluster priority class
mock-4	Even1	mock-4|Even1	TIC	Zotu18	SOTU101	Exact match	Exact match	100.0	Helicobacter_pylori_ATCC_700392	Helicobacter_pylori	82.25323150270597	98.7	100.0	present cluster priority class
mock-4	Even1	mock-4|Even1	TIC	Zotu19	SOTU1601	Exact match	Exact match	100.0	Bacteroides_vulgatus_ATCC_8482__Copy3	Bacteroides_vulgatus	49.45405121812952	98.7	100.0	present cluster priority class
mock-4	Even1	mock-4|Even1	TIC	Zotu2	SOTU201	Exact match	Exact match	100.0	Acinetobacter_baumannii_ATCC_17978	Acinetobacter_baumannii	1750.0466547653002	98.7	100.0	present cluster priority class
mock-4	Even1	mock-4|Even1	TIC	Zotu20	SOTU1601	Exact match	Exact match	100.0	Bacteroides_vulgatus_ATCC_8482__Copy4	Bacteroides_vulgatus	40.58084302520062	98.7	100.0	present cluster priority class
mock-4	Even1	mock-4|Even1	TIC	Zotu21	SOTU1501	Exact match	Exact match	100.0	Lactobacillus_gasseri_DSM_20243	Lactobacillus_gasseri	26.69004686603216	98.7	100.0	present cluster priority class
mock-4	Even1	mock-4|Even1	TIC	Zotu22	SOTU2002	Near-exact match	Exact match	99.213	Methanobrevibacter_smithii_ATCC_35061	Methanobrevibacter_smithii	0.8450674469456093	98.7	100.0	present cluster priority class
mock-4	Even1	mock-4|Even1	TIC	Zotu23	SOTU502	No hit	No hit				1.4436568885320826	98.7	100.0	present cluster priority class
mock-4	Even1	mock-4|Even1	TIC	Zotu24	SOTU1701	Exact match	Exact match	100.0	Propionibacterium_acnes_DSM16379	Propionibacterium_acnes	0.9154897341910768	98.7	100.0	present cluster priority class
mock-4	Even1	mock-4|Even1	TIC	Zotu25	SOTU502	No hit	No hit				1.0211231650592778	98.7	100.0	present cluster priority class
mock-4	Even1	mock-4|Even1	TIC	Zotu26	SOTU503	No hit	No hit				0.5457727261523727	98.7	100.0	present cluster priority class
mock-4	Even1	mock-4|Even1	TIC	Zotu27	SOTU902	No hit	No hit	94.862	Staphylococcus_aureus_ATCC_BAA-1718	Staphylococcus_aureus	0.1936612899250354	98.7	100.0	present cluster priority class
mock-4	Even1	mock-4|Even1	TIC	Zotu29	SOTU2001	No hit	No hit	98.031	Methanobrevibacter_smithii_ATCC_35061	Methanobrevibacter_smithii	0.1056334308682011	98.7	100.0	present cluster priority class
mock-4	Even1	mock-4|Even1	TIC	Zotu3	SOTU504	Exact match	Exact match	100.0	Streptococcus_mutans_ATCC_700610	Streptococcus_mutans	140.31640733659387	98.7	100.0	present cluster priority class
mock-4	Even1	mock-4|Even1	TIC	Zotu30	SOTU801	No hit	No hit				0.0704222872454674	98.7	100.0	present cluster priority class
mock-4	Even1	mock-4|Even1	TIC	Zotu31	SOTU902	No hit	No hit	94.466	Staphylococcus_aureus_ATCC_BAA-1718	Staphylococcus_aureus	0.1760557181136686	98.7	100.0	present cluster priority class
mock-4	Even1	mock-4|Even1	TIC	Zotu32	SOTU2001	No hit	No hit	98.031	Methanobrevibacter_smithii_ATCC_35061	Methanobrevibacter_smithii	0.0528167154341005	98.7	100.0	present cluster priority class
mock-4	Even1	mock-4|Even1	TIC	Zotu33	SOTU2001	No hit	No hit	97.638	Methanobrevibacter_smithii_ATCC_35061	Methanobrevibacter_smithii	0.0176055718113668	98.7	100.0	present cluster priority class
mock-4	Even1	mock-4|Even1	TIC	Zotu34	SOTU1101	No hit	No hit				0.5457727261523727	98.7	100.0	present cluster priority class
mock-4	Even1	mock-4|Even1	TIC	Zotu35	SOTU505	No hit	No hit				0.7394340160774082	98.7	100.0	present cluster priority class
mock-4	Even1	mock-4|Even1	TIC	Zotu36	SOTU1102	No hit	No hit				0.6161950133978401	98.7	100.0	present cluster priority class
mock-4	Even1	mock-4|Even1	TIC	Zotu37	SOTU2003	No hit	No hit	98.031	Methanobrevibacter_smithii_ATCC_35061	Methanobrevibacter_smithii	0.1936612899250354	98.7	100.0	present cluster priority class
mock-4	Even1	mock-4|Even1	TIC	Zotu38	SOTU903	No hit	No hit				1.6725293220798518	98.7	100.0	present cluster priority class
mock-4	Even1	mock-4|Even1	TIC	Zotu39	SOTU502	No hit	No hit				0.1056334308682011	98.7	100.0	present cluster priority class
mock-4	Even1	mock-4|Even1	TIC	Zotu4	SOTU1201	Exact match	Exact match	100.0	Rhodobacter_sphaeroides_ATCC_17023	Rhodobacter_sphaeroides	91.40812884461674	98.7	100.0	present cluster priority class
mock-4	Even1	mock-4|Even1	TIC	Zotu5	SOTU1401	Exact match	Exact match	100.0	Deinococcus_radiodurans_DSM_20539_	Deinococcus_radiodurans	538.5016249942781	98.7	100.0	present cluster priority class
mock-4	Even1	mock-4|Even1	TIC	Zotu6	SOTU1103	Exact match	Exact match	100.0	Escherichia_coli_ATCC_700926	Escherichia_coli	69.29553064953997	98.7	100.0	present cluster priority class
mock-4	Even1	mock-4|Even1	TIC	Zotu7	SOTU301	Exact match	Exact match	100.0	Pseudomonas_aeruginosa_ATCC_47085	Pseudomonas_aeruginosa	285.49195249312504	98.7	100.0	present cluster priority class
mock-4	Even1	mock-4|Even1	TIC	Zotu8	SOTU1001	Exact match	Exact match	100.0	Clostridium_beijerinckii_ATCC_51743	Clostridium_beijerinckii	230.3160904363013	98.7	100.0	present cluster priority class
mock-4	Even1	mock-4|Even1	TIC	Zotu9	SOTU506	Exact match	Exact match	100.0	Streptococcus_agalactiae_ATCC_BAA-611	Streptococcus_agalactiae	222.19992183126115	98.7	100.0	present cluster priority class
mock-4	Even2	mock-4|Even2	TIC	Zotu1	SOTU901	Exact match	Exact match	100.0	Staphylococcus_aureus_ATCC_BAA-1718	Staphylococcus_aureus	5225.790565845842	98.7	100.0	present cluster priority class
mock-4	Even2	mock-4|Even2	TIC	Zotu10	SOTU501	Exact match	Exact match	100.0	Streptococcus_pneumoniae_ATCC_BAA-334	Streptococcus_pneumoniae	302.8978344303626	98.7	100.0	present cluster priority class
mock-4	Even2	mock-4|Even2	TIC	Zotu11	SOTU2002	Exact match	Exact match	100.0	Methanobrevibacter_smithii_ATCC_35061	Methanobrevibacter_smithii	27.103075547815788	98.7	100.0	present cluster priority class
mock-4	Even2	mock-4|Even2	TIC	Zotu12	SOTU701	Exact match	Exact match	100.0	Bacillus_cereus_ATCC_10987	Bacillus_cereus	152.35889539354773	98.7	100.0	present cluster priority class
mock-4	Even2	mock-4|Even2	TIC	Zotu13	SOTU1901	Exact match	Exact match	100.0	Listeria_monocytogenes_ATCC_BAA-679	Listeria_monocytogenes	223.6762047843441	98.7	100.0	present cluster priority class
mock-4	Even2	mock-4|Even2	TIC	Zotu14	SOTU1601	Exact match	Exact match	100.0	Bacteroides_vulgatus_ATCC_8482	Bacteroides_vulgatus	253.13451797028475	98.7	100.0	present cluster priority class
mock-4	Even2	mock-4|Even2	TIC	Zotu15	SOTU601	Exact match	Exact match	100.0	Neisseria_meningitidis_ATCC_BAA-335	Neisseria_meningitidis	179.5690271976419	98.7	100.0	present cluster priority class
mock-4	Even2	mock-4|Even2	TIC	Zotu16	SOTU1801	Exact match	Exact match	100.0	Enterococcus_faecalis_ATCC_47077	Enterococcus_faecalis	100.6507236110789	98.7	100.0	present cluster priority class
mock-4	Even2	mock-4|Even2	TIC	Zotu17	SOTU1301	Exact match	Exact match	100.0	Actinomyces_odontolyticus_ATCC_17982	Actinomyces_odontolyticus	94.03107843119764	98.7	100.0	present cluster priority class
mock-4	Even2	mock-4|Even2	TIC	Zotu18	SOTU101	Exact match	Exact match	100.0	Helicobacter_pylori_ATCC_700392	Helicobacter_pylori	85.39520709140642	98.7	100.0	present cluster priority class
mock-4	Even2	mock-4|Even2	TIC	Zotu19	SOTU1601	Exact match	Exact match	100.0	Bacteroides_vulgatus_ATCC_8482__Copy3	Bacteroides_vulgatus	53.563813557961154	98.7	100.0	present cluster priority class
mock-4	Even2	mock-4|Even2	TIC	Zotu2	SOTU201	Exact match	Exact match	100.0	Acinetobacter_baumannii_ATCC_17978	Acinetobacter_baumannii	1545.2500031224745	98.7	100.0	present cluster priority class
mock-4	Even2	mock-4|Even2	TIC	Zotu20	SOTU1601	Exact match	Exact match	100.0	Bacteroides_vulgatus_ATCC_8482__Copy4	Bacteroides_vulgatus	43.87522236476565	98.7	100.0	present cluster priority class
mock-4	Even2	mock-4|Even2	TIC	Zotu21	SOTU1501	Exact match	Exact match	100.0	Lactobacillus_gasseri_DSM_20243	Lactobacillus_gasseri	38.36182516642787	98.7	100.0	present cluster priority class
mock-4	Even2	mock-4|Even2	TIC	Zotu22	SOTU2002	Near-exact match	Exact match	99.213	Methanobrevibacter_smithii_ATCC_35061	Methanobrevibacter_smithii	1.2133042378219048	98.7	100.0	present cluster priority class
mock-4	Even2	mock-4|Even2	TIC	Zotu23	SOTU502	No hit	No hit				1.5701584254165826	98.7	100.0	present cluster priority class
mock-4	Even2	mock-4|Even2	TIC	Zotu24	SOTU1701	Exact match	Exact match	100.0	Propionibacterium_acnes_DSM16379	Propionibacterium_acnes	0.9099781783664286	98.7	100.0	present cluster priority class
mock-4	Even2	mock-4|Even2	TIC	Zotu25	SOTU502	No hit	No hit				1.2668323659611065	98.7	100.0	present cluster priority class
mock-4	Even2	mock-4|Even2	TIC	Zotu26	SOTU503	No hit	No hit				0.7493937939488236	98.7	100.0	present cluster priority class
mock-4	Even2	mock-4|Even2	TIC	Zotu27	SOTU902	No hit	No hit	94.862	Staphylococcus_aureus_ATCC_BAA-1718	Staphylococcus_aureus	0.2676406406960084	98.7	100.0	present cluster priority class
mock-4	Even2	mock-4|Even2	TIC	Zotu28	SOTU401	No hit	No hit				0.1427416750378711	98.7	100.0	present cluster priority class
mock-4	Even2	mock-4|Even2	TIC	Zotu29	SOTU2001	No hit	No hit	98.031	Methanobrevibacter_smithii_ATCC_35061	Methanobrevibacter_smithii	0.1427416750378711	98.7	100.0	present cluster priority class
mock-4	Even2	mock-4|Even2	TIC	Zotu3	SOTU504	Exact match	Exact match	100.0	Streptococcus_mutans_ATCC_700610	Streptococcus_mutans	142.74167503787115	98.7	100.0	present cluster priority class
mock-4	Even2	mock-4|Even2	TIC	Zotu30	SOTU801	No hit	No hit				0.0356854187594677	98.7	100.0	present cluster priority class
mock-4	Even2	mock-4|Even2	TIC	Zotu31	SOTU902	No hit	No hit	94.466	Staphylococcus_aureus_ATCC_BAA-1718	Staphylococcus_aureus	0.1070562562784033	98.7	100.0	present cluster priority class
mock-4	Even2	mock-4|Even2	TIC	Zotu32	SOTU2001	No hit	No hit	98.031	Methanobrevibacter_smithii_ATCC_35061	Methanobrevibacter_smithii	0.0178427093797338	98.7	100.0	present cluster priority class
mock-4	Even2	mock-4|Even2	TIC	Zotu33	SOTU2001	No hit	No hit	97.638	Methanobrevibacter_smithii_ATCC_35061	Methanobrevibacter_smithii	0.0178427093797338	98.7	100.0	present cluster priority class
mock-4	Even2	mock-4|Even2	TIC	Zotu34	SOTU1101	No hit	No hit				0.7672365033285574	98.7	100.0	present cluster priority class
mock-4	Even2	mock-4|Even2	TIC	Zotu35	SOTU505	No hit	No hit				0.8742927596069607	98.7	100.0	present cluster priority class
mock-4	Even2	mock-4|Even2	TIC	Zotu36	SOTU1102	No hit	No hit				0.8207646314677591	98.7	100.0	present cluster priority class
mock-4	Even2	mock-4|Even2	TIC	Zotu37	SOTU2003	No hit	No hit	98.031	Methanobrevibacter_smithii_ATCC_35061	Methanobrevibacter_smithii	0.2676406406960084	98.7	100.0	present cluster priority class
mock-4	Even2	mock-4|Even2	TIC	Zotu38	SOTU903	No hit	No hit				1.7842709379733894	98.7	100.0	present cluster priority class
mock-4	Even2	mock-4|Even2	TIC	Zotu39	SOTU502	No hit	No hit				0.160584384417605	98.7	100.0	present cluster priority class
mock-4	Even2	mock-4|Even2	TIC	Zotu4	SOTU1201	Exact match	Exact match	100.0	Rhodobacter_sphaeroides_ATCC_17023	Rhodobacter_sphaeroides	80.5419901401188	98.7	100.0	present cluster priority class
mock-4	Even2	mock-4|Even2	TIC	Zotu5	SOTU1401	Exact match	Exact match	100.0	Deinococcus_radiodurans_DSM_20539_	Deinococcus_radiodurans	613.3609776377323	98.7	100.0	present cluster priority class
mock-4	Even2	mock-4|Even2	TIC	Zotu6	SOTU1103	Exact match	Exact match	100.0	Escherichia_coli_ATCC_700926	Escherichia_coli	71.60279274087212	98.7	100.0	present cluster priority class
mock-4	Even2	mock-4|Even2	TIC	Zotu7	SOTU301	Exact match	Exact match	100.0	Pseudomonas_aeruginosa_ATCC_47085	Pseudomonas_aeruginosa	289.92618471129606	98.7	100.0	present cluster priority class
mock-4	Even2	mock-4|Even2	TIC	Zotu8	SOTU1001	Exact match	Exact match	100.0	Clostridium_beijerinckii_ATCC_51743	Clostridium_beijerinckii	254.7938899426	98.7	100.0	present cluster priority class
mock-4	Even2	mock-4|Even2	TIC	Zotu9	SOTU506	Exact match	Exact match	100.0	Streptococcus_agalactiae_ATCC_BAA-611	Streptococcus_agalactiae	210.25848733078425	98.7	100.0	present cluster priority class
mock-4	Staggered1	mock-4|Staggered1	TIC	Zotu1	SOTU901	Exact match	Exact match	100.0	Staphylococcus_aureus_ATCC_BAA-1718	Staphylococcus_aureus	7233.359160385997	98.7	100.0	present cluster priority class
mock-4	Staggered1	mock-4|Staggered1	TIC	Zotu10	SOTU501	Exact match	Exact match	100.0	Streptococcus_pneumoniae_ATCC_BAA-334	Streptococcus_pneumoniae	0.9704710697878268	98.7	100.0	present cluster priority class
mock-4	Staggered1	mock-4|Staggered1	TIC	Zotu11	SOTU2002	Exact match	Exact match	100.0	Methanobrevibacter_smithii_ATCC_35061	Methanobrevibacter_smithii	307.96803706573377	98.7	100.0	present cluster priority class
mock-4	Staggered1	mock-4|Staggered1	TIC	Zotu12	SOTU701	Exact match	Exact match	100.0	Bacillus_cereus_ATCC_10987	Bacillus_cereus	96.06098314980473	98.7	100.0	present cluster priority class
mock-4	Staggered1	mock-4|Staggered1	TIC	Zotu13	SOTU1901	Exact match	Exact match	100.0	Listeria_monocytogenes_ATCC_BAA-679	Listeria_monocytogenes	10.158640714391929	98.7	100.0	present cluster priority class
mock-4	Staggered1	mock-4|Staggered1	TIC	Zotu14	SOTU1601	Exact match	Exact match	100.0	Bacteroides_vulgatus_ATCC_8482	Bacteroides_vulgatus	1.7061507517237602	98.7	100.0	present cluster priority class
mock-4	Staggered1	mock-4|Staggered1	TIC	Zotu15	SOTU601	Exact match	Exact match	100.0	Neisseria_meningitidis_ATCC_BAA-335	Neisseria_meningitidis	10.690834526856223	98.7	100.0	present cluster priority class
mock-4	Staggered1	mock-4|Staggered1	TIC	Zotu16	SOTU1801	Exact match	Exact match	100.0	Enterococcus_faecalis_ATCC_47077	Enterococcus_faecalis	1.189609698449594	98.7	100.0	present cluster priority class
mock-4	Staggered1	mock-4|Staggered1	TIC	Zotu17	SOTU1301	Exact match	Exact match	100.0	Actinomyces_odontolyticus_ATCC_17982	Actinomyces_odontolyticus	0.2504441470420198	98.7	100.0	present cluster priority class
mock-4	Staggered1	mock-4|Staggered1	TIC	Zotu18	SOTU101	Exact match	Exact match	100.0	Helicobacter_pylori_ATCC_700392	Helicobacter_pylori	5.071493977600902	98.7	100.0	present cluster priority class
mock-4	Staggered1	mock-4|Staggered1	TIC	Zotu19	SOTU1601	Exact match	Exact match	100.0	Bacteroides_vulgatus_ATCC_8482__Copy3	Bacteroides_vulgatus	0.1408748327111361	98.7	100.0	present cluster priority class
mock-4	Staggered1	mock-4|Staggered1	TIC	Zotu2	SOTU201	Exact match	Exact match	100.0	Acinetobacter_baumannii_ATCC_17978	Acinetobacter_baumannii	82.72483231981717	98.7	100.0	present cluster priority class
mock-4	Staggered1	mock-4|Staggered1	TIC	Zotu20	SOTU1601	Exact match	Exact match	100.0	Bacteroides_vulgatus_ATCC_8482__Copy4	Bacteroides_vulgatus	0.2660969062321461	98.7	100.0	present cluster priority class
mock-4	Staggered1	mock-4|Staggered1	TIC	Zotu21	SOTU1501	Exact match	Exact match	100.0	Lactobacillus_gasseri_DSM_20243	Lactobacillus_gasseri	1.6435397149632551	98.7	100.0	present cluster priority class
mock-4	Staggered1	mock-4|Staggered1	TIC	Zotu22	SOTU2002	Near-exact match	Exact match	99.213	Methanobrevibacter_smithii_ATCC_35061	Methanobrevibacter_smithii	10.675181767666096	98.7	100.0	present cluster priority class
mock-4	Staggered1	mock-4|Staggered1	TIC	Zotu23	SOTU502	No hit	No hit				10.81605660037723	98.7	100.0	present cluster priority class
mock-4	Staggered1	mock-4|Staggered1	TIC	Zotu24	SOTU1701	Exact match	Exact match	100.0	Propionibacterium_acnes_DSM16379	Propionibacterium_acnes	0.0313055183802524	98.7	100.0	present cluster priority class
mock-4	Staggered1	mock-4|Staggered1	TIC	Zotu25	SOTU502	No hit	No hit				7.435060615309963	98.7	100.0	present cluster priority class
mock-4	Staggered1	mock-4|Staggered1	TIC	Zotu26	SOTU503	No hit	No hit				5.384549161403426	98.7	100.0	present cluster priority class
mock-4	Staggered1	mock-4|Staggered1	TIC	Zotu27	SOTU902	No hit	No hit	94.862	Staphylococcus_aureus_ATCC_BAA-1718	Staphylococcus_aureus	0.4226244981334084	98.7	100.0	present cluster priority class
mock-4	Staggered1	mock-4|Staggered1	TIC	Zotu28	SOTU401	No hit	No hit				0.4069717389432822	98.7	100.0	present cluster priority class
mock-4	Staggered1	mock-4|Staggered1	TIC	Zotu29	SOTU2001	No hit	No hit	98.031	Methanobrevibacter_smithii_ATCC_35061	Methanobrevibacter_smithii	0.8609017554569431	98.7	100.0	present cluster priority class
mock-4	Staggered1	mock-4|Staggered1	TIC	Zotu3	SOTU504	Exact match	Exact match	100.0	Streptococcus_mutans_ATCC_700610	Streptococcus_mutans	780.790933921877	98.7	100.0	present cluster priority class
mock-4	Staggered1	mock-4|Staggered1	TIC	Zotu30	SOTU801	No hit	No hit				0.2191386286617673	98.7	100.0	present cluster priority class
mock-4	Staggered1	mock-4|Staggered1	TIC	Zotu31	SOTU902	No hit	No hit	94.466	Staphylococcus_aureus_ATCC_BAA-1718	Staphylococcus_aureus	0.1721803510913886	98.7	100.0	present cluster priority class
mock-4	Staggered1	mock-4|Staggered1	TIC	Zotu32	SOTU2001	No hit	No hit	98.031	Methanobrevibacter_smithii_ATCC_35061	Methanobrevibacter_smithii	0.1878331102815148	98.7	100.0	present cluster priority class
mock-4	Staggered1	mock-4|Staggered1	TIC	Zotu33	SOTU2001	No hit	No hit	97.638	Methanobrevibacter_smithii_ATCC_35061	Methanobrevibacter_smithii	0.1878331102815148	98.7	100.0	present cluster priority class
mock-4	Staggered1	mock-4|Staggered1	TIC	Zotu34	SOTU1101	No hit	No hit				5.462812957354058	98.7	100.0	present cluster priority class
mock-4	Staggered1	mock-4|Staggered1	TIC	Zotu35	SOTU505	No hit	No hit				5.321938124642922	98.7	100.0	present cluster priority class
mock-4	Staggered1	mock-4|Staggered1	TIC	Zotu36	SOTU1102	No hit	No hit				4.257550499714338	98.7	100.0	present cluster priority class
mock-4	Staggered1	mock-4|Staggered1	TIC	Zotu37	SOTU2003	No hit	No hit	98.031	Methanobrevibacter_smithii_ATCC_35061	Methanobrevibacter_smithii	2.097469731476916	98.7	100.0	present cluster priority class
mock-4	Staggered1	mock-4|Staggered1	TIC	Zotu38	SOTU903	No hit	No hit				1.3617900495409827	98.7	100.0	present cluster priority class
mock-4	Staggered1	mock-4|Staggered1	TIC	Zotu39	SOTU502	No hit	No hit				0.5634993308445446	98.7	100.0	present cluster priority class
mock-4	Staggered1	mock-4|Staggered1	TIC	Zotu4	SOTU1201	Exact match	Exact match	100.0	Rhodobacter_sphaeroides_ATCC_17023	Rhodobacter_sphaeroides	547.1421974908627	98.7	100.0	present cluster priority class
mock-4	Staggered1	mock-4|Staggered1	TIC	Zotu5	SOTU1401	Exact match	Exact match	100.0	Deinococcus_radiodurans_DSM_20539_	Deinococcus_radiodurans	4.16363394457358	98.7	100.0	present cluster priority class
mock-4	Staggered1	mock-4|Staggered1	TIC	Zotu6	SOTU1103	Exact match	Exact match	100.0	Escherichia_coli_ATCC_700926	Escherichia_coli	405.1873243956079	98.7	100.0	present cluster priority class
mock-4	Staggered1	mock-4|Staggered1	TIC	Zotu7	SOTU301	Exact match	Exact match	100.0	Pseudomonas_aeruginosa_ATCC_47085	Pseudomonas_aeruginosa	170.44289482128465	98.7	100.0	present cluster priority class
mock-4	Staggered1	mock-4|Staggered1	TIC	Zotu8	SOTU1001	Exact match	Exact match	100.0	Clostridium_beijerinckii_ATCC_51743	Clostridium_beijerinckii	168.5645637184695	98.7	100.0	present cluster priority class
mock-4	Staggered1	mock-4|Staggered1	TIC	Zotu9	SOTU506	Exact match	Exact match	100.0	Streptococcus_agalactiae_ATCC_BAA-611	Streptococcus_agalactiae	115.64258489665266	98.7	100.0	present cluster priority class
mock-4	Staggered2	mock-4|Staggered2	TIC	Zotu1	SOTU901	Exact match	Exact match	100.0	Staphylococcus_aureus_ATCC_BAA-1718	Staphylococcus_aureus	7099.047084649991	98.7	100.0	present cluster priority class
mock-4	Staggered2	mock-4|Staggered2	TIC	Zotu10	SOTU501	Exact match	Exact match	100.0	Streptococcus_pneumoniae_ATCC_BAA-334	Streptococcus_pneumoniae	1.07055314373468	98.7	100.0	present cluster priority class
mock-4	Staggered2	mock-4|Staggered2	TIC	Zotu11	SOTU2002	Exact match	Exact match	100.0	Methanobrevibacter_smithii_ATCC_35061	Methanobrevibacter_smithii	310.00511896675624	98.7	100.0	present cluster priority class
mock-4	Staggered2	mock-4|Staggered2	TIC	Zotu12	SOTU701	Exact match	Exact match	100.0	Bacillus_cereus_ATCC_10987	Bacillus_cereus	99.5860527844226	98.7	100.0	present cluster priority class
mock-4	Staggered2	mock-4|Staggered2	TIC	Zotu13	SOTU1901	Exact match	Exact match	100.0	Listeria_monocytogenes_ATCC_BAA-679	Listeria_monocytogenes	12.366734591417856	98.7	100.0	present cluster priority class
mock-4	Staggered2	mock-4|Staggered2	TIC	Zotu14	SOTU1601	Exact match	Exact match	100.0	Bacteroides_vulgatus_ATCC_8482	Bacteroides_vulgatus	1.3904885660002166	98.7	100.0	present cluster priority class
mock-4	Staggered2	mock-4|Staggered2	TIC	Zotu15	SOTU601	Exact match	Exact match	100.0	Neisseria_meningitidis_ATCC_BAA-335	Neisseria_meningitidis	10.34868038943524	98.7	100.0	present cluster priority class
mock-4	Staggered2	mock-4|Staggered2	TIC	Zotu16	SOTU1801	Exact match	Exact match	100.0	Enterococcus_faecalis_ATCC_47077	Enterococcus_faecalis	0.6521760530797476	98.7	100.0	present cluster priority class
mock-4	Staggered2	mock-4|Staggered2	TIC	Zotu17	SOTU1301	Exact match	Exact match	100.0	Actinomyces_odontolyticus_ATCC_17982	Actinomyces_odontolyticus	0.1845781282301172	98.7	100.0	present cluster priority class
mock-4	Staggered2	mock-4|Staggered2	TIC	Zotu18	SOTU101	Exact match	Exact match	100.0	Helicobacter_pylori_ATCC_700392	Helicobacter_pylori	4.516011537363535	98.7	100.0	present cluster priority class
mock-4	Staggered2	mock-4|Staggered2	TIC	Zotu19	SOTU1601	Exact match	Exact match	100.0	Bacteroides_vulgatus_ATCC_8482__Copy3	Bacteroides_vulgatus	0.2337989624248151	98.7	100.0	present cluster priority class
mock-4	Staggered2	mock-4|Staggered2	TIC	Zotu2	SOTU201	Exact match	Exact match	100.0	Acinetobacter_baumannii_ATCC_17978	Acinetobacter_baumannii	87.74844216059775	98.7	100.0	present cluster priority class
mock-4	Staggered2	mock-4|Staggered2	TIC	Zotu20	SOTU1601	Exact match	Exact match	100.0	Bacteroides_vulgatus_ATCC_8482__Copy4	Bacteroides_vulgatus	0.3076302137168621	98.7	100.0	present cluster priority class
mock-4	Staggered2	mock-4|Staggered2	TIC	Zotu21	SOTU1501	Exact match	Exact match	100.0	Lactobacillus_gasseri_DSM_20243	Lactobacillus_gasseri	1.931917742141894	98.7	100.0	present cluster priority class
mock-4	Staggered2	mock-4|Staggered2	TIC	Zotu22	SOTU2002	Near-exact match	Exact match	99.213	Methanobrevibacter_smithii_ATCC_35061	Methanobrevibacter_smithii	10.988551233966314	98.7	100.0	present cluster priority class
mock-4	Staggered2	mock-4|Staggered2	TIC	Zotu23	SOTU502	No hit	No hit				10.34868038943524	98.7	100.0	present cluster priority class
mock-4	Staggered2	mock-4|Staggered2	TIC	Zotu24	SOTU1701	Exact match	Exact match	100.0	Propionibacterium_acnes_DSM16379	Propionibacterium_acnes	0.0615260427433724	98.7	100.0	present cluster priority class
mock-4	Staggered2	mock-4|Staggered2	TIC	Zotu25	SOTU502	No hit	No hit				8.219879310514555	98.7	100.0	present cluster priority class
mock-4	Staggered2	mock-4|Staggered2	TIC	Zotu26	SOTU503	No hit	No hit				6.300266776921335	98.7	100.0	present cluster priority class
mock-4	Staggered2	mock-4|Staggered2	TIC	Zotu27	SOTU902	No hit	No hit	94.862	Staphylococcus_aureus_ATCC_BAA-1718	Staphylococcus_aureus	0.3691562564602345	98.7	100.0	present cluster priority class
mock-4	Staggered2	mock-4|Staggered2	TIC	Zotu28	SOTU401	No hit	No hit				0.2707145880708386	98.7	100.0	present cluster priority class
mock-4	Staggered2	mock-4|Staggered2	TIC	Zotu29	SOTU2001	No hit	No hit	98.031	Methanobrevibacter_smithii_ATCC_35061	Methanobrevibacter_smithii	0.8736698069558883	98.7	100.0	present cluster priority class
mock-4	Staggered2	mock-4|Staggered2	TIC	Zotu3	SOTU504	Exact match	Exact match	100.0	Streptococcus_mutans_ATCC_700610	Streptococcus_mutans	807.8861620546745	98.7	100.0	present cluster priority class
mock-4	Staggered2	mock-4|Staggered2	TIC	Zotu30	SOTU801	No hit	No hit				0.2830197966195131	98.7	100.0	present cluster priority class
mock-4	Staggered2	mock-4|Staggered2	TIC	Zotu31	SOTU902	No hit	No hit	94.466	Staphylococcus_aureus_ATCC_BAA-1718	Staphylococcus_aureus	0.2953250051681875	98.7	100.0	present cluster priority class
mock-4	Staggered2	mock-4|Staggered2	TIC	Zotu32	SOTU2001	No hit	No hit	98.031	Methanobrevibacter_smithii_ATCC_35061	Methanobrevibacter_smithii	0.332240630814211	98.7	100.0	present cluster priority class
mock-4	Staggered2	mock-4|Staggered2	TIC	Zotu33	SOTU2001	No hit	No hit	97.638	Methanobrevibacter_smithii_ATCC_35061	Methanobrevibacter_smithii	0.1722729196814427	98.7	100.0	present cluster priority class
mock-4	Staggered2	mock-4|Staggered2	TIC	Zotu34	SOTU1101	No hit	No hit				7.309293877912643	98.7	100.0	present cluster priority class
mock-4	Staggered2	mock-4|Staggered2	TIC	Zotu35	SOTU505	No hit	No hit				6.521760530797476	98.7	100.0	present cluster priority class
mock-4	Staggered2	mock-4|Staggered2	TIC	Zotu36	SOTU1102	No hit	No hit				5.254324050284004	98.7	100.0	present cluster priority class
mock-4	Staggered2	mock-4|Staggered2	TIC	Zotu37	SOTU2003	No hit	No hit	98.031	Methanobrevibacter_smithii_ATCC_35061	Methanobrevibacter_smithii	2.27646358150478	98.7	100.0	present cluster priority class
mock-4	Staggered2	mock-4|Staggered2	TIC	Zotu38	SOTU903	No hit	No hit				1.525845860035636	98.7	100.0	present cluster priority class
mock-4	Staggered2	mock-4|Staggered2	TIC	Zotu39	SOTU502	No hit	No hit				0.5291239675930027	98.7	100.0	present cluster priority class
mock-4	Staggered2	mock-4|Staggered2	TIC	Zotu4	SOTU1201	Exact match	Exact match	100.0	Rhodobacter_sphaeroides_ATCC_17023	Rhodobacter_sphaeroides	576.5113257139482	98.7	100.0	present cluster priority class
mock-4	Staggered2	mock-4|Staggered2	TIC	Zotu5	SOTU1401	Exact match	Exact match	100.0	Deinococcus_radiodurans_DSM_20539_	Deinococcus_radiodurans	3.9376667355758346	98.7	100.0	present cluster priority class
mock-4	Staggered2	mock-4|Staggered2	TIC	Zotu6	SOTU1103	Exact match	Exact match	100.0	Escherichia_coli_ATCC_700926	Escherichia_coli	445.3008869594322	98.7	100.0	present cluster priority class
mock-4	Staggered2	mock-4|Staggered2	TIC	Zotu7	SOTU301	Exact match	Exact match	100.0	Pseudomonas_aeruginosa_ATCC_47085	Pseudomonas_aeruginosa	184.13514072236495	98.7	100.0	present cluster priority class
mock-4	Staggered2	mock-4|Staggered2	TIC	Zotu8	SOTU1001	Exact match	Exact match	100.0	Clostridium_beijerinckii_ATCC_51743	Clostridium_beijerinckii	168.9259029562033	98.7	100.0	present cluster priority class
mock-4	Staggered2	mock-4|Staggered2	TIC	Zotu9	SOTU506	Exact match	Exact match	100.0	Streptococcus_agalactiae_ATCC_BAA-611	Streptococcus_agalactiae	121.98153234301014	98.7	100.0	present cluster priority class
mock-4	Even1	mock-4|Even1	TAC	Zotu1	OTU17	Exact match	Exact match	100.0	Staphylococcus_aureus_ATCC_BAA-1718	Staphylococcus_aureus	5123.1157636768885	98.7	100.0	present cluster priority class
mock-4	Even1	mock-4|Even1	TAC	Zotu10	OTU27	Exact match	Exact match	100.0	Streptococcus_pneumoniae_ATCC_BAA-334	Streptococcus_pneumoniae	323.643226608357	98.7	100.0	present cluster priority class
mock-4	Even1	mock-4|Even1	TAC	Zotu11	OTU3	Exact match	Exact match	100.0	Methanobrevibacter_smithii_ATCC_35061	Methanobrevibacter_smithii	25.95061284995475	98.7	100.0	present cluster priority class
mock-4	Even1	mock-4|Even1	TAC	Zotu12	OTU24	Exact match	Exact match	100.0	Bacillus_cereus_ATCC_10987	Bacillus_cereus	151.61918443949142	98.7	100.0	present cluster priority class
mock-4	Even1	mock-4|Even1	TAC	Zotu13	OTU5	Exact match	Exact match	100.0	Listeria_monocytogenes_ATCC_BAA-679	Listeria_monocytogenes	222.51682212386572	98.7	100.0	present cluster priority class
mock-4	Even1	mock-4|Even1	TAC	Zotu14	OTU23	Exact match	Exact match	100.0	Bacteroides_vulgatus_ATCC_8482	Bacteroides_vulgatus	259.77021207671805	98.7	100.0	present cluster priority class
mock-4	Even1	mock-4|Even1	TAC	Zotu15	OTU22	Exact match	Exact match	100.0	Neisseria_meningitidis_ATCC_BAA-335	Neisseria_meningitidis	169.03109496093322	98.7	100.0	present cluster priority class
mock-4	Even1	mock-4|Even1	TAC	Zotu16	OTU14	Exact match	Exact match	100.0	Enterococcus_faecalis_ATCC_47077	Enterococcus_faecalis	99.8764088858842	98.7	100.0	present cluster priority class
mock-4	Even1	mock-4|Even1	TAC	Zotu17	OTU7	Exact match	Exact match	100.0	Actinomyces_odontolyticus_ATCC_17982	Actinomyces_odontolyticus	88.6616596420435	98.7	100.0	present cluster priority class
mock-4	Even1	mock-4|Even1	TAC	Zotu18	OTU4	Exact match	Exact match	100.0	Helicobacter_pylori_ATCC_700392	Helicobacter_pylori	82.25323150270597	98.7	100.0	present cluster priority class
mock-4	Even1	mock-4|Even1	TAC	Zotu19	OTU23	Exact match	Exact match	100.0	Bacteroides_vulgatus_ATCC_8482__Copy3	Bacteroides_vulgatus	49.45405121812952	98.7	100.0	present cluster priority class
mock-4	Even1	mock-4|Even1	TAC	Zotu2	OTU16	Exact match	Exact match	100.0	Acinetobacter_baumannii_ATCC_17978	Acinetobacter_baumannii	1750.0466547653002	98.7	100.0	present cluster priority class
mock-4	Even1	mock-4|Even1	TAC	Zotu20	OTU23	Exact match	Exact match	100.0	Bacteroides_vulgatus_ATCC_8482__Copy4	Bacteroides_vulgatus	40.58084302520062	98.7	100.0	present cluster priority class
mock-4	Even1	mock-4|Even1	TAC	Zotu21	OTU6	Exact match	Exact match	100.0	Lactobacillus_gasseri_DSM_20243	Lactobacillus_gasseri	26.69004686603216	98.7	100.0	present cluster priority class
mock-4	Even1	mock-4|Even1	TAC	Zotu22	OTU1	Near-exact match	Near-exact match	99.213	Methanobrevibacter_smithii_ATCC_35061	Methanobrevibacter_smithii	0.8450674469456093	98.7	100.0	present cluster priority class
mock-4	Even1	mock-4|Even1	TAC	Zotu23	OTU31	No hit	No hit				1.4436568885320826	98.7	100.0	present cluster priority class
mock-4	Even1	mock-4|Even1	TAC	Zotu24	OTU10	Exact match	Exact match	100.0	Propionibacterium_acnes_DSM16379	Propionibacterium_acnes	0.9154897341910768	98.7	100.0	present cluster priority class
mock-4	Even1	mock-4|Even1	TAC	Zotu25	OTU31	No hit	No hit				1.0211231650592778	98.7	100.0	present cluster priority class
mock-4	Even1	mock-4|Even1	TAC	Zotu26	OTU30	No hit	No hit				0.5457727261523727	98.7	100.0	present cluster priority class
mock-4	Even1	mock-4|Even1	TAC	Zotu27	OTU12	No hit	No hit	94.862	Staphylococcus_aureus_ATCC_BAA-1718	Staphylococcus_aureus	0.1936612899250354	98.7	100.0	present cluster priority class
mock-4	Even1	mock-4|Even1	TAC	Zotu29	OTU1	No hit	Near-exact match	98.031	Methanobrevibacter_smithii_ATCC_35061	Methanobrevibacter_smithii	0.1056334308682011	98.7	100.0	present cluster priority class
mock-4	Even1	mock-4|Even1	TAC	Zotu3	OTU29	Exact match	Exact match	100.0	Streptococcus_mutans_ATCC_700610	Streptococcus_mutans	140.31640733659387	98.7	100.0	present cluster priority class
mock-4	Even1	mock-4|Even1	TAC	Zotu30	OTU18	No hit	No hit				0.0704222872454674	98.7	100.0	present cluster priority class
mock-4	Even1	mock-4|Even1	TAC	Zotu31	OTU12	No hit	No hit	94.466	Staphylococcus_aureus_ATCC_BAA-1718	Staphylococcus_aureus	0.1760557181136686	98.7	100.0	present cluster priority class
mock-4	Even1	mock-4|Even1	TAC	Zotu32	OTU1	No hit	Near-exact match	98.031	Methanobrevibacter_smithii_ATCC_35061	Methanobrevibacter_smithii	0.0528167154341005	98.7	100.0	present cluster priority class
mock-4	Even1	mock-4|Even1	TAC	Zotu33	OTU1	No hit	Near-exact match	97.638	Methanobrevibacter_smithii_ATCC_35061	Methanobrevibacter_smithii	0.0176055718113668	98.7	100.0	present cluster priority class
mock-4	Even1	mock-4|Even1	TAC	Zotu34	OTU11	No hit	No hit				0.5457727261523727	98.7	100.0	present cluster priority class
mock-4	Even1	mock-4|Even1	TAC	Zotu35	OTU26	No hit	No hit				0.7394340160774082	98.7	100.0	present cluster priority class
mock-4	Even1	mock-4|Even1	TAC	Zotu36	OTU8	No hit	No hit				0.6161950133978401	98.7	100.0	present cluster priority class
mock-4	Even1	mock-4|Even1	TAC	Zotu37	OTU2	No hit	No hit	98.031	Methanobrevibacter_smithii_ATCC_35061	Methanobrevibacter_smithii	0.1936612899250354	98.7	100.0	present cluster priority class
mock-4	Even1	mock-4|Even1	TAC	Zotu38	OTU9	No hit	No hit				1.6725293220798518	98.7	100.0	present cluster priority class
mock-4	Even1	mock-4|Even1	TAC	Zotu39	OTU30	No hit	No hit				0.1056334308682011	98.7	100.0	present cluster priority class
mock-4	Even1	mock-4|Even1	TAC	Zotu4	OTU21	Exact match	Exact match	100.0	Rhodobacter_sphaeroides_ATCC_17023	Rhodobacter_sphaeroides	91.40812884461674	98.7	100.0	present cluster priority class
mock-4	Even1	mock-4|Even1	TAC	Zotu5	OTU19	Exact match	Exact match	100.0	Deinococcus_radiodurans_DSM_20539_	Deinococcus_radiodurans	538.5016249942781	98.7	100.0	present cluster priority class
mock-4	Even1	mock-4|Even1	TAC	Zotu6	OTU13	Exact match	Exact match	100.0	Escherichia_coli_ATCC_700926	Escherichia_coli	69.29553064953997	98.7	100.0	present cluster priority class
mock-4	Even1	mock-4|Even1	TAC	Zotu7	OTU25	Exact match	Exact match	100.0	Pseudomonas_aeruginosa_ATCC_47085	Pseudomonas_aeruginosa	285.49195249312504	98.7	100.0	present cluster priority class
mock-4	Even1	mock-4|Even1	TAC	Zotu8	OTU15	Exact match	Exact match	100.0	Clostridium_beijerinckii_ATCC_51743	Clostridium_beijerinckii	230.3160904363013	98.7	100.0	present cluster priority class
mock-4	Even1	mock-4|Even1	TAC	Zotu9	OTU28	Exact match	Exact match	100.0	Streptococcus_agalactiae_ATCC_BAA-611	Streptococcus_agalactiae	222.19992183126115	98.7	100.0	present cluster priority class
mock-4	Even2	mock-4|Even2	TAC	Zotu1	OTU17	Exact match	Exact match	100.0	Staphylococcus_aureus_ATCC_BAA-1718	Staphylococcus_aureus	5225.790565845842	98.7	100.0	present cluster priority class
mock-4	Even2	mock-4|Even2	TAC	Zotu10	OTU27	Exact match	Exact match	100.0	Streptococcus_pneumoniae_ATCC_BAA-334	Streptococcus_pneumoniae	302.8978344303626	98.7	100.0	present cluster priority class
mock-4	Even2	mock-4|Even2	TAC	Zotu11	OTU3	Exact match	Exact match	100.0	Methanobrevibacter_smithii_ATCC_35061	Methanobrevibacter_smithii	27.103075547815788	98.7	100.0	present cluster priority class
mock-4	Even2	mock-4|Even2	TAC	Zotu12	OTU24	Exact match	Exact match	100.0	Bacillus_cereus_ATCC_10987	Bacillus_cereus	152.35889539354773	98.7	100.0	present cluster priority class
mock-4	Even2	mock-4|Even2	TAC	Zotu13	OTU5	Exact match	Exact match	100.0	Listeria_monocytogenes_ATCC_BAA-679	Listeria_monocytogenes	223.6762047843441	98.7	100.0	present cluster priority class
mock-4	Even2	mock-4|Even2	TAC	Zotu14	OTU23	Exact match	Exact match	100.0	Bacteroides_vulgatus_ATCC_8482	Bacteroides_vulgatus	253.13451797028475	98.7	100.0	present cluster priority class
mock-4	Even2	mock-4|Even2	TAC	Zotu15	OTU22	Exact match	Exact match	100.0	Neisseria_meningitidis_ATCC_BAA-335	Neisseria_meningitidis	179.5690271976419	98.7	100.0	present cluster priority class
mock-4	Even2	mock-4|Even2	TAC	Zotu16	OTU14	Exact match	Exact match	100.0	Enterococcus_faecalis_ATCC_47077	Enterococcus_faecalis	100.6507236110789	98.7	100.0	present cluster priority class
mock-4	Even2	mock-4|Even2	TAC	Zotu17	OTU7	Exact match	Exact match	100.0	Actinomyces_odontolyticus_ATCC_17982	Actinomyces_odontolyticus	94.03107843119764	98.7	100.0	present cluster priority class
mock-4	Even2	mock-4|Even2	TAC	Zotu18	OTU4	Exact match	Exact match	100.0	Helicobacter_pylori_ATCC_700392	Helicobacter_pylori	85.39520709140642	98.7	100.0	present cluster priority class
mock-4	Even2	mock-4|Even2	TAC	Zotu19	OTU23	Exact match	Exact match	100.0	Bacteroides_vulgatus_ATCC_8482__Copy3	Bacteroides_vulgatus	53.563813557961154	98.7	100.0	present cluster priority class
mock-4	Even2	mock-4|Even2	TAC	Zotu2	OTU16	Exact match	Exact match	100.0	Acinetobacter_baumannii_ATCC_17978	Acinetobacter_baumannii	1545.2500031224745	98.7	100.0	present cluster priority class
mock-4	Even2	mock-4|Even2	TAC	Zotu20	OTU23	Exact match	Exact match	100.0	Bacteroides_vulgatus_ATCC_8482__Copy4	Bacteroides_vulgatus	43.87522236476565	98.7	100.0	present cluster priority class
mock-4	Even2	mock-4|Even2	TAC	Zotu21	OTU6	Exact match	Exact match	100.0	Lactobacillus_gasseri_DSM_20243	Lactobacillus_gasseri	38.36182516642787	98.7	100.0	present cluster priority class
mock-4	Even2	mock-4|Even2	TAC	Zotu22	OTU1	Near-exact match	Near-exact match	99.213	Methanobrevibacter_smithii_ATCC_35061	Methanobrevibacter_smithii	1.2133042378219048	98.7	100.0	present cluster priority class
mock-4	Even2	mock-4|Even2	TAC	Zotu23	OTU31	No hit	No hit				1.5701584254165826	98.7	100.0	present cluster priority class
mock-4	Even2	mock-4|Even2	TAC	Zotu24	OTU10	Exact match	Exact match	100.0	Propionibacterium_acnes_DSM16379	Propionibacterium_acnes	0.9099781783664286	98.7	100.0	present cluster priority class
mock-4	Even2	mock-4|Even2	TAC	Zotu25	OTU31	No hit	No hit				1.2668323659611065	98.7	100.0	present cluster priority class
mock-4	Even2	mock-4|Even2	TAC	Zotu26	OTU30	No hit	No hit				0.7493937939488236	98.7	100.0	present cluster priority class
mock-4	Even2	mock-4|Even2	TAC	Zotu27	OTU12	No hit	No hit	94.862	Staphylococcus_aureus_ATCC_BAA-1718	Staphylococcus_aureus	0.2676406406960084	98.7	100.0	present cluster priority class
mock-4	Even2	mock-4|Even2	TAC	Zotu28	OTU20	No hit	No hit				0.1427416750378711	98.7	100.0	present cluster priority class
mock-4	Even2	mock-4|Even2	TAC	Zotu29	OTU1	No hit	Near-exact match	98.031	Methanobrevibacter_smithii_ATCC_35061	Methanobrevibacter_smithii	0.1427416750378711	98.7	100.0	present cluster priority class
mock-4	Even2	mock-4|Even2	TAC	Zotu3	OTU29	Exact match	Exact match	100.0	Streptococcus_mutans_ATCC_700610	Streptococcus_mutans	142.74167503787115	98.7	100.0	present cluster priority class
mock-4	Even2	mock-4|Even2	TAC	Zotu30	OTU18	No hit	No hit				0.0356854187594677	98.7	100.0	present cluster priority class
mock-4	Even2	mock-4|Even2	TAC	Zotu31	OTU12	No hit	No hit	94.466	Staphylococcus_aureus_ATCC_BAA-1718	Staphylococcus_aureus	0.1070562562784033	98.7	100.0	present cluster priority class
mock-4	Even2	mock-4|Even2	TAC	Zotu32	OTU1	No hit	Near-exact match	98.031	Methanobrevibacter_smithii_ATCC_35061	Methanobrevibacter_smithii	0.0178427093797338	98.7	100.0	present cluster priority class
mock-4	Even2	mock-4|Even2	TAC	Zotu33	OTU1	No hit	Near-exact match	97.638	Methanobrevibacter_smithii_ATCC_35061	Methanobrevibacter_smithii	0.0178427093797338	98.7	100.0	present cluster priority class
mock-4	Even2	mock-4|Even2	TAC	Zotu34	OTU11	No hit	No hit				0.7672365033285574	98.7	100.0	present cluster priority class
mock-4	Even2	mock-4|Even2	TAC	Zotu35	OTU26	No hit	No hit				0.8742927596069607	98.7	100.0	present cluster priority class
mock-4	Even2	mock-4|Even2	TAC	Zotu36	OTU8	No hit	No hit				0.8207646314677591	98.7	100.0	present cluster priority class
mock-4	Even2	mock-4|Even2	TAC	Zotu37	OTU2	No hit	No hit	98.031	Methanobrevibacter_smithii_ATCC_35061	Methanobrevibacter_smithii	0.2676406406960084	98.7	100.0	present cluster priority class
mock-4	Even2	mock-4|Even2	TAC	Zotu38	OTU9	No hit	No hit				1.7842709379733894	98.7	100.0	present cluster priority class
mock-4	Even2	mock-4|Even2	TAC	Zotu39	OTU30	No hit	No hit				0.160584384417605	98.7	100.0	present cluster priority class
mock-4	Even2	mock-4|Even2	TAC	Zotu4	OTU21	Exact match	Exact match	100.0	Rhodobacter_sphaeroides_ATCC_17023	Rhodobacter_sphaeroides	80.5419901401188	98.7	100.0	present cluster priority class
mock-4	Even2	mock-4|Even2	TAC	Zotu5	OTU19	Exact match	Exact match	100.0	Deinococcus_radiodurans_DSM_20539_	Deinococcus_radiodurans	613.3609776377323	98.7	100.0	present cluster priority class
mock-4	Even2	mock-4|Even2	TAC	Zotu6	OTU13	Exact match	Exact match	100.0	Escherichia_coli_ATCC_700926	Escherichia_coli	71.60279274087212	98.7	100.0	present cluster priority class
mock-4	Even2	mock-4|Even2	TAC	Zotu7	OTU25	Exact match	Exact match	100.0	Pseudomonas_aeruginosa_ATCC_47085	Pseudomonas_aeruginosa	289.92618471129606	98.7	100.0	present cluster priority class
mock-4	Even2	mock-4|Even2	TAC	Zotu8	OTU15	Exact match	Exact match	100.0	Clostridium_beijerinckii_ATCC_51743	Clostridium_beijerinckii	254.7938899426	98.7	100.0	present cluster priority class
mock-4	Even2	mock-4|Even2	TAC	Zotu9	OTU28	Exact match	Exact match	100.0	Streptococcus_agalactiae_ATCC_BAA-611	Streptococcus_agalactiae	210.25848733078425	98.7	100.0	present cluster priority class
mock-4	Staggered1	mock-4|Staggered1	TAC	Zotu1	OTU17	Exact match	Exact match	100.0	Staphylococcus_aureus_ATCC_BAA-1718	Staphylococcus_aureus	7233.359160385997	98.7	100.0	present cluster priority class
mock-4	Staggered1	mock-4|Staggered1	TAC	Zotu10	OTU27	Exact match	Exact match	100.0	Streptococcus_pneumoniae_ATCC_BAA-334	Streptococcus_pneumoniae	0.9704710697878268	98.7	100.0	present cluster priority class
mock-4	Staggered1	mock-4|Staggered1	TAC	Zotu11	OTU3	Exact match	Exact match	100.0	Methanobrevibacter_smithii_ATCC_35061	Methanobrevibacter_smithii	307.96803706573377	98.7	100.0	present cluster priority class
mock-4	Staggered1	mock-4|Staggered1	TAC	Zotu12	OTU24	Exact match	Exact match	100.0	Bacillus_cereus_ATCC_10987	Bacillus_cereus	96.06098314980473	98.7	100.0	present cluster priority class
mock-4	Staggered1	mock-4|Staggered1	TAC	Zotu13	OTU5	Exact match	Exact match	100.0	Listeria_monocytogenes_ATCC_BAA-679	Listeria_monocytogenes	10.158640714391929	98.7	100.0	present cluster priority class
mock-4	Staggered1	mock-4|Staggered1	TAC	Zotu14	OTU23	Exact match	Exact match	100.0	Bacteroides_vulgatus_ATCC_8482	Bacteroides_vulgatus	1.7061507517237602	98.7	100.0	present cluster priority class
mock-4	Staggered1	mock-4|Staggered1	TAC	Zotu15	OTU22	Exact match	Exact match	100.0	Neisseria_meningitidis_ATCC_BAA-335	Neisseria_meningitidis	10.690834526856223	98.7	100.0	present cluster priority class
mock-4	Staggered1	mock-4|Staggered1	TAC	Zotu16	OTU14	Exact match	Exact match	100.0	Enterococcus_faecalis_ATCC_47077	Enterococcus_faecalis	1.189609698449594	98.7	100.0	present cluster priority class
mock-4	Staggered1	mock-4|Staggered1	TAC	Zotu17	OTU7	Exact match	Exact match	100.0	Actinomyces_odontolyticus_ATCC_17982	Actinomyces_odontolyticus	0.2504441470420198	98.7	100.0	present cluster priority class
mock-4	Staggered1	mock-4|Staggered1	TAC	Zotu18	OTU4	Exact match	Exact match	100.0	Helicobacter_pylori_ATCC_700392	Helicobacter_pylori	5.071493977600902	98.7	100.0	present cluster priority class
mock-4	Staggered1	mock-4|Staggered1	TAC	Zotu19	OTU23	Exact match	Exact match	100.0	Bacteroides_vulgatus_ATCC_8482__Copy3	Bacteroides_vulgatus	0.1408748327111361	98.7	100.0	present cluster priority class
mock-4	Staggered1	mock-4|Staggered1	TAC	Zotu2	OTU16	Exact match	Exact match	100.0	Acinetobacter_baumannii_ATCC_17978	Acinetobacter_baumannii	82.72483231981717	98.7	100.0	present cluster priority class
mock-4	Staggered1	mock-4|Staggered1	TAC	Zotu20	OTU23	Exact match	Exact match	100.0	Bacteroides_vulgatus_ATCC_8482__Copy4	Bacteroides_vulgatus	0.2660969062321461	98.7	100.0	present cluster priority class
mock-4	Staggered1	mock-4|Staggered1	TAC	Zotu21	OTU6	Exact match	Exact match	100.0	Lactobacillus_gasseri_DSM_20243	Lactobacillus_gasseri	1.6435397149632551	98.7	100.0	present cluster priority class
mock-4	Staggered1	mock-4|Staggered1	TAC	Zotu22	OTU1	Near-exact match	Near-exact match	99.213	Methanobrevibacter_smithii_ATCC_35061	Methanobrevibacter_smithii	10.675181767666096	98.7	100.0	present cluster priority class
mock-4	Staggered1	mock-4|Staggered1	TAC	Zotu23	OTU31	No hit	No hit				10.81605660037723	98.7	100.0	present cluster priority class
mock-4	Staggered1	mock-4|Staggered1	TAC	Zotu24	OTU10	Exact match	Exact match	100.0	Propionibacterium_acnes_DSM16379	Propionibacterium_acnes	0.0313055183802524	98.7	100.0	present cluster priority class
mock-4	Staggered1	mock-4|Staggered1	TAC	Zotu25	OTU31	No hit	No hit				7.435060615309963	98.7	100.0	present cluster priority class
mock-4	Staggered1	mock-4|Staggered1	TAC	Zotu26	OTU30	No hit	No hit				5.384549161403426	98.7	100.0	present cluster priority class
mock-4	Staggered1	mock-4|Staggered1	TAC	Zotu27	OTU12	No hit	No hit	94.862	Staphylococcus_aureus_ATCC_BAA-1718	Staphylococcus_aureus	0.4226244981334084	98.7	100.0	present cluster priority class
mock-4	Staggered1	mock-4|Staggered1	TAC	Zotu28	OTU20	No hit	No hit				0.4069717389432822	98.7	100.0	present cluster priority class
mock-4	Staggered1	mock-4|Staggered1	TAC	Zotu29	OTU1	No hit	Near-exact match	98.031	Methanobrevibacter_smithii_ATCC_35061	Methanobrevibacter_smithii	0.8609017554569431	98.7	100.0	present cluster priority class
mock-4	Staggered1	mock-4|Staggered1	TAC	Zotu3	OTU29	Exact match	Exact match	100.0	Streptococcus_mutans_ATCC_700610	Streptococcus_mutans	780.790933921877	98.7	100.0	present cluster priority class
mock-4	Staggered1	mock-4|Staggered1	TAC	Zotu30	OTU18	No hit	No hit				0.2191386286617673	98.7	100.0	present cluster priority class
mock-4	Staggered1	mock-4|Staggered1	TAC	Zotu31	OTU12	No hit	No hit	94.466	Staphylococcus_aureus_ATCC_BAA-1718	Staphylococcus_aureus	0.1721803510913886	98.7	100.0	present cluster priority class
mock-4	Staggered1	mock-4|Staggered1	TAC	Zotu32	OTU1	No hit	Near-exact match	98.031	Methanobrevibacter_smithii_ATCC_35061	Methanobrevibacter_smithii	0.1878331102815148	98.7	100.0	present cluster priority class
mock-4	Staggered1	mock-4|Staggered1	TAC	Zotu33	OTU1	No hit	Near-exact match	97.638	Methanobrevibacter_smithii_ATCC_35061	Methanobrevibacter_smithii	0.1878331102815148	98.7	100.0	present cluster priority class
mock-4	Staggered1	mock-4|Staggered1	TAC	Zotu34	OTU11	No hit	No hit				5.462812957354058	98.7	100.0	present cluster priority class
mock-4	Staggered1	mock-4|Staggered1	TAC	Zotu35	OTU26	No hit	No hit				5.321938124642922	98.7	100.0	present cluster priority class
mock-4	Staggered1	mock-4|Staggered1	TAC	Zotu36	OTU8	No hit	No hit				4.257550499714338	98.7	100.0	present cluster priority class
mock-4	Staggered1	mock-4|Staggered1	TAC	Zotu37	OTU2	No hit	No hit	98.031	Methanobrevibacter_smithii_ATCC_35061	Methanobrevibacter_smithii	2.097469731476916	98.7	100.0	present cluster priority class
mock-4	Staggered1	mock-4|Staggered1	TAC	Zotu38	OTU9	No hit	No hit				1.3617900495409827	98.7	100.0	present cluster priority class
mock-4	Staggered1	mock-4|Staggered1	TAC	Zotu39	OTU30	No hit	No hit				0.5634993308445446	98.7	100.0	present cluster priority class
mock-4	Staggered1	mock-4|Staggered1	TAC	Zotu4	OTU21	Exact match	Exact match	100.0	Rhodobacter_sphaeroides_ATCC_17023	Rhodobacter_sphaeroides	547.1421974908627	98.7	100.0	present cluster priority class
mock-4	Staggered1	mock-4|Staggered1	TAC	Zotu5	OTU19	Exact match	Exact match	100.0	Deinococcus_radiodurans_DSM_20539_	Deinococcus_radiodurans	4.16363394457358	98.7	100.0	present cluster priority class
mock-4	Staggered1	mock-4|Staggered1	TAC	Zotu6	OTU13	Exact match	Exact match	100.0	Escherichia_coli_ATCC_700926	Escherichia_coli	405.1873243956079	98.7	100.0	present cluster priority class
mock-4	Staggered1	mock-4|Staggered1	TAC	Zotu7	OTU25	Exact match	Exact match	100.0	Pseudomonas_aeruginosa_ATCC_47085	Pseudomonas_aeruginosa	170.44289482128465	98.7	100.0	present cluster priority class
mock-4	Staggered1	mock-4|Staggered1	TAC	Zotu8	OTU15	Exact match	Exact match	100.0	Clostridium_beijerinckii_ATCC_51743	Clostridium_beijerinckii	168.5645637184695	98.7	100.0	present cluster priority class
mock-4	Staggered1	mock-4|Staggered1	TAC	Zotu9	OTU28	Exact match	Exact match	100.0	Streptococcus_agalactiae_ATCC_BAA-611	Streptococcus_agalactiae	115.64258489665266	98.7	100.0	present cluster priority class
mock-4	Staggered2	mock-4|Staggered2	TAC	Zotu1	OTU17	Exact match	Exact match	100.0	Staphylococcus_aureus_ATCC_BAA-1718	Staphylococcus_aureus	7099.047084649991	98.7	100.0	present cluster priority class
mock-4	Staggered2	mock-4|Staggered2	TAC	Zotu10	OTU27	Exact match	Exact match	100.0	Streptococcus_pneumoniae_ATCC_BAA-334	Streptococcus_pneumoniae	1.07055314373468	98.7	100.0	present cluster priority class
mock-4	Staggered2	mock-4|Staggered2	TAC	Zotu11	OTU3	Exact match	Exact match	100.0	Methanobrevibacter_smithii_ATCC_35061	Methanobrevibacter_smithii	310.00511896675624	98.7	100.0	present cluster priority class
mock-4	Staggered2	mock-4|Staggered2	TAC	Zotu12	OTU24	Exact match	Exact match	100.0	Bacillus_cereus_ATCC_10987	Bacillus_cereus	99.5860527844226	98.7	100.0	present cluster priority class
mock-4	Staggered2	mock-4|Staggered2	TAC	Zotu13	OTU5	Exact match	Exact match	100.0	Listeria_monocytogenes_ATCC_BAA-679	Listeria_monocytogenes	12.366734591417856	98.7	100.0	present cluster priority class
mock-4	Staggered2	mock-4|Staggered2	TAC	Zotu14	OTU23	Exact match	Exact match	100.0	Bacteroides_vulgatus_ATCC_8482	Bacteroides_vulgatus	1.3904885660002166	98.7	100.0	present cluster priority class
mock-4	Staggered2	mock-4|Staggered2	TAC	Zotu15	OTU22	Exact match	Exact match	100.0	Neisseria_meningitidis_ATCC_BAA-335	Neisseria_meningitidis	10.34868038943524	98.7	100.0	present cluster priority class
mock-4	Staggered2	mock-4|Staggered2	TAC	Zotu16	OTU14	Exact match	Exact match	100.0	Enterococcus_faecalis_ATCC_47077	Enterococcus_faecalis	0.6521760530797476	98.7	100.0	present cluster priority class
mock-4	Staggered2	mock-4|Staggered2	TAC	Zotu17	OTU7	Exact match	Exact match	100.0	Actinomyces_odontolyticus_ATCC_17982	Actinomyces_odontolyticus	0.1845781282301172	98.7	100.0	present cluster priority class
mock-4	Staggered2	mock-4|Staggered2	TAC	Zotu18	OTU4	Exact match	Exact match	100.0	Helicobacter_pylori_ATCC_700392	Helicobacter_pylori	4.516011537363535	98.7	100.0	present cluster priority class
mock-4	Staggered2	mock-4|Staggered2	TAC	Zotu19	OTU23	Exact match	Exact match	100.0	Bacteroides_vulgatus_ATCC_8482__Copy3	Bacteroides_vulgatus	0.2337989624248151	98.7	100.0	present cluster priority class
mock-4	Staggered2	mock-4|Staggered2	TAC	Zotu2	OTU16	Exact match	Exact match	100.0	Acinetobacter_baumannii_ATCC_17978	Acinetobacter_baumannii	87.74844216059775	98.7	100.0	present cluster priority class
mock-4	Staggered2	mock-4|Staggered2	TAC	Zotu20	OTU23	Exact match	Exact match	100.0	Bacteroides_vulgatus_ATCC_8482__Copy4	Bacteroides_vulgatus	0.3076302137168621	98.7	100.0	present cluster priority class
mock-4	Staggered2	mock-4|Staggered2	TAC	Zotu21	OTU6	Exact match	Exact match	100.0	Lactobacillus_gasseri_DSM_20243	Lactobacillus_gasseri	1.931917742141894	98.7	100.0	present cluster priority class
mock-4	Staggered2	mock-4|Staggered2	TAC	Zotu22	OTU1	Near-exact match	Near-exact match	99.213	Methanobrevibacter_smithii_ATCC_35061	Methanobrevibacter_smithii	10.988551233966314	98.7	100.0	present cluster priority class
mock-4	Staggered2	mock-4|Staggered2	TAC	Zotu23	OTU31	No hit	No hit				10.34868038943524	98.7	100.0	present cluster priority class
mock-4	Staggered2	mock-4|Staggered2	TAC	Zotu24	OTU10	Exact match	Exact match	100.0	Propionibacterium_acnes_DSM16379	Propionibacterium_acnes	0.0615260427433724	98.7	100.0	present cluster priority class
mock-4	Staggered2	mock-4|Staggered2	TAC	Zotu25	OTU31	No hit	No hit				8.219879310514555	98.7	100.0	present cluster priority class
mock-4	Staggered2	mock-4|Staggered2	TAC	Zotu26	OTU30	No hit	No hit				6.300266776921335	98.7	100.0	present cluster priority class
mock-4	Staggered2	mock-4|Staggered2	TAC	Zotu27	OTU12	No hit	No hit	94.862	Staphylococcus_aureus_ATCC_BAA-1718	Staphylococcus_aureus	0.3691562564602345	98.7	100.0	present cluster priority class
mock-4	Staggered2	mock-4|Staggered2	TAC	Zotu28	OTU20	No hit	No hit				0.2707145880708386	98.7	100.0	present cluster priority class
mock-4	Staggered2	mock-4|Staggered2	TAC	Zotu29	OTU1	No hit	Near-exact match	98.031	Methanobrevibacter_smithii_ATCC_35061	Methanobrevibacter_smithii	0.8736698069558883	98.7	100.0	present cluster priority class
mock-4	Staggered2	mock-4|Staggered2	TAC	Zotu3	OTU29	Exact match	Exact match	100.0	Streptococcus_mutans_ATCC_700610	Streptococcus_mutans	807.8861620546745	98.7	100.0	present cluster priority class
mock-4	Staggered2	mock-4|Staggered2	TAC	Zotu30	OTU18	No hit	No hit				0.2830197966195131	98.7	100.0	present cluster priority class
mock-4	Staggered2	mock-4|Staggered2	TAC	Zotu31	OTU12	No hit	No hit	94.466	Staphylococcus_aureus_ATCC_BAA-1718	Staphylococcus_aureus	0.2953250051681875	98.7	100.0	present cluster priority class
mock-4	Staggered2	mock-4|Staggered2	TAC	Zotu32	OTU1	No hit	Near-exact match	98.031	Methanobrevibacter_smithii_ATCC_35061	Methanobrevibacter_smithii	0.332240630814211	98.7	100.0	present cluster priority class
mock-4	Staggered2	mock-4|Staggered2	TAC	Zotu33	OTU1	No hit	Near-exact match	97.638	Methanobrevibacter_smithii_ATCC_35061	Methanobrevibacter_smithii	0.1722729196814427	98.7	100.0	present cluster priority class
mock-4	Staggered2	mock-4|Staggered2	TAC	Zotu34	OTU11	No hit	No hit				7.309293877912643	98.7	100.0	present cluster priority class
mock-4	Staggered2	mock-4|Staggered2	TAC	Zotu35	OTU26	No hit	No hit				6.521760530797476	98.7	100.0	present cluster priority class
mock-4	Staggered2	mock-4|Staggered2	TAC	Zotu36	OTU8	No hit	No hit				5.254324050284004	98.7	100.0	present cluster priority class
mock-4	Staggered2	mock-4|Staggered2	TAC	Zotu37	OTU2	No hit	No hit	98.031	Methanobrevibacter_smithii_ATCC_35061	Methanobrevibacter_smithii	2.27646358150478	98.7	100.0	present cluster priority class
mock-4	Staggered2	mock-4|Staggered2	TAC	Zotu38	OTU9	No hit	No hit				1.525845860035636	98.7	100.0	present cluster priority class
mock-4	Staggered2	mock-4|Staggered2	TAC	Zotu39	OTU30	No hit	No hit				0.5291239675930027	98.7	100.0	present cluster priority class
mock-4	Staggered2	mock-4|Staggered2	TAC	Zotu4	OTU21	Exact match	Exact match	100.0	Rhodobacter_sphaeroides_ATCC_17023	Rhodobacter_sphaeroides	576.5113257139482	98.7	100.0	present cluster priority class
mock-4	Staggered2	mock-4|Staggered2	TAC	Zotu5	OTU19	Exact match	Exact match	100.0	Deinococcus_radiodurans_DSM_20539_	Deinococcus_radiodurans	3.9376667355758346	98.7	100.0	present cluster priority class
mock-4	Staggered2	mock-4|Staggered2	TAC	Zotu6	OTU13	Exact match	Exact match	100.0	Escherichia_coli_ATCC_700926	Escherichia_coli	445.3008869594322	98.7	100.0	present cluster priority class
mock-4	Staggered2	mock-4|Staggered2	TAC	Zotu7	OTU25	Exact match	Exact match	100.0	Pseudomonas_aeruginosa_ATCC_47085	Pseudomonas_aeruginosa	184.13514072236495	98.7	100.0	present cluster priority class
mock-4	Staggered2	mock-4|Staggered2	TAC	Zotu8	OTU15	Exact match	Exact match	100.0	Clostridium_beijerinckii_ATCC_51743	Clostridium_beijerinckii	168.9259029562033	98.7	100.0	present cluster priority class
mock-4	Staggered2	mock-4|Staggered2	TAC	Zotu9	OTU28	Exact match	Exact match	100.0	Streptococcus_agalactiae_ATCC_BAA-611	Streptococcus_agalactiae	121.98153234301014	98.7	100.0	present cluster priority class
mock-5	Even1	mock-5|Even1	TIC	Zotu1	SOTU701	Exact match	Exact match	100.0	Staphylococcus_aureus_ATCC_BAA-1718	Staphylococcus_aureus	4879.864433333733	98.7	100.0	present cluster priority class
mock-5	Even1	mock-5|Even1	TIC	Zotu10	SOTU501	Exact match	Exact match	100.0	Bacteroides_vulgatus_ATCC_8482	Bacteroides_vulgatus	250.9422123105084	98.7	100.0	present cluster priority class
mock-5	Even1	mock-5|Even1	TIC	Zotu11	SOTU1001	Exact match	Exact match	100.0	Bacillus_cereus_ATCC_10987	Bacillus_cereus	136.9175369391189	98.7	100.0	present cluster priority class
mock-5	Even1	mock-5|Even1	TIC	Zotu12	SOTU301	Exact match	Exact match	100.0	Streptococcus_agalactiae_ATCC_BAA-611	Streptococcus_agalactiae	151.16962219584428	98.7	100.0	present cluster priority class
mock-5	Even1	mock-5|Even1	TIC	Zotu13	SOTU1201	Exact match	Exact match	100.0	Listeria_monocytogenes_ATCC_BAA-679	Listeria_monocytogenes	225.99506812304912	98.7	100.0	present cluster priority class
mock-5	Even1	mock-5|Even1	TIC	Zotu14	SOTU302	Exact match	Exact match	100.0	Streptococcus_pneumoniae_ATCC_BAA-334	Streptococcus_pneumoniae	238.28879057108256	98.7	100.0	present cluster priority class
mock-5	Even1	mock-5|Even1	TIC	Zotu15	SOTU401	Exact match	Exact match	100.0	Helicobacter_pylori_ATCC_700392	Helicobacter_pylori	198.8577549168895	98.7	100.0	present cluster priority class
mock-5	Even1	mock-5|Even1	TIC	Zotu16	SOTU901	Exact match	Exact match	100.0	Neisseria_meningitidis_ATCC_BAA-335	Neisseria_meningitidis	165.38174086463718	98.7	100.0	present cluster priority class
mock-5	Even1	mock-5|Even1	TIC	Zotu17	SOTU1501	Exact match	Exact match	100.0	Enterococcus_faecalis_ATCC_47077	Enterococcus_faecalis	95.51215184106088	98.7	100.0	present cluster priority class
mock-5	Even1	mock-5|Even1	TIC	Zotu18	SOTU1601	Exact match	Exact match	100.0	Actinomyces_odontolyticus_ATCC_17982	Actinomyces_odontolyticus	91.5714462709175	98.7	100.0	present cluster priority class
mock-5	Even1	mock-5|Even1	TIC	Zotu19	SOTU501	Exact match	Exact match	100.0	Bacteroides_vulgatus_ATCC_8482__Copy3	Bacteroides_vulgatus	49.66248216491014	98.7	100.0	present cluster priority class
mock-5	Even1	mock-5|Even1	TIC	Zotu2	SOTU1301	Exact match	Exact match	100.0	Acinetobacter_baumannii_ATCC_17978	Acinetobacter_baumannii	2074.4177867302933	98.7	100.0	present cluster priority class
mock-5	Even1	mock-5|Even1	TIC	Zotu20	SOTU501	Exact match	Exact match	100.0	Bacteroides_vulgatus_ATCC_8482__Copy4	Bacteroides_vulgatus	42.23669012705378	98.7	100.0	present cluster priority class
mock-5	Even1	mock-5|Even1	TIC	Zotu21	SOTU1401	Exact match	Exact match	100.0	Lactobacillus_gasseri_DSM_20243	Lactobacillus_gasseri	22.4612224180585	98.7	100.0	present cluster priority class
mock-5	Even1	mock-5|Even1	TIC	Zotu22	SOTU201	Exact match	Exact match	100.0	Propionibacterium_acnes_DSM16379	Propionibacterium_acnes	0.8233117114092618	98.7	100.0	present cluster priority class
mock-5	Even1	mock-5|Even1	TIC	Zotu23	SOTU1901	No hit	No hit				0.0399665879324884	98.7	100.0	present cluster priority class
mock-5	Even1	mock-5|Even1	TIC	Zotu24	SOTU2001	No hit	No hit				0.0639465406919815	98.7	100.0	present cluster priority class
mock-5	Even1	mock-5|Even1	TIC	Zotu25	SOTU601	No hit	No hit				0.0719398582784792	98.7	100.0	present cluster priority class
mock-5	Even1	mock-5|Even1	TIC	Zotu3	SOTU303	Exact match	Exact match	100.0	Streptococcus_mutans_ATCC_700610	Streptococcus_mutans	130.95452201959162	98.7	100.0	present cluster priority class
mock-5	Even1	mock-5|Even1	TIC	Zotu4	SOTU101	Exact match	Exact match	100.0	Rhodobacter_sphaeroides_ATCC_17023	Rhodobacter_sphaeroides	90.46836844398084	98.7	100.0	present cluster priority class
mock-5	Even1	mock-5|Even1	TIC	Zotu5	SOTU2101	Exact match	Exact match	100.0	Methanobrevibacter_smithii_ATCC_35061	Methanobrevibacter_smithii	43.85134027952631	98.7	100.0	present cluster priority class
mock-5	Even1	mock-5|Even1	TIC	Zotu6	SOTU801	Exact match	Exact match	100.0	Deinococcus_radiodurans_DSM_20539_	Deinococcus_radiodurans	568.0451142844582	98.7	100.0	present cluster priority class
mock-5	Even1	mock-5|Even1	TIC	Zotu7	SOTU1701	Exact match	Exact match	100.0	Escherichia_coli_ATCC_700926	Escherichia_coli	64.27426671302791	98.7	100.0	present cluster priority class
mock-5	Even1	mock-5|Even1	TIC	Zotu8	SOTU1801	Exact match	Exact match	100.0	Pseudomonas_aeruginosa_ATCC_47085	Pseudomonas_aeruginosa	263.6276073202802	98.7	100.0	present cluster priority class
mock-5	Even1	mock-5|Even1	TIC	Zotu9	SOTU1101	Exact match	Exact match	100.0	Clostridium_beijerinckii_ATCC_51743	Clostridium_beijerinckii	214.50067743366543	98.7	100.0	present cluster priority class
mock-5	Even2	mock-5|Even2	TIC	Zotu1	SOTU701	Exact match	Exact match	100.0	Staphylococcus_aureus_ATCC_BAA-1718	Staphylococcus_aureus	5052.534019350535	98.7	100.0	present cluster priority class
mock-5	Even2	mock-5|Even2	TIC	Zotu10	SOTU501	Exact match	Exact match	100.0	Bacteroides_vulgatus_ATCC_8482	Bacteroides_vulgatus	256.61075059510733	98.7	100.0	present cluster priority class
mock-5	Even2	mock-5|Even2	TIC	Zotu11	SOTU1001	Exact match	Exact match	100.0	Bacillus_cereus_ATCC_10987	Bacillus_cereus	140.06971988418343	98.7	100.0	present cluster priority class
mock-5	Even2	mock-5|Even2	TIC	Zotu12	SOTU301	Exact match	Exact match	100.0	Streptococcus_agalactiae_ATCC_BAA-611	Streptococcus_agalactiae	139.5893818521992	98.7	100.0	present cluster priority class
mock-5	Even2	mock-5|Even2	TIC	Zotu13	SOTU1201	Exact match	Exact match	100.0	Listeria_monocytogenes_ATCC_BAA-679	Listeria_monocytogenes	233.4442835443277	98.7	100.0	present cluster priority class
mock-5	Even2	mock-5|Even2	TIC	Zotu14	SOTU302	Exact match	Exact match	100.0	Streptococcus_pneumoniae_ATCC_BAA-334	Streptococcus_pneumoniae	218.25457758207284	98.7	100.0	present cluster priority class
mock-5	Even2	mock-5|Even2	TIC	Zotu15	SOTU401	Exact match	Exact match	100.0	Helicobacter_pylori_ATCC_700392	Helicobacter_pylori	193.1667584033564	98.7	100.0	present cluster priority class
mock-5	Even2	mock-5|Even2	TIC	Zotu16	SOTU901	Exact match	Exact match	100.0	Neisseria_meningitidis_ATCC_BAA-335	Neisseria_meningitidis	172.97681227208548	98.7	100.0	present cluster priority class
mock-5	Even2	mock-5|Even2	TIC	Zotu17	SOTU1501	Exact match	Exact match	100.0	Enterococcus_faecalis_ATCC_47077	Enterococcus_faecalis	100.44576944246928	98.7	100.0	present cluster priority class
mock-5	Even2	mock-5|Even2	TIC	Zotu18	SOTU1601	Exact match	Exact match	100.0	Actinomyces_odontolyticus_ATCC_17982	Actinomyces_odontolyticus	95.79200260799928	98.7	100.0	present cluster priority class
mock-5	Even2	mock-5|Even2	TIC	Zotu19	SOTU501	Exact match	Exact match	100.0	Bacteroides_vulgatus_ATCC_8482__Copy3	Bacteroides_vulgatus	52.13636245520455	98.7	100.0	present cluster priority class
mock-5	Even2	mock-5|Even2	TIC	Zotu2	SOTU1301	Exact match	Exact match	100.0	Acinetobacter_baumannii_ATCC_17978	Acinetobacter_baumannii	1791.2277676329336	98.7	100.0	present cluster priority class
mock-5	Even2	mock-5|Even2	TIC	Zotu20	SOTU501	Exact match	Exact match	100.0	Bacteroides_vulgatus_ATCC_8482__Copy4	Bacteroides_vulgatus	44.68718576246576	98.7	100.0	present cluster priority class
mock-5	Even2	mock-5|Even2	TIC	Zotu21	SOTU1401	Exact match	Exact match	100.0	Lactobacillus_gasseri_DSM_20243	Lactobacillus_gasseri	28.450185402605957	98.7	100.0	present cluster priority class
mock-5	Even2	mock-5|Even2	TIC	Zotu22	SOTU201	Exact match	Exact match	100.0	Propionibacterium_acnes_DSM16379	Propionibacterium_acnes	1.0079224277701526	98.7	100.0	present cluster priority class
mock-5	Even2	mock-5|Even2	TIC	Zotu23	SOTU1901	No hit	No hit				0.1181159095043147	98.7	100.0	present cluster priority class
mock-5	Even2	mock-5|Even2	TIC	Zotu24	SOTU2001	No hit	No hit				0.0393719698347715	98.7	100.0	present cluster priority class
mock-5	Even2	mock-5|Even2	TIC	Zotu25	SOTU601	No hit	No hit				0.0472463638017259	98.7	100.0	present cluster priority class
mock-5	Even2	mock-5|Even2	TIC	Zotu3	SOTU303	Exact match	Exact match	100.0	Streptococcus_mutans_ATCC_700610	Streptococcus_mutans	134.46315137971197	98.7	100.0	present cluster priority class
mock-5	Even2	mock-5|Even2	TIC	Zotu4	SOTU101	Exact match	Exact match	100.0	Rhodobacter_sphaeroides_ATCC_17023	Rhodobacter_sphaeroides	78.88567876094837	98.7	100.0	present cluster priority class
mock-5	Even2	mock-5|Even2	TIC	Zotu5	SOTU2101	Exact match	Exact match	100.0	Methanobrevibacter_smithii_ATCC_35061	Methanobrevibacter_smithii	47.97868244065266	98.7	100.0	present cluster priority class
mock-5	Even2	mock-5|Even2	TIC	Zotu6	SOTU801	Exact match	Exact match	100.0	Deinococcus_radiodurans_DSM_20539_	Deinococcus_radiodurans	668.4258062788842	98.7	100.0	present cluster priority class
mock-5	Even2	mock-5|Even2	TIC	Zotu7	SOTU1701	Exact match	Exact match	100.0	Escherichia_coli_ATCC_700926	Escherichia_coli	69.23167175746237	98.7	100.0	present cluster priority class
mock-5	Even2	mock-5|Even2	TIC	Zotu8	SOTU1801	Exact match	Exact match	100.0	Pseudomonas_aeruginosa_ATCC_47085	Pseudomonas_aeruginosa	260.46920363891496	98.7	100.0	present cluster priority class
mock-5	Even2	mock-5|Even2	TIC	Zotu9	SOTU1101	Exact match	Exact match	100.0	Clostridium_beijerinckii_ATCC_51743	Clostridium_beijerinckii	219.947572284968	98.7	100.0	present cluster priority class
mock-5	Staggered1	mock-5|Staggered1	TIC	Zotu1	SOTU701	Exact match	Exact match	100.0	Staphylococcus_aureus_ATCC_BAA-1718	Staphylococcus_aureus	7142.573008667839	98.7	100.0	present cluster priority class
mock-5	Staggered1	mock-5|Staggered1	TIC	Zotu10	SOTU501	Exact match	Exact match	100.0	Bacteroides_vulgatus_ATCC_8482	Bacteroides_vulgatus	1.5477070516384313	98.7	100.0	present cluster priority class
mock-5	Staggered1	mock-5|Staggered1	TIC	Zotu11	SOTU1001	Exact match	Exact match	100.0	Bacillus_cereus_ATCC_10987	Bacillus_cereus	85.73482483418151	98.7	100.0	present cluster priority class
mock-5	Staggered1	mock-5|Staggered1	TIC	Zotu12	SOTU301	Exact match	Exact match	100.0	Streptococcus_agalactiae_ATCC_BAA-611	Streptococcus_agalactiae	72.538585762317	98.7	100.0	present cluster priority class
mock-5	Staggered1	mock-5|Staggered1	TIC	Zotu13	SOTU1201	Exact match	Exact match	100.0	Listeria_monocytogenes_ATCC_BAA-679	Listeria_monocytogenes	10.684609207363556	98.7	100.0	present cluster priority class
mock-5	Staggered1	mock-5|Staggered1	TIC	Zotu14	SOTU302	Exact match	Exact match	100.0	Streptococcus_pneumoniae_ATCC_BAA-334	Streptococcus_pneumoniae	0.4819614064312658	98.7	100.0	present cluster priority class
mock-5	Staggered1	mock-5|Staggered1	TIC	Zotu15	SOTU401	Exact match	Exact match	100.0	Helicobacter_pylori_ATCC_700392	Helicobacter_pylori	10.474175353851312	98.7	100.0	present cluster priority class
mock-5	Staggered1	mock-5|Staggered1	TIC	Zotu16	SOTU901	Exact match	Exact match	100.0	Neisseria_meningitidis_ATCC_BAA-335	Neisseria_meningitidis	9.815721038022682	98.7	100.0	present cluster priority class
mock-5	Staggered1	mock-5|Staggered1	TIC	Zotu17	SOTU1501	Exact match	Exact match	100.0	Enterococcus_faecalis_ATCC_47077	Enterococcus_faecalis	0.7263362040583866	98.7	100.0	present cluster priority class
mock-5	Staggered1	mock-5|Staggered1	TIC	Zotu18	SOTU1601	Exact match	Exact match	100.0	Actinomyces_odontolyticus_ATCC_17982	Actinomyces_odontolyticus	0.3529858187947299	98.7	100.0	present cluster priority class
mock-5	Staggered1	mock-5|Staggered1	TIC	Zotu19	SOTU501	Exact match	Exact match	100.0	Bacteroides_vulgatus_ATCC_8482__Copy3	Bacteroides_vulgatus	0.1697047205743893	98.7	100.0	present cluster priority class
mock-5	Staggered1	mock-5|Staggered1	TIC	Zotu2	SOTU1301	Exact match	Exact match	100.0	Acinetobacter_baumannii_ATCC_17978	Acinetobacter_baumannii	90.08605386970883	98.7	100.0	present cluster priority class
mock-5	Staggered1	mock-5|Staggered1	TIC	Zotu20	SOTU501	Exact match	Exact match	100.0	Bacteroides_vulgatus_ATCC_8482__Copy4	Bacteroides_vulgatus	0.1493401541054626	98.7	100.0	present cluster priority class
mock-5	Staggered1	mock-5|Staggered1	TIC	Zotu21	SOTU1401	Exact match	Exact match	100.0	Lactobacillus_gasseri_DSM_20243	Lactobacillus_gasseri	1.072533834030141	98.7	100.0	present cluster priority class
mock-5	Staggered1	mock-5|Staggered1	TIC	Zotu22	SOTU201	Exact match	Exact match	100.0	Propionibacterium_acnes_DSM16379	Propionibacterium_acnes	0.047517321760829	98.7	100.0	present cluster priority class
mock-5	Staggered1	mock-5|Staggered1	TIC	Zotu23	SOTU1901	No hit	No hit				0.3597740076177055	98.7	100.0	present cluster priority class
mock-5	Staggered1	mock-5|Staggered1	TIC	Zotu24	SOTU2001	No hit	No hit				0.271527552919023	98.7	100.0	present cluster priority class
mock-5	Staggered1	mock-5|Staggered1	TIC	Zotu3	SOTU303	Exact match	Exact match	100.0	Streptococcus_mutans_ATCC_700610	Streptococcus_mutans	749.1377303147616	98.7	100.0	present cluster priority class
mock-5	Staggered1	mock-5|Staggered1	TIC	Zotu4	SOTU101	Exact match	Exact match	100.0	Rhodobacter_sphaeroides_ATCC_17023	Rhodobacter_sphaeroides	559.5571928666997	98.7	100.0	present cluster priority class
mock-5	Staggered1	mock-5|Staggered1	TIC	Zotu5	SOTU2101	Exact match	Exact match	100.0	Methanobrevibacter_smithii_ATCC_35061	Methanobrevibacter_smithii	596.3423880984043	98.7	100.0	present cluster priority class
mock-5	Staggered1	mock-5|Staggered1	TIC	Zotu6	SOTU801	Exact match	Exact match	100.0	Deinococcus_radiodurans_DSM_20539_	Deinococcus_radiodurans	4.2561943920056855	98.7	100.0	present cluster priority class
mock-5	Staggered1	mock-5|Staggered1	TIC	Zotu7	SOTU1701	Exact match	Exact match	100.0	Escherichia_coli_ATCC_700926	Escherichia_coli	374.87772774882615	98.7	100.0	present cluster priority class
mock-5	Staggered1	mock-5|Staggered1	TIC	Zotu8	SOTU1801	Exact match	Exact match	100.0	Pseudomonas_aeruginosa_ATCC_47085	Pseudomonas_aeruginosa	149.0211092307828	98.7	100.0	present cluster priority class
mock-5	Staggered1	mock-5|Staggered1	TIC	Zotu9	SOTU1101	Exact match	Exact match	100.0	Clostridium_beijerinckii_ATCC_51743	Clostridium_beijerinckii	139.72129054330625	98.7	100.0	present cluster priority class
mock-5	Staggered2	mock-5|Staggered2	TIC	Zotu1	SOTU701	Exact match	Exact match	100.0	Staphylococcus_aureus_ATCC_BAA-1718	Staphylococcus_aureus	7045.275085301671	98.7	100.0	present cluster priority class
mock-5	Staggered2	mock-5|Staggered2	TIC	Zotu10	SOTU501	Exact match	Exact match	100.0	Bacteroides_vulgatus_ATCC_8482	Bacteroides_vulgatus	1.2291083851529905	98.7	100.0	present cluster priority class
mock-5	Staggered2	mock-5|Staggered2	TIC	Zotu11	SOTU1001	Exact match	Exact match	100.0	Bacillus_cereus_ATCC_10987	Bacillus_cereus	90.7371190215884	98.7	100.0	present cluster priority class
mock-5	Staggered2	mock-5|Staggered2	TIC	Zotu12	SOTU301	Exact match	Exact match	100.0	Streptococcus_agalactiae_ATCC_BAA-611	Streptococcus_agalactiae	77.54227900450483	98.7	100.0	present cluster priority class
mock-5	Staggered2	mock-5|Staggered2	TIC	Zotu13	SOTU1201	Exact match	Exact match	100.0	Listeria_monocytogenes_ATCC_BAA-679	Listeria_monocytogenes	13.33427668262614	98.7	100.0	present cluster priority class
mock-5	Staggered2	mock-5|Staggered2	TIC	Zotu14	SOTU302	Exact match	Exact match	100.0	Streptococcus_pneumoniae_ATCC_BAA-334	Streptococcus_pneumoniae	0.6661974020367049	98.7	100.0	present cluster priority class
mock-5	Staggered2	mock-5|Staggered2	TIC	Zotu15	SOTU401	Exact match	Exact match	100.0	Helicobacter_pylori_ATCC_700392	Helicobacter_pylori	10.307984608257852	98.7	100.0	present cluster priority class
mock-5	Staggered2	mock-5|Staggered2	TIC	Zotu16	SOTU901	Exact match	Exact match	100.0	Neisseria_meningitidis_ATCC_BAA-335	Neisseria_meningitidis	9.745073625141568	98.7	100.0	present cluster priority class
mock-5	Staggered2	mock-5|Staggered2	TIC	Zotu17	SOTU1501	Exact match	Exact match	100.0	Enterococcus_faecalis_ATCC_47077	Enterococcus_faecalis	0.6971833277128308	98.7	100.0	present cluster priority class
mock-5	Staggered2	mock-5|Staggered2	TIC	Zotu18	SOTU1601	Exact match	Exact match	100.0	Actinomyces_odontolyticus_ATCC_17982	Actinomyces_odontolyticus	0.2427230844629855	98.7	100.0	present cluster priority class
mock-5	Staggered2	mock-5|Staggered2	TIC	Zotu19	SOTU501	Exact match	Exact match	100.0	Bacteroides_vulgatus_ATCC_8482__Copy3	Bacteroides_vulgatus	0.2323944425709435	98.7	100.0	present cluster priority class
mock-5	Staggered2	mock-5|Staggered2	TIC	Zotu2	SOTU1301	Exact match	Exact match	100.0	Acinetobacter_baumannii_ATCC_17978	Acinetobacter_baumannii	93.45355183919544	98.7	100.0	present cluster priority class
mock-5	Staggered2	mock-5|Staggered2	TIC	Zotu20	SOTU501	Exact match	Exact match	100.0	Bacteroides_vulgatus_ATCC_8482__Copy4	Bacteroides_vulgatus	0.3098592567612581	98.7	100.0	present cluster priority class
mock-5	Staggered2	mock-5|Staggered2	TIC	Zotu21	SOTU1401	Exact match	Exact match	100.0	Lactobacillus_gasseri_DSM_20243	Lactobacillus_gasseri	1.3530520878574936	98.7	100.0	present cluster priority class
mock-5	Staggered2	mock-5|Staggered2	TIC	Zotu22	SOTU201	Exact match	Exact match	100.0	Propionibacterium_acnes_DSM16379	Propionibacterium_acnes	0.0258216047301048	98.7	100.0	present cluster priority class
mock-5	Staggered2	mock-5|Staggered2	TIC	Zotu23	SOTU1901	No hit	No hit				0.315023577707279	98.7	100.0	present cluster priority class
mock-5	Staggered2	mock-5|Staggered2	TIC	Zotu24	SOTU2001	No hit	No hit				0.2220658006789016	98.7	100.0	present cluster priority class
mock-5	Staggered2	mock-5|Staggered2	TIC	Zotu3	SOTU303	Exact match	Exact match	100.0	Streptococcus_mutans_ATCC_700610	Streptococcus_mutans	775.7068276970796	98.7	100.0	present cluster priority class
mock-5	Staggered2	mock-5|Staggered2	TIC	Zotu4	SOTU101	Exact match	Exact match	100.0	Rhodobacter_sphaeroides_ATCC_17023	Rhodobacter_sphaeroides	580.1856366807257	98.7	100.0	present cluster priority class
mock-5	Staggered2	mock-5|Staggered2	TIC	Zotu5	SOTU2101	Exact match	Exact match	100.0	Methanobrevibacter_smithii_ATCC_35061	Methanobrevibacter_smithii	581.7917404949382	98.7	100.0	present cluster priority class
mock-5	Staggered2	mock-5|Staggered2	TIC	Zotu6	SOTU801	Exact match	Exact match	100.0	Deinococcus_radiodurans_DSM_20539_	Deinococcus_radiodurans	4.10563515208667	98.7	100.0	present cluster priority class
mock-5	Staggered2	mock-5|Staggered2	TIC	Zotu7	SOTU1701	Exact match	Exact match	100.0	Escherichia_coli_ATCC_700926	Escherichia_coli	413.65694345533353	98.7	100.0	present cluster priority class
mock-5	Staggered2	mock-5|Staggered2	TIC	Zotu8	SOTU1801	Exact match	Exact match	100.0	Pseudomonas_aeruginosa_ATCC_47085	Pseudomonas_aeruginosa	157.29488737390665	98.7	100.0	present cluster priority class
mock-5	Staggered2	mock-5|Staggered2	TIC	Zotu9	SOTU1101	Exact match	Exact match	100.0	Clostridium_beijerinckii_ATCC_51743	Clostridium_beijerinckii	141.5695300932728	98.7	100.0	present cluster priority class
mock-5	Even1	mock-5|Even1	TAC	Zotu1	OTU14	Exact match	Exact match	100.0	Staphylococcus_aureus_ATCC_BAA-1718	Staphylococcus_aureus	4879.864433333733	98.7	100.0	present cluster priority class
mock-5	Even1	mock-5|Even1	TAC	Zotu10	OTU4	Exact match	Exact match	100.0	Bacteroides_vulgatus_ATCC_8482	Bacteroides_vulgatus	250.9422123105084	98.7	100.0	present cluster priority class
mock-5	Even1	mock-5|Even1	TAC	Zotu11	OTU5	Exact match	Exact match	100.0	Bacillus_cereus_ATCC_10987	Bacillus_cereus	136.9175369391189	98.7	100.0	present cluster priority class
mock-5	Even1	mock-5|Even1	TAC	Zotu12	OTU23	Exact match	Exact match	100.0	Streptococcus_agalactiae_ATCC_BAA-611	Streptococcus_agalactiae	151.16962219584428	98.7	100.0	present cluster priority class
mock-5	Even1	mock-5|Even1	TAC	Zotu13	OTU16	Exact match	Exact match	100.0	Listeria_monocytogenes_ATCC_BAA-679	Listeria_monocytogenes	225.99506812304912	98.7	100.0	present cluster priority class
mock-5	Even1	mock-5|Even1	TAC	Zotu14	OTU22	Exact match	Exact match	100.0	Streptococcus_pneumoniae_ATCC_BAA-334	Streptococcus_pneumoniae	238.28879057108256	98.7	100.0	present cluster priority class
mock-5	Even1	mock-5|Even1	TAC	Zotu15	OTU1	Exact match	Exact match	100.0	Helicobacter_pylori_ATCC_700392	Helicobacter_pylori	198.8577549168895	98.7	100.0	present cluster priority class
mock-5	Even1	mock-5|Even1	TAC	Zotu16	OTU3	Exact match	Exact match	100.0	Neisseria_meningitidis_ATCC_BAA-335	Neisseria_meningitidis	165.38174086463718	98.7	100.0	present cluster priority class
mock-5	Even1	mock-5|Even1	TAC	Zotu17	OTU7	Exact match	Exact match	100.0	Enterococcus_faecalis_ATCC_47077	Enterococcus_faecalis	95.51215184106088	98.7	100.0	present cluster priority class
mock-5	Even1	mock-5|Even1	TAC	Zotu18	OTU12	Exact match	Exact match	100.0	Actinomyces_odontolyticus_ATCC_17982	Actinomyces_odontolyticus	91.5714462709175	98.7	100.0	present cluster priority class
mock-5	Even1	mock-5|Even1	TAC	Zotu19	OTU4	Exact match	Exact match	100.0	Bacteroides_vulgatus_ATCC_8482__Copy3	Bacteroides_vulgatus	49.66248216491014	98.7	100.0	present cluster priority class
mock-5	Even1	mock-5|Even1	TAC	Zotu2	OTU6	Exact match	Exact match	100.0	Acinetobacter_baumannii_ATCC_17978	Acinetobacter_baumannii	2074.4177867302933	98.7	100.0	present cluster priority class
mock-5	Even1	mock-5|Even1	TAC	Zotu20	OTU4	Exact match	Exact match	100.0	Bacteroides_vulgatus_ATCC_8482__Copy4	Bacteroides_vulgatus	42.23669012705378	98.7	100.0	present cluster priority class
mock-5	Even1	mock-5|Even1	TAC	Zotu21	OTU8	Exact match	Exact match	100.0	Lactobacillus_gasseri_DSM_20243	Lactobacillus_gasseri	22.4612224180585	98.7	100.0	present cluster priority class
mock-5	Even1	mock-5|Even1	TAC	Zotu22	OTU9	Exact match	Exact match	100.0	Propionibacterium_acnes_DSM16379	Propionibacterium_acnes	0.8233117114092618	98.7	100.0	present cluster priority class
mock-5	Even1	mock-5|Even1	TAC	Zotu23	OTU11	No hit	No hit				0.0399665879324884	98.7	100.0	present cluster priority class
mock-5	Even1	mock-5|Even1	TAC	Zotu24	OTU13	No hit	No hit				0.0639465406919815	98.7	100.0	present cluster priority class
mock-5	Even1	mock-5|Even1	TAC	Zotu25	OTU10	No hit	No hit				0.0719398582784792	98.7	100.0	present cluster priority class
mock-5	Even1	mock-5|Even1	TAC	Zotu3	OTU21	Exact match	Exact match	100.0	Streptococcus_mutans_ATCC_700610	Streptococcus_mutans	130.95452201959162	98.7	100.0	present cluster priority class
mock-5	Even1	mock-5|Even1	TAC	Zotu4	OTU19	Exact match	Exact match	100.0	Rhodobacter_sphaeroides_ATCC_17023	Rhodobacter_sphaeroides	90.46836844398084	98.7	100.0	present cluster priority class
mock-5	Even1	mock-5|Even1	TAC	Zotu5	OTU2	Exact match	Exact match	100.0	Methanobrevibacter_smithii_ATCC_35061	Methanobrevibacter_smithii	43.85134027952631	98.7	100.0	present cluster priority class
mock-5	Even1	mock-5|Even1	TAC	Zotu6	OTU18	Exact match	Exact match	100.0	Deinococcus_radiodurans_DSM_20539_	Deinococcus_radiodurans	568.0451142844582	98.7	100.0	present cluster priority class
mock-5	Even1	mock-5|Even1	TAC	Zotu7	OTU20	Exact match	Exact match	100.0	Escherichia_coli_ATCC_700926	Escherichia_coli	64.27426671302791	98.7	100.0	present cluster priority class
mock-5	Even1	mock-5|Even1	TAC	Zotu8	OTU15	Exact match	Exact match	100.0	Pseudomonas_aeruginosa_ATCC_47085	Pseudomonas_aeruginosa	263.6276073202802	98.7	100.0	present cluster priority class
mock-5	Even1	mock-5|Even1	TAC	Zotu9	OTU17	Exact match	Exact match	100.0	Clostridium_beijerinckii_ATCC_51743	Clostridium_beijerinckii	214.50067743366543	98.7	100.0	present cluster priority class
mock-5	Even2	mock-5|Even2	TAC	Zotu1	OTU14	Exact match	Exact match	100.0	Staphylococcus_aureus_ATCC_BAA-1718	Staphylococcus_aureus	5052.534019350535	98.7	100.0	present cluster priority class
mock-5	Even2	mock-5|Even2	TAC	Zotu10	OTU4	Exact match	Exact match	100.0	Bacteroides_vulgatus_ATCC_8482	Bacteroides_vulgatus	256.61075059510733	98.7	100.0	present cluster priority class
mock-5	Even2	mock-5|Even2	TAC	Zotu11	OTU5	Exact match	Exact match	100.0	Bacillus_cereus_ATCC_10987	Bacillus_cereus	140.06971988418343	98.7	100.0	present cluster priority class
mock-5	Even2	mock-5|Even2	TAC	Zotu12	OTU23	Exact match	Exact match	100.0	Streptococcus_agalactiae_ATCC_BAA-611	Streptococcus_agalactiae	139.5893818521992	98.7	100.0	present cluster priority class
mock-5	Even2	mock-5|Even2	TAC	Zotu13	OTU16	Exact match	Exact match	100.0	Listeria_monocytogenes_ATCC_BAA-679	Listeria_monocytogenes	233.4442835443277	98.7	100.0	present cluster priority class
mock-5	Even2	mock-5|Even2	TAC	Zotu14	OTU22	Exact match	Exact match	100.0	Streptococcus_pneumoniae_ATCC_BAA-334	Streptococcus_pneumoniae	218.25457758207284	98.7	100.0	present cluster priority class
mock-5	Even2	mock-5|Even2	TAC	Zotu15	OTU1	Exact match	Exact match	100.0	Helicobacter_pylori_ATCC_700392	Helicobacter_pylori	193.1667584033564	98.7	100.0	present cluster priority class
mock-5	Even2	mock-5|Even2	TAC	Zotu16	OTU3	Exact match	Exact match	100.0	Neisseria_meningitidis_ATCC_BAA-335	Neisseria_meningitidis	172.97681227208548	98.7	100.0	present cluster priority class
mock-5	Even2	mock-5|Even2	TAC	Zotu17	OTU7	Exact match	Exact match	100.0	Enterococcus_faecalis_ATCC_47077	Enterococcus_faecalis	100.44576944246928	98.7	100.0	present cluster priority class
mock-5	Even2	mock-5|Even2	TAC	Zotu18	OTU12	Exact match	Exact match	100.0	Actinomyces_odontolyticus_ATCC_17982	Actinomyces_odontolyticus	95.79200260799928	98.7	100.0	present cluster priority class
mock-5	Even2	mock-5|Even2	TAC	Zotu19	OTU4	Exact match	Exact match	100.0	Bacteroides_vulgatus_ATCC_8482__Copy3	Bacteroides_vulgatus	52.13636245520455	98.7	100.0	present cluster priority class
mock-5	Even2	mock-5|Even2	TAC	Zotu2	OTU6	Exact match	Exact match	100.0	Acinetobacter_baumannii_ATCC_17978	Acinetobacter_baumannii	1791.2277676329336	98.7	100.0	present cluster priority class
mock-5	Even2	mock-5|Even2	TAC	Zotu20	OTU4	Exact match	Exact match	100.0	Bacteroides_vulgatus_ATCC_8482__Copy4	Bacteroides_vulgatus	44.68718576246576	98.7	100.0	present cluster priority class
mock-5	Even2	mock-5|Even2	TAC	Zotu21	OTU8	Exact match	Exact match	100.0	Lactobacillus_gasseri_DSM_20243	Lactobacillus_gasseri	28.450185402605957	98.7	100.0	present cluster priority class
mock-5	Even2	mock-5|Even2	TAC	Zotu22	OTU9	Exact match	Exact match	100.0	Propionibacterium_acnes_DSM16379	Propionibacterium_acnes	1.0079224277701526	98.7	100.0	present cluster priority class
mock-5	Even2	mock-5|Even2	TAC	Zotu23	OTU11	No hit	No hit				0.1181159095043147	98.7	100.0	present cluster priority class
mock-5	Even2	mock-5|Even2	TAC	Zotu24	OTU13	No hit	No hit				0.0393719698347715	98.7	100.0	present cluster priority class
mock-5	Even2	mock-5|Even2	TAC	Zotu25	OTU10	No hit	No hit				0.0472463638017259	98.7	100.0	present cluster priority class
mock-5	Even2	mock-5|Even2	TAC	Zotu3	OTU21	Exact match	Exact match	100.0	Streptococcus_mutans_ATCC_700610	Streptococcus_mutans	134.46315137971197	98.7	100.0	present cluster priority class
mock-5	Even2	mock-5|Even2	TAC	Zotu4	OTU19	Exact match	Exact match	100.0	Rhodobacter_sphaeroides_ATCC_17023	Rhodobacter_sphaeroides	78.88567876094837	98.7	100.0	present cluster priority class
mock-5	Even2	mock-5|Even2	TAC	Zotu5	OTU2	Exact match	Exact match	100.0	Methanobrevibacter_smithii_ATCC_35061	Methanobrevibacter_smithii	47.97868244065266	98.7	100.0	present cluster priority class
mock-5	Even2	mock-5|Even2	TAC	Zotu6	OTU18	Exact match	Exact match	100.0	Deinococcus_radiodurans_DSM_20539_	Deinococcus_radiodurans	668.4258062788842	98.7	100.0	present cluster priority class
mock-5	Even2	mock-5|Even2	TAC	Zotu7	OTU20	Exact match	Exact match	100.0	Escherichia_coli_ATCC_700926	Escherichia_coli	69.23167175746237	98.7	100.0	present cluster priority class
mock-5	Even2	mock-5|Even2	TAC	Zotu8	OTU15	Exact match	Exact match	100.0	Pseudomonas_aeruginosa_ATCC_47085	Pseudomonas_aeruginosa	260.46920363891496	98.7	100.0	present cluster priority class
mock-5	Even2	mock-5|Even2	TAC	Zotu9	OTU17	Exact match	Exact match	100.0	Clostridium_beijerinckii_ATCC_51743	Clostridium_beijerinckii	219.947572284968	98.7	100.0	present cluster priority class
mock-5	Staggered1	mock-5|Staggered1	TAC	Zotu1	OTU14	Exact match	Exact match	100.0	Staphylococcus_aureus_ATCC_BAA-1718	Staphylococcus_aureus	7142.573008667839	98.7	100.0	present cluster priority class
mock-5	Staggered1	mock-5|Staggered1	TAC	Zotu10	OTU4	Exact match	Exact match	100.0	Bacteroides_vulgatus_ATCC_8482	Bacteroides_vulgatus	1.5477070516384313	98.7	100.0	present cluster priority class
mock-5	Staggered1	mock-5|Staggered1	TAC	Zotu11	OTU5	Exact match	Exact match	100.0	Bacillus_cereus_ATCC_10987	Bacillus_cereus	85.73482483418151	98.7	100.0	present cluster priority class
mock-5	Staggered1	mock-5|Staggered1	TAC	Zotu12	OTU23	Exact match	Exact match	100.0	Streptococcus_agalactiae_ATCC_BAA-611	Streptococcus_agalactiae	72.538585762317	98.7	100.0	present cluster priority class
mock-5	Staggered1	mock-5|Staggered1	TAC	Zotu13	OTU16	Exact match	Exact match	100.0	Listeria_monocytogenes_ATCC_BAA-679	Listeria_monocytogenes	10.684609207363556	98.7	100.0	present cluster priority class
mock-5	Staggered1	mock-5|Staggered1	TAC	Zotu14	OTU22	Exact match	Exact match	100.0	Streptococcus_pneumoniae_ATCC_BAA-334	Streptococcus_pneumoniae	0.4819614064312658	98.7	100.0	present cluster priority class
mock-5	Staggered1	mock-5|Staggered1	TAC	Zotu15	OTU1	Exact match	Exact match	100.0	Helicobacter_pylori_ATCC_700392	Helicobacter_pylori	10.474175353851312	98.7	100.0	present cluster priority class
mock-5	Staggered1	mock-5|Staggered1	TAC	Zotu16	OTU3	Exact match	Exact match	100.0	Neisseria_meningitidis_ATCC_BAA-335	Neisseria_meningitidis	9.815721038022682	98.7	100.0	present cluster priority class
mock-5	Staggered1	mock-5|Staggered1	TAC	Zotu17	OTU7	Exact match	Exact match	100.0	Enterococcus_faecalis_ATCC_47077	Enterococcus_faecalis	0.7263362040583866	98.7	100.0	present cluster priority class
mock-5	Staggered1	mock-5|Staggered1	TAC	Zotu18	OTU12	Exact match	Exact match	100.0	Actinomyces_odontolyticus_ATCC_17982	Actinomyces_odontolyticus	0.3529858187947299	98.7	100.0	present cluster priority class
mock-5	Staggered1	mock-5|Staggered1	TAC	Zotu19	OTU4	Exact match	Exact match	100.0	Bacteroides_vulgatus_ATCC_8482__Copy3	Bacteroides_vulgatus	0.1697047205743893	98.7	100.0	present cluster priority class
mock-5	Staggered1	mock-5|Staggered1	TAC	Zotu2	OTU6	Exact match	Exact match	100.0	Acinetobacter_baumannii_ATCC_17978	Acinetobacter_baumannii	90.08605386970883	98.7	100.0	present cluster priority class
mock-5	Staggered1	mock-5|Staggered1	TAC	Zotu20	OTU4	Exact match	Exact match	100.0	Bacteroides_vulgatus_ATCC_8482__Copy4	Bacteroides_vulgatus	0.1493401541054626	98.7	100.0	present cluster priority class
mock-5	Staggered1	mock-5|Staggered1	TAC	Zotu21	OTU8	Exact match	Exact match	100.0	Lactobacillus_gasseri_DSM_20243	Lactobacillus_gasseri	1.072533834030141	98.7	100.0	present cluster priority class
mock-5	Staggered1	mock-5|Staggered1	TAC	Zotu22	OTU9	Exact match	Exact match	100.0	Propionibacterium_acnes_DSM16379	Propionibacterium_acnes	0.047517321760829	98.7	100.0	present cluster priority class
mock-5	Staggered1	mock-5|Staggered1	TAC	Zotu23	OTU11	No hit	No hit				0.3597740076177055	98.7	100.0	present cluster priority class
mock-5	Staggered1	mock-5|Staggered1	TAC	Zotu24	OTU13	No hit	No hit				0.271527552919023	98.7	100.0	present cluster priority class
mock-5	Staggered1	mock-5|Staggered1	TAC	Zotu3	OTU21	Exact match	Exact match	100.0	Streptococcus_mutans_ATCC_700610	Streptococcus_mutans	749.1377303147616	98.7	100.0	present cluster priority class
mock-5	Staggered1	mock-5|Staggered1	TAC	Zotu4	OTU19	Exact match	Exact match	100.0	Rhodobacter_sphaeroides_ATCC_17023	Rhodobacter_sphaeroides	559.5571928666997	98.7	100.0	present cluster priority class
mock-5	Staggered1	mock-5|Staggered1	TAC	Zotu5	OTU2	Exact match	Exact match	100.0	Methanobrevibacter_smithii_ATCC_35061	Methanobrevibacter_smithii	596.3423880984043	98.7	100.0	present cluster priority class
mock-5	Staggered1	mock-5|Staggered1	TAC	Zotu6	OTU18	Exact match	Exact match	100.0	Deinococcus_radiodurans_DSM_20539_	Deinococcus_radiodurans	4.2561943920056855	98.7	100.0	present cluster priority class
mock-5	Staggered1	mock-5|Staggered1	TAC	Zotu7	OTU20	Exact match	Exact match	100.0	Escherichia_coli_ATCC_700926	Escherichia_coli	374.87772774882615	98.7	100.0	present cluster priority class
mock-5	Staggered1	mock-5|Staggered1	TAC	Zotu8	OTU15	Exact match	Exact match	100.0	Pseudomonas_aeruginosa_ATCC_47085	Pseudomonas_aeruginosa	149.0211092307828	98.7	100.0	present cluster priority class
mock-5	Staggered1	mock-5|Staggered1	TAC	Zotu9	OTU17	Exact match	Exact match	100.0	Clostridium_beijerinckii_ATCC_51743	Clostridium_beijerinckii	139.72129054330625	98.7	100.0	present cluster priority class
mock-5	Staggered2	mock-5|Staggered2	TAC	Zotu1	OTU14	Exact match	Exact match	100.0	Staphylococcus_aureus_ATCC_BAA-1718	Staphylococcus_aureus	7045.275085301671	98.7	100.0	present cluster priority class
mock-5	Staggered2	mock-5|Staggered2	TAC	Zotu10	OTU4	Exact match	Exact match	100.0	Bacteroides_vulgatus_ATCC_8482	Bacteroides_vulgatus	1.2291083851529905	98.7	100.0	present cluster priority class
mock-5	Staggered2	mock-5|Staggered2	TAC	Zotu11	OTU5	Exact match	Exact match	100.0	Bacillus_cereus_ATCC_10987	Bacillus_cereus	90.7371190215884	98.7	100.0	present cluster priority class
mock-5	Staggered2	mock-5|Staggered2	TAC	Zotu12	OTU23	Exact match	Exact match	100.0	Streptococcus_agalactiae_ATCC_BAA-611	Streptococcus_agalactiae	77.54227900450483	98.7	100.0	present cluster priority class
mock-5	Staggered2	mock-5|Staggered2	TAC	Zotu13	OTU16	Exact match	Exact match	100.0	Listeria_monocytogenes_ATCC_BAA-679	Listeria_monocytogenes	13.33427668262614	98.7	100.0	present cluster priority class
mock-5	Staggered2	mock-5|Staggered2	TAC	Zotu14	OTU22	Exact match	Exact match	100.0	Streptococcus_pneumoniae_ATCC_BAA-334	Streptococcus_pneumoniae	0.6661974020367049	98.7	100.0	present cluster priority class
mock-5	Staggered2	mock-5|Staggered2	TAC	Zotu15	OTU1	Exact match	Exact match	100.0	Helicobacter_pylori_ATCC_700392	Helicobacter_pylori	10.307984608257852	98.7	100.0	present cluster priority class
mock-5	Staggered2	mock-5|Staggered2	TAC	Zotu16	OTU3	Exact match	Exact match	100.0	Neisseria_meningitidis_ATCC_BAA-335	Neisseria_meningitidis	9.745073625141568	98.7	100.0	present cluster priority class
mock-5	Staggered2	mock-5|Staggered2	TAC	Zotu17	OTU7	Exact match	Exact match	100.0	Enterococcus_faecalis_ATCC_47077	Enterococcus_faecalis	0.6971833277128308	98.7	100.0	present cluster priority class
mock-5	Staggered2	mock-5|Staggered2	TAC	Zotu18	OTU12	Exact match	Exact match	100.0	Actinomyces_odontolyticus_ATCC_17982	Actinomyces_odontolyticus	0.2427230844629855	98.7	100.0	present cluster priority class
mock-5	Staggered2	mock-5|Staggered2	TAC	Zotu19	OTU4	Exact match	Exact match	100.0	Bacteroides_vulgatus_ATCC_8482__Copy3	Bacteroides_vulgatus	0.2323944425709435	98.7	100.0	present cluster priority class
mock-5	Staggered2	mock-5|Staggered2	TAC	Zotu2	OTU6	Exact match	Exact match	100.0	Acinetobacter_baumannii_ATCC_17978	Acinetobacter_baumannii	93.45355183919544	98.7	100.0	present cluster priority class
mock-5	Staggered2	mock-5|Staggered2	TAC	Zotu20	OTU4	Exact match	Exact match	100.0	Bacteroides_vulgatus_ATCC_8482__Copy4	Bacteroides_vulgatus	0.3098592567612581	98.7	100.0	present cluster priority class
mock-5	Staggered2	mock-5|Staggered2	TAC	Zotu21	OTU8	Exact match	Exact match	100.0	Lactobacillus_gasseri_DSM_20243	Lactobacillus_gasseri	1.3530520878574936	98.7	100.0	present cluster priority class
mock-5	Staggered2	mock-5|Staggered2	TAC	Zotu22	OTU9	Exact match	Exact match	100.0	Propionibacterium_acnes_DSM16379	Propionibacterium_acnes	0.0258216047301048	98.7	100.0	present cluster priority class
mock-5	Staggered2	mock-5|Staggered2	TAC	Zotu23	OTU11	No hit	No hit				0.315023577707279	98.7	100.0	present cluster priority class
mock-5	Staggered2	mock-5|Staggered2	TAC	Zotu24	OTU13	No hit	No hit				0.2220658006789016	98.7	100.0	present cluster priority class
mock-5	Staggered2	mock-5|Staggered2	TAC	Zotu3	OTU21	Exact match	Exact match	100.0	Streptococcus_mutans_ATCC_700610	Streptococcus_mutans	775.7068276970796	98.7	100.0	present cluster priority class
mock-5	Staggered2	mock-5|Staggered2	TAC	Zotu4	OTU19	Exact match	Exact match	100.0	Rhodobacter_sphaeroides_ATCC_17023	Rhodobacter_sphaeroides	580.1856366807257	98.7	100.0	present cluster priority class
mock-5	Staggered2	mock-5|Staggered2	TAC	Zotu5	OTU2	Exact match	Exact match	100.0	Methanobrevibacter_smithii_ATCC_35061	Methanobrevibacter_smithii	581.7917404949382	98.7	100.0	present cluster priority class
mock-5	Staggered2	mock-5|Staggered2	TAC	Zotu6	OTU18	Exact match	Exact match	100.0	Deinococcus_radiodurans_DSM_20539_	Deinococcus_radiodurans	4.10563515208667	98.7	100.0	present cluster priority class
mock-5	Staggered2	mock-5|Staggered2	TAC	Zotu7	OTU20	Exact match	Exact match	100.0	Escherichia_coli_ATCC_700926	Escherichia_coli	413.65694345533353	98.7	100.0	present cluster priority class
mock-5	Staggered2	mock-5|Staggered2	TAC	Zotu8	OTU15	Exact match	Exact match	100.0	Pseudomonas_aeruginosa_ATCC_47085	Pseudomonas_aeruginosa	157.29488737390665	98.7	100.0	present cluster priority class
mock-5	Staggered2	mock-5|Staggered2	TAC	Zotu9	OTU17	Exact match	Exact match	100.0	Clostridium_beijerinckii_ATCC_51743	Clostridium_beijerinckii	141.5695300932728	98.7	100.0	present cluster priority class
mock-ZIEL_1	SRR13005984	mock-ZIEL_1|SRR13005984	TIC	Zotu1	SOTU1101	Exact match	Exact match	100.0	Staphylococcus_warneri	Staphylococcus_warneri	1294.516465504396	98.7	100.0	present cluster priority class
mock-ZIEL_1	SRR13005984	mock-ZIEL_1|SRR13005984	TIC	Zotu10	SOTU501	Exact match	Exact match	100.0	Actinomyces_bowdenii	Actinomyces_bowdenii	502.1606317985397	98.7	100.0	present cluster priority class
mock-ZIEL_1	SRR13005984	mock-ZIEL_1|SRR13005984	TIC	Zotu11	SOTU701	Exact match	Exact match	100.0	Acetatifactor_muris	Acetatifactor_muris	418.7155416480405	98.7	100.0	present cluster priority class
mock-ZIEL_1	SRR13005984	mock-ZIEL_1|SRR13005984	TIC	Zotu12	SOTU901	Exact match	Exact match	100.0	Clostridium_ramosum	Clostridium_ramosum	356.13172403516614	98.7	100.0	present cluster priority class
mock-ZIEL_1	SRR13005984	mock-ZIEL_1|SRR13005984	TIC	Zotu13	SOTU401	Near-exact match	Near-exact match	99.605	Cellulosimicrobium_cellulans	Cellulosimicrobium_cellulans	421.3232007152436	98.7	100.0	present cluster priority class
mock-ZIEL_1	SRR13005984	mock-ZIEL_1|SRR13005984	TIC	Zotu14	SOTU801	Exact match	Exact match	100.0	Flavonifractor_plautii	Flavonifractor_plautii	360.9745194456862	98.7	100.0	present cluster priority class
mock-ZIEL_1	SRR13005984	mock-ZIEL_1|SRR13005984	TIC	Zotu15	SOTU1101	Near-exact match	Exact match	99.605	Staphylococcus_warneri	Staphylococcus_warneri	298.763224556698	98.7	100.0	present cluster priority class
mock-ZIEL_1	SRR13005984	mock-ZIEL_1|SRR13005984	TIC	Zotu16	SOTU201	Near-exact match	Exact match	99.605	Bacillus_subtilis	Bacillus_subtilis	159.81224854716135	98.7	100.0	present cluster priority class
mock-ZIEL_1	SRR13005984	mock-ZIEL_1|SRR13005984	TIC	Zotu17	SOTU301	Near-exact match	Exact match	99.209	Bacteroides_sartorii	Bacteroides_sartorii	147.89152138280434	98.7	100.0	present cluster priority class
mock-ZIEL_1	SRR13005984	mock-ZIEL_1|SRR13005984	TIC	Zotu18	SOTU601	Near-exact match	Exact match	99.605	Parabacteroides_goldsteinii	Parabacteroides_goldsteinii	105.7964535836686	98.7	100.0	present cluster priority class
mock-ZIEL_1	SRR13005984	mock-ZIEL_1|SRR13005984	TIC	Zotu2	SOTU201	Exact match	Exact match	100.0	Bacillus_subtilis	Bacillus_subtilis	1235.657875130383	98.7	100.0	present cluster priority class
mock-ZIEL_1	SRR13005984	mock-ZIEL_1|SRR13005984	TIC	Zotu3	SOTU101	Exact match	Exact match	100.0	Enterococcus_hirae	Enterococcus_hirae	1016.9870362092088	98.7	100.0	present cluster priority class
mock-ZIEL_1	SRR13005984	mock-ZIEL_1|SRR13005984	TIC	Zotu4	SOTU1001	Exact match	Exact match	100.0	Enterorhabdus_mucosicola	Enterorhabdus_mucosicola	1038.5933541946058	98.7	100.0	present cluster priority class
mock-ZIEL_1	SRR13005984	mock-ZIEL_1|SRR13005984	TIC	Zotu5	SOTU1201	No hit	No hit				803.1589926985547	98.7	100.0	present cluster priority class
mock-ZIEL_1	SRR13005984	mock-ZIEL_1|SRR13005984	TIC	Zotu6	SOTU601	Exact match	Exact match	100.0	Parabacteroides_goldsteinii	Parabacteroides_goldsteinii	526.7471315750261	98.7	100.0	present cluster priority class
mock-ZIEL_1	SRR13005984	mock-ZIEL_1|SRR13005984	TIC	Zotu7	SOTU1301	No hit	No hit				489.4948591864104	98.7	100.0	present cluster priority class
mock-ZIEL_1	SRR13005984	mock-ZIEL_1|SRR13005984	TIC	Zotu8	SOTU301	Exact match	Exact match	100.0	Bacteroides_sartorii	Bacteroides_sartorii	407.5398599314558	98.7	100.0	present cluster priority class
mock-ZIEL_1	SRR13005984	mock-ZIEL_1|SRR13005984	TIC	Zotu9	SOTU301	Near-exact match	Exact match	99.605	Bacteroides_sartorii	Bacteroides_sartorii	415.7353598569512	98.7	100.0	present cluster priority class
mock-ZIEL_1	SRR13005985	mock-ZIEL_1|SRR13005985	TIC	Zotu1	SOTU1101	Exact match	Exact match	100.0	Staphylococcus_warneri	Staphylococcus_warneri	1364.1231593038822	98.7	100.0	present cluster priority class
mock-ZIEL_1	SRR13005985	mock-ZIEL_1|SRR13005985	TIC	Zotu10	SOTU501	Exact match	Exact match	100.0	Actinomyces_bowdenii	Actinomyces_bowdenii	368.5854529228024	98.7	100.0	present cluster priority class
mock-ZIEL_1	SRR13005985	mock-ZIEL_1|SRR13005985	TIC	Zotu11	SOTU701	Exact match	Exact match	100.0	Acetatifactor_muris	Acetatifactor_muris	370.5934850513164	98.7	100.0	present cluster priority class
mock-ZIEL_1	SRR13005985	mock-ZIEL_1|SRR13005985	TIC	Zotu12	SOTU901	Exact match	Exact match	100.0	Clostridium_ramosum	Clostridium_ramosum	399.3752788933512	98.7	100.0	present cluster priority class
mock-ZIEL_1	SRR13005985	mock-ZIEL_1|SRR13005985	TIC	Zotu13	SOTU401	Near-exact match	Near-exact match	99.605	Cellulosimicrobium_cellulans	Cellulosimicrobium_cellulans	367.2467648371263	98.7	100.0	present cluster priority class
mock-ZIEL_1	SRR13005985	mock-ZIEL_1|SRR13005985	TIC	Zotu14	SOTU801	Exact match	Exact match	100.0	Flavonifractor_plautii	Flavonifractor_plautii	351.6287371709059	98.7	100.0	present cluster priority class
mock-ZIEL_1	SRR13005985	mock-ZIEL_1|SRR13005985	TIC	Zotu15	SOTU1101	Near-exact match	Exact match	99.605	Staphylococcus_warneri	Staphylococcus_warneri	308.56760374832663	98.7	100.0	present cluster priority class
mock-ZIEL_1	SRR13005985	mock-ZIEL_1|SRR13005985	TIC	Zotu16	SOTU201	Near-exact match	Exact match	99.605	Bacillus_subtilis	Bacillus_subtilis	164.43551985720663	98.7	100.0	present cluster priority class
mock-ZIEL_1	SRR13005985	mock-ZIEL_1|SRR13005985	TIC	Zotu17	SOTU301	Near-exact match	Exact match	99.209	Bacteroides_sartorii	Bacteroides_sartorii	138.10798750557788	98.7	100.0	present cluster priority class
mock-ZIEL_1	SRR13005985	mock-ZIEL_1|SRR13005985	TIC	Zotu18	SOTU601	Near-exact match	Exact match	99.605	Parabacteroides_goldsteinii	Parabacteroides_goldsteinii	120.9281570727354	98.7	100.0	present cluster priority class
mock-ZIEL_1	SRR13005985	mock-ZIEL_1|SRR13005985	TIC	Zotu2	SOTU201	Exact match	Exact match	100.0	Bacillus_subtilis	Bacillus_subtilis	1219.0986166889782	98.7	100.0	present cluster priority class
mock-ZIEL_1	SRR13005985	mock-ZIEL_1|SRR13005985	TIC	Zotu3	SOTU101	Exact match	Exact match	100.0	Enterococcus_hirae	Enterococcus_hirae	1132.0838911200356	98.7	100.0	present cluster priority class
mock-ZIEL_1	SRR13005985	mock-ZIEL_1|SRR13005985	TIC	Zotu4	SOTU1001	Exact match	Exact match	100.0	Enterorhabdus_mucosicola	Enterorhabdus_mucosicola	970.3257474341812	98.7	100.0	present cluster priority class
mock-ZIEL_1	SRR13005985	mock-ZIEL_1|SRR13005985	TIC	Zotu5	SOTU1201	No hit	No hit				813.2530120481928	98.7	100.0	present cluster priority class
mock-ZIEL_1	SRR13005985	mock-ZIEL_1|SRR13005985	TIC	Zotu6	SOTU601	Exact match	Exact match	100.0	Parabacteroides_goldsteinii	Parabacteroides_goldsteinii	569.611780455154	98.7	100.0	present cluster priority class
mock-ZIEL_1	SRR13005985	mock-ZIEL_1|SRR13005985	TIC	Zotu7	SOTU1301	No hit	No hit				529.8973672467648	98.7	100.0	present cluster priority class
mock-ZIEL_1	SRR13005985	mock-ZIEL_1|SRR13005985	TIC	Zotu8	SOTU301	Exact match	Exact match	100.0	Bacteroides_sartorii	Bacteroides_sartorii	406.73806336456937	98.7	100.0	present cluster priority class
mock-ZIEL_1	SRR13005985	mock-ZIEL_1|SRR13005985	TIC	Zotu9	SOTU301	Near-exact match	Exact match	99.605	Bacteroides_sartorii	Bacteroides_sartorii	405.3993752788933	98.7	100.0	present cluster priority class
mock-ZIEL_1	SRR13005984	mock-ZIEL_1|SRR13005984	TAC	Zotu1	OTU9	Exact match	Exact match	100.0	Staphylococcus_warneri	Staphylococcus_warneri	1294.516465504396	98.7	100.0	present cluster priority class
mock-ZIEL_1	SRR13005984	mock-ZIEL_1|SRR13005984	TAC	Zotu10	OTU7	Exact match	Exact match	100.0	Actinomyces_bowdenii	Actinomyces_bowdenii	502.1606317985397	98.7	100.0	present cluster priority class
mock-ZIEL_1	SRR13005984	mock-ZIEL_1|SRR13005984	TAC	Zotu11	OTU6	Exact match	Exact match	100.0	Acetatifactor_muris	Acetatifactor_muris	418.7155416480405	98.7	100.0	present cluster priority class
mock-ZIEL_1	SRR13005984	mock-ZIEL_1|SRR13005984	TAC	Zotu12	OTU12	Exact match	Exact match	100.0	Clostridium_ramosum	Clostridium_ramosum	356.13172403516614	98.7	100.0	present cluster priority class
mock-ZIEL_1	SRR13005984	mock-ZIEL_1|SRR13005984	TAC	Zotu13	OTU11	Near-exact match	Near-exact match	99.605	Cellulosimicrobium_cellulans	Cellulosimicrobium_cellulans	421.3232007152436	98.7	100.0	present cluster priority class
mock-ZIEL_1	SRR13005984	mock-ZIEL_1|SRR13005984	TAC	Zotu14	OTU3	Exact match	Exact match	100.0	Flavonifractor_plautii	Flavonifractor_plautii	360.9745194456862	98.7	100.0	present cluster priority class
mock-ZIEL_1	SRR13005984	mock-ZIEL_1|SRR13005984	TAC	Zotu15	OTU9	Near-exact match	Exact match	99.605	Staphylococcus_warneri	Staphylococcus_warneri	298.763224556698	98.7	100.0	present cluster priority class
mock-ZIEL_1	SRR13005984	mock-ZIEL_1|SRR13005984	TAC	Zotu16	OTU10	Near-exact match	Exact match	99.605	Bacillus_subtilis	Bacillus_subtilis	159.81224854716135	98.7	100.0	present cluster priority class
mock-ZIEL_1	SRR13005984	mock-ZIEL_1|SRR13005984	TAC	Zotu17	OTU8	Near-exact match	Exact match	99.209	Bacteroides_sartorii	Bacteroides_sartorii	147.89152138280434	98.7	100.0	present cluster priority class
mock-ZIEL_1	SRR13005984	mock-ZIEL_1|SRR13005984	TAC	Zotu18	OTU1	Near-exact match	Exact match	99.605	Parabacteroides_goldsteinii	Parabacteroides_goldsteinii	105.7964535836686	98.7	100.0	present cluster priority class
mock-ZIEL_1	SRR13005984	mock-ZIEL_1|SRR13005984	TAC	Zotu2	OTU10	Exact match	Exact match	100.0	Bacillus_subtilis	Bacillus_subtilis	1235.657875130383	98.7	100.0	present cluster priority class
mock-ZIEL_1	SRR13005984	mock-ZIEL_1|SRR13005984	TAC	Zotu3	OTU5	Exact match	Exact match	100.0	Enterococcus_hirae	Enterococcus_hirae	1016.9870362092088	98.7	100.0	present cluster priority class
mock-ZIEL_1	SRR13005984	mock-ZIEL_1|SRR13005984	TAC	Zotu4	OTU13	Exact match	Exact match	100.0	Enterorhabdus_mucosicola	Enterorhabdus_mucosicola	1038.5933541946058	98.7	100.0	present cluster priority class
mock-ZIEL_1	SRR13005984	mock-ZIEL_1|SRR13005984	TAC	Zotu5	OTU4	No hit	No hit				803.1589926985547	98.7	100.0	present cluster priority class
mock-ZIEL_1	SRR13005984	mock-ZIEL_1|SRR13005984	TAC	Zotu6	OTU1	Exact match	Exact match	100.0	Parabacteroides_goldsteinii	Parabacteroides_goldsteinii	526.7471315750261	98.7	100.0	present cluster priority class
mock-ZIEL_1	SRR13005984	mock-ZIEL_1|SRR13005984	TAC	Zotu7	OTU2	No hit	No hit				489.4948591864104	98.7	100.0	present cluster priority class
mock-ZIEL_1	SRR13005984	mock-ZIEL_1|SRR13005984	TAC	Zotu8	OTU8	Exact match	Exact match	100.0	Bacteroides_sartorii	Bacteroides_sartorii	407.5398599314558	98.7	100.0	present cluster priority class
mock-ZIEL_1	SRR13005984	mock-ZIEL_1|SRR13005984	TAC	Zotu9	OTU8	Near-exact match	Exact match	99.605	Bacteroides_sartorii	Bacteroides_sartorii	415.7353598569512	98.7	100.0	present cluster priority class
mock-ZIEL_1	SRR13005985	mock-ZIEL_1|SRR13005985	TAC	Zotu1	OTU9	Exact match	Exact match	100.0	Staphylococcus_warneri	Staphylococcus_warneri	1364.1231593038822	98.7	100.0	present cluster priority class
mock-ZIEL_1	SRR13005985	mock-ZIEL_1|SRR13005985	TAC	Zotu10	OTU7	Exact match	Exact match	100.0	Actinomyces_bowdenii	Actinomyces_bowdenii	368.5854529228024	98.7	100.0	present cluster priority class
mock-ZIEL_1	SRR13005985	mock-ZIEL_1|SRR13005985	TAC	Zotu11	OTU6	Exact match	Exact match	100.0	Acetatifactor_muris	Acetatifactor_muris	370.5934850513164	98.7	100.0	present cluster priority class
mock-ZIEL_1	SRR13005985	mock-ZIEL_1|SRR13005985	TAC	Zotu12	OTU12	Exact match	Exact match	100.0	Clostridium_ramosum	Clostridium_ramosum	399.3752788933512	98.7	100.0	present cluster priority class
mock-ZIEL_1	SRR13005985	mock-ZIEL_1|SRR13005985	TAC	Zotu13	OTU11	Near-exact match	Near-exact match	99.605	Cellulosimicrobium_cellulans	Cellulosimicrobium_cellulans	367.2467648371263	98.7	100.0	present cluster priority class
mock-ZIEL_1	SRR13005985	mock-ZIEL_1|SRR13005985	TAC	Zotu14	OTU3	Exact match	Exact match	100.0	Flavonifractor_plautii	Flavonifractor_plautii	351.6287371709059	98.7	100.0	present cluster priority class
mock-ZIEL_1	SRR13005985	mock-ZIEL_1|SRR13005985	TAC	Zotu15	OTU9	Near-exact match	Exact match	99.605	Staphylococcus_warneri	Staphylococcus_warneri	308.56760374832663	98.7	100.0	present cluster priority class
mock-ZIEL_1	SRR13005985	mock-ZIEL_1|SRR13005985	TAC	Zotu16	OTU10	Near-exact match	Exact match	99.605	Bacillus_subtilis	Bacillus_subtilis	164.43551985720663	98.7	100.0	present cluster priority class
mock-ZIEL_1	SRR13005985	mock-ZIEL_1|SRR13005985	TAC	Zotu17	OTU8	Near-exact match	Exact match	99.209	Bacteroides_sartorii	Bacteroides_sartorii	138.10798750557788	98.7	100.0	present cluster priority class
mock-ZIEL_1	SRR13005985	mock-ZIEL_1|SRR13005985	TAC	Zotu18	OTU1	Near-exact match	Exact match	99.605	Parabacteroides_goldsteinii	Parabacteroides_goldsteinii	120.9281570727354	98.7	100.0	present cluster priority class
mock-ZIEL_1	SRR13005985	mock-ZIEL_1|SRR13005985	TAC	Zotu2	OTU10	Exact match	Exact match	100.0	Bacillus_subtilis	Bacillus_subtilis	1219.0986166889782	98.7	100.0	present cluster priority class
mock-ZIEL_1	SRR13005985	mock-ZIEL_1|SRR13005985	TAC	Zotu3	OTU5	Exact match	Exact match	100.0	Enterococcus_hirae	Enterococcus_hirae	1132.0838911200356	98.7	100.0	present cluster priority class
mock-ZIEL_1	SRR13005985	mock-ZIEL_1|SRR13005985	TAC	Zotu4	OTU13	Exact match	Exact match	100.0	Enterorhabdus_mucosicola	Enterorhabdus_mucosicola	970.3257474341812	98.7	100.0	present cluster priority class
mock-ZIEL_1	SRR13005985	mock-ZIEL_1|SRR13005985	TAC	Zotu5	OTU4	No hit	No hit				813.2530120481928	98.7	100.0	present cluster priority class
mock-ZIEL_1	SRR13005985	mock-ZIEL_1|SRR13005985	TAC	Zotu6	OTU1	Exact match	Exact match	100.0	Parabacteroides_goldsteinii	Parabacteroides_goldsteinii	569.611780455154	98.7	100.0	present cluster priority class
mock-ZIEL_1	SRR13005985	mock-ZIEL_1|SRR13005985	TAC	Zotu7	OTU2	No hit	No hit				529.8973672467648	98.7	100.0	present cluster priority class
mock-ZIEL_1	SRR13005985	mock-ZIEL_1|SRR13005985	TAC	Zotu8	OTU8	Exact match	Exact match	100.0	Bacteroides_sartorii	Bacteroides_sartorii	406.73806336456937	98.7	100.0	present cluster priority class
mock-ZIEL_1	SRR13005985	mock-ZIEL_1|SRR13005985	TAC	Zotu9	OTU8	Near-exact match	Exact match	99.605	Bacteroides_sartorii	Bacteroides_sartorii	405.3993752788933	98.7	100.0	present cluster priority class
mock-ZYMO	SRR13006004	mock-ZYMO|SRR13006004	TIC	Zotu1	SOTU101	Near-exact match	Near-exact match	99.605	Bacillus_subtilis_ATCC_6051	Bacillus_subtilis	1801.8284719198955	98.7	100.0	present cluster priority class
mock-ZYMO	SRR13006004	mock-ZYMO|SRR13006004	TIC	Zotu10	SOTU201	No hit	No hit	98.419	Lactobacillus_fermentum_ATCC_14931	Lactobacillus_fermentum	1.044841097083152	98.7	100.0	present cluster priority class
mock-ZYMO	SRR13006004	mock-ZYMO|SRR13006004	TIC	Zotu11	SOTU301	No hit	No hit				0.1741401828471919	98.7	100.0	present cluster priority class
mock-ZYMO	SRR13006004	mock-ZYMO|SRR13006004	TIC	Zotu2	SOTU901	Exact match	Exact match	100.0	Staphylococcus_aureus_ATCC_12600	Staphylococcus_aureus	1514.8454505877232	98.7	100.0	present cluster priority class
mock-ZYMO	SRR13006004	mock-ZYMO|SRR13006004	TIC	Zotu3	SOTU701	No hit	No hit				1556.464954288202	98.7	100.0	present cluster priority class
mock-ZYMO	SRR13006004	mock-ZYMO|SRR13006004	TIC	Zotu4	SOTU801	Exact match	Exact match	100.0	Listeria_monocytogenes_ATCC_19115	Listeria_monocytogenes	1415.759686547671	98.7	100.0	present cluster priority class
mock-ZYMO	SRR13006004	mock-ZYMO|SRR13006004	TIC	Zotu5	SOTU501	Exact match	Exact match	100.0	Escherichia_coli_ATCC_11775	Escherichia_coli	1119.8955158902916	98.7	100.0	present cluster priority class
mock-ZYMO	SRR13006004	mock-ZYMO|SRR13006004	TIC	Zotu6	SOTU401	Exact match	Exact match	100.0	Salmonella_enterica_LT2	Salmonella_enterica	941.0535481062255	98.7	100.0	present cluster priority class
mock-ZYMO	SRR13006004	mock-ZYMO|SRR13006004	TIC	Zotu7	SOTU601	Exact match	Exact match	100.0	Enterococcus_faecalis_ATCC_19433	Enterococcus_faecalis	966.3038746190684	98.7	100.0	present cluster priority class
mock-ZYMO	SRR13006004	mock-ZYMO|SRR13006004	TIC	Zotu8	SOTU202	Exact match	Exact match	100.0	Pseudomonas_aeruginosa_strain_ATCC_10145	Pseudomonas_aeruginosa	531.9982585981716	98.7	100.0	present cluster priority class
mock-ZYMO	SRR13006004	mock-ZYMO|SRR13006004	TIC	Zotu9	SOTU401	Near-exact match	Exact match	99.605	Salmonella_enterica_LT2	Salmonella_enterica	150.63125816282107	98.7	100.0	present cluster priority class
mock-ZYMO	SRR13006002	mock-ZYMO|SRR13006002	TIC	Zotu1	SOTU101	Near-exact match	Near-exact match	99.605	Bacillus_subtilis_ATCC_6051	Bacillus_subtilis	1680.8324727937088	98.7	100.0	present cluster priority class
mock-ZYMO	SRR13006002	mock-ZYMO|SRR13006002	TIC	Zotu11	SOTU301	No hit	No hit				0.3971721344030502	98.7	100.0	present cluster priority class
mock-ZYMO	SRR13006002	mock-ZYMO|SRR13006002	TIC	Zotu2	SOTU901	Exact match	Exact match	100.0	Staphylococcus_aureus_ATCC_12600	Staphylococcus_aureus	1088.6488203987608	98.7	100.0	present cluster priority class
mock-ZYMO	SRR13006002	mock-ZYMO|SRR13006002	TIC	Zotu3	SOTU701	No hit	No hit				920.6450075462704	98.7	100.0	present cluster priority class
mock-ZYMO	SRR13006002	mock-ZYMO|SRR13006002	TIC	Zotu4	SOTU801	Exact match	Exact match	100.0	Listeria_monocytogenes_ATCC_19115	Listeria_monocytogenes	896.8146794820875	98.7	100.0	present cluster priority class
mock-ZYMO	SRR13006002	mock-ZYMO|SRR13006002	TIC	Zotu5	SOTU501	Exact match	Exact match	100.0	Escherichia_coli_ATCC_11775	Escherichia_coli	1846.4532528397808	98.7	100.0	present cluster priority class
mock-ZYMO	SRR13006002	mock-ZYMO|SRR13006002	TIC	Zotu6	SOTU401	Exact match	Exact match	100.0	Salmonella_enterica_LT2	Salmonella_enterica	1496.5446024306937	98.7	100.0	present cluster priority class
mock-ZYMO	SRR13006002	mock-ZYMO|SRR13006002	TIC	Zotu7	SOTU601	Exact match	Exact match	100.0	Enterococcus_faecalis_ATCC_19433	Enterococcus_faecalis	1117.6423862101835	98.7	100.0	present cluster priority class
mock-ZYMO	SRR13006002	mock-ZYMO|SRR13006002	TIC	Zotu8	SOTU202	Exact match	Exact match	100.0	Pseudomonas_aeruginosa_strain_ATCC_10145	Pseudomonas_aeruginosa	721.6617682103424	98.7	100.0	present cluster priority class
mock-ZYMO	SRR13006002	mock-ZYMO|SRR13006002	TIC	Zotu9	SOTU401	Near-exact match	Exact match	99.605	Salmonella_enterica_LT2	Salmonella_enterica	230.3598379537692	98.7	100.0	present cluster priority class
mock-ZYMO	SRR13006003	mock-ZYMO|SRR13006003	TIC	Zotu1	SOTU101	Near-exact match	Near-exact match	99.605	Bacillus_subtilis_ATCC_6051	Bacillus_subtilis	2015.7692307692307	98.7	100.0	present cluster priority class
mock-ZYMO	SRR13006003	mock-ZYMO|SRR13006003	TIC	Zotu10	SOTU201	No hit	No hit	98.419	Lactobacillus_fermentum_ATCC_14931	Lactobacillus_fermentum	1.1538461538461535	98.7	100.0	present cluster priority class
mock-ZYMO	SRR13006003	mock-ZYMO|SRR13006003	TIC	Zotu11	SOTU301	No hit	No hit				1.9230769230769231	98.7	100.0	present cluster priority class
mock-ZYMO	SRR13006003	mock-ZYMO|SRR13006003	TIC	Zotu2	SOTU901	Exact match	Exact match	100.0	Staphylococcus_aureus_ATCC_12600	Staphylococcus_aureus	1592.5	98.7	100.0	present cluster priority class
mock-ZYMO	SRR13006003	mock-ZYMO|SRR13006003	TIC	Zotu3	SOTU701	No hit	No hit				1548.6538461538462	98.7	100.0	present cluster priority class
mock-ZYMO	SRR13006003	mock-ZYMO|SRR13006003	TIC	Zotu4	SOTU801	Exact match	Exact match	100.0	Listeria_monocytogenes_ATCC_19115	Listeria_monocytogenes	1320.1923076923078	98.7	100.0	present cluster priority class
mock-ZYMO	SRR13006003	mock-ZYMO|SRR13006003	TIC	Zotu5	SOTU501	Exact match	Exact match	100.0	Escherichia_coli_ATCC_11775	Escherichia_coli	1016.5384615384615	98.7	100.0	present cluster priority class
mock-ZYMO	SRR13006003	mock-ZYMO|SRR13006003	TIC	Zotu6	SOTU401	Exact match	Exact match	100.0	Salmonella_enterica_LT2	Salmonella_enterica	913.4615384615385	98.7	100.0	present cluster priority class
mock-ZYMO	SRR13006003	mock-ZYMO|SRR13006003	TIC	Zotu7	SOTU601	Exact match	Exact match	100.0	Enterococcus_faecalis_ATCC_19433	Enterococcus_faecalis	930.1923076923076	98.7	100.0	present cluster priority class
mock-ZYMO	SRR13006003	mock-ZYMO|SRR13006003	TIC	Zotu8	SOTU202	Exact match	Exact match	100.0	Pseudomonas_aeruginosa_strain_ATCC_10145	Pseudomonas_aeruginosa	510.5769230769231	98.7	100.0	present cluster priority class
mock-ZYMO	SRR13006003	mock-ZYMO|SRR13006003	TIC	Zotu9	SOTU401	Near-exact match	Exact match	99.605	Salmonella_enterica_LT2	Salmonella_enterica	149.03846153846155	98.7	100.0	present cluster priority class
mock-ZYMO	SRR13006004	mock-ZYMO|SRR13006004	TAC	Zotu1	OTU3	Near-exact match	Near-exact match	99.605	Bacillus_subtilis_ATCC_6051	Bacillus_subtilis	1801.8284719198955	98.7	100.0	present cluster priority class
mock-ZYMO	SRR13006004	mock-ZYMO|SRR13006004	TAC	Zotu10	OTU4	No hit	No hit	98.419	Lactobacillus_fermentum_ATCC_14931	Lactobacillus_fermentum	1.044841097083152	98.7	100.0	present cluster priority class
mock-ZYMO	SRR13006004	mock-ZYMO|SRR13006004	TAC	Zotu11	OTU2	No hit	No hit				0.1741401828471919	98.7	100.0	present cluster priority class
mock-ZYMO	SRR13006004	mock-ZYMO|SRR13006004	TAC	Zotu2	OTU6	Exact match	Exact match	100.0	Staphylococcus_aureus_ATCC_12600	Staphylococcus_aureus	1514.8454505877232	98.7	100.0	present cluster priority class
mock-ZYMO	SRR13006004	mock-ZYMO|SRR13006004	TAC	Zotu3	OTU8	No hit	No hit				1556.464954288202	98.7	100.0	present cluster priority class
mock-ZYMO	SRR13006004	mock-ZYMO|SRR13006004	TAC	Zotu4	OTU5	Exact match	Exact match	100.0	Listeria_monocytogenes_ATCC_19115	Listeria_monocytogenes	1415.759686547671	98.7	100.0	present cluster priority class
mock-ZYMO	SRR13006004	mock-ZYMO|SRR13006004	TAC	Zotu5	OTU1	Exact match	Exact match	100.0	Escherichia_coli_ATCC_11775	Escherichia_coli	1119.8955158902916	98.7	100.0	present cluster priority class
mock-ZYMO	SRR13006004	mock-ZYMO|SRR13006004	TAC	Zotu6	OTU7	Exact match	Exact match	100.0	Salmonella_enterica_LT2	Salmonella_enterica	941.0535481062255	98.7	100.0	present cluster priority class
mock-ZYMO	SRR13006004	mock-ZYMO|SRR13006004	TAC	Zotu7	OTU9	Exact match	Exact match	100.0	Enterococcus_faecalis_ATCC_19433	Enterococcus_faecalis	966.3038746190684	98.7	100.0	present cluster priority class
mock-ZYMO	SRR13006004	mock-ZYMO|SRR13006004	TAC	Zotu8	OTU10	Exact match	Exact match	100.0	Pseudomonas_aeruginosa_strain_ATCC_10145	Pseudomonas_aeruginosa	531.9982585981716	98.7	100.0	present cluster priority class
mock-ZYMO	SRR13006004	mock-ZYMO|SRR13006004	TAC	Zotu9	OTU7	Near-exact match	Exact match	99.605	Salmonella_enterica_LT2	Salmonella_enterica	150.63125816282107	98.7	100.0	present cluster priority class
mock-ZYMO	SRR13006002	mock-ZYMO|SRR13006002	TAC	Zotu1	OTU3	Near-exact match	Near-exact match	99.605	Bacillus_subtilis_ATCC_6051	Bacillus_subtilis	1680.8324727937088	98.7	100.0	present cluster priority class
mock-ZYMO	SRR13006002	mock-ZYMO|SRR13006002	TAC	Zotu11	OTU2	No hit	No hit				0.3971721344030502	98.7	100.0	present cluster priority class
mock-ZYMO	SRR13006002	mock-ZYMO|SRR13006002	TAC	Zotu2	OTU6	Exact match	Exact match	100.0	Staphylococcus_aureus_ATCC_12600	Staphylococcus_aureus	1088.6488203987608	98.7	100.0	present cluster priority class
mock-ZYMO	SRR13006002	mock-ZYMO|SRR13006002	TAC	Zotu3	OTU8	No hit	No hit				920.6450075462704	98.7	100.0	present cluster priority class
mock-ZYMO	SRR13006002	mock-ZYMO|SRR13006002	TAC	Zotu4	OTU5	Exact match	Exact match	100.0	Listeria_monocytogenes_ATCC_19115	Listeria_monocytogenes	896.8146794820875	98.7	100.0	present cluster priority class
mock-ZYMO	SRR13006002	mock-ZYMO|SRR13006002	TAC	Zotu5	OTU1	Exact match	Exact match	100.0	Escherichia_coli_ATCC_11775	Escherichia_coli	1846.4532528397808	98.7	100.0	present cluster priority class
mock-ZYMO	SRR13006002	mock-ZYMO|SRR13006002	TAC	Zotu6	OTU7	Exact match	Exact match	100.0	Salmonella_enterica_LT2	Salmonella_enterica	1496.5446024306937	98.7	100.0	present cluster priority class
mock-ZYMO	SRR13006002	mock-ZYMO|SRR13006002	TAC	Zotu7	OTU9	Exact match	Exact match	100.0	Enterococcus_faecalis_ATCC_19433	Enterococcus_faecalis	1117.6423862101835	98.7	100.0	present cluster priority class
mock-ZYMO	SRR13006002	mock-ZYMO|SRR13006002	TAC	Zotu8	OTU10	Exact match	Exact match	100.0	Pseudomonas_aeruginosa_strain_ATCC_10145	Pseudomonas_aeruginosa	721.6617682103424	98.7	100.0	present cluster priority class
mock-ZYMO	SRR13006002	mock-ZYMO|SRR13006002	TAC	Zotu9	OTU7	Near-exact match	Exact match	99.605	Salmonella_enterica_LT2	Salmonella_enterica	230.3598379537692	98.7	100.0	present cluster priority class
mock-ZYMO	SRR13006003	mock-ZYMO|SRR13006003	TAC	Zotu1	OTU3	Near-exact match	Near-exact match	99.605	Bacillus_subtilis_ATCC_6051	Bacillus_subtilis	2015.7692307692307	98.7	100.0	present cluster priority class
mock-ZYMO	SRR13006003	mock-ZYMO|SRR13006003	TAC	Zotu10	OTU4	No hit	No hit	98.419	Lactobacillus_fermentum_ATCC_14931	Lactobacillus_fermentum	1.1538461538461535	98.7	100.0	present cluster priority class
mock-ZYMO	SRR13006003	mock-ZYMO|SRR13006003	TAC	Zotu11	OTU2	No hit	No hit				1.9230769230769231	98.7	100.0	present cluster priority class
mock-ZYMO	SRR13006003	mock-ZYMO|SRR13006003	TAC	Zotu2	OTU6	Exact match	Exact match	100.0	Staphylococcus_aureus_ATCC_12600	Staphylococcus_aureus	1592.5	98.7	100.0	present cluster priority class
mock-ZYMO	SRR13006003	mock-ZYMO|SRR13006003	TAC	Zotu3	OTU8	No hit	No hit				1548.6538461538462	98.7	100.0	present cluster priority class
mock-ZYMO	SRR13006003	mock-ZYMO|SRR13006003	TAC	Zotu4	OTU5	Exact match	Exact match	100.0	Listeria_monocytogenes_ATCC_19115	Listeria_monocytogenes	1320.1923076923078	98.7	100.0	present cluster priority class
mock-ZYMO	SRR13006003	mock-ZYMO|SRR13006003	TAC	Zotu5	OTU1	Exact match	Exact match	100.0	Escherichia_coli_ATCC_11775	Escherichia_coli	1016.5384615384615	98.7	100.0	present cluster priority class
mock-ZYMO	SRR13006003	mock-ZYMO|SRR13006003	TAC	Zotu6	OTU7	Exact match	Exact match	100.0	Salmonella_enterica_LT2	Salmonella_enterica	913.4615384615385	98.7	100.0	present cluster priority class
mock-ZYMO	SRR13006003	mock-ZYMO|SRR13006003	TAC	Zotu7	OTU9	Exact match	Exact match	100.0	Enterococcus_faecalis_ATCC_19433	Enterococcus_faecalis	930.1923076923076	98.7	100.0	present cluster priority class
mock-ZYMO	SRR13006003	mock-ZYMO|SRR13006003	TAC	Zotu8	OTU10	Exact match	Exact match	100.0	Pseudomonas_aeruginosa_strain_ATCC_10145	Pseudomonas_aeruginosa	510.5769230769231	98.7	100.0	present cluster priority class
mock-ZYMO	SRR13006003	mock-ZYMO|SRR13006003	TAC	Zotu9	OTU7	Near-exact match	Exact match	99.605	Salmonella_enterica_LT2	Salmonella_enterica	149.03846153846155	98.7	100.0	present cluster priority class
