community_id	community_display	species	species_display	method	method_display	deviation_relative_abundance	abs_deviation_relative_abundance	deviation_abundance	abs_deviation_abundance	projection_abundance_mode	rank_by_max_abs_deviation	n_samples_aggregated
mock-12	Mock 3	Bacteroides_ovatus	Bacteroides ovatus	zOTU	UNOISE3	0.05165270914240244	0.05165270914240244	0.05165270914240244	0.05165270914240244	original_relative	1	1
mock-12	Mock 3	Bacteroides_ovatus	Bacteroides ovatus	TIC	TIC	0.05165270914240255	0.05165270914240255	0.05165270914240255	0.05165270914240255	original_relative	1	1
mock-12	Mock 3	Bacteroides_ovatus	Bacteroides ovatus	TAC	TAC	0.05165270914240255	0.05165270914240255	0.05165270914240255	0.05165270914240255	original_relative	1	1
mock-12	Mock 3	Bacteroides_vulgatus	Bacteroides vulgatus	zOTU	UNOISE3	-0.0466739461961474	0.0466739461961474	-0.0466739461961474	0.0466739461961474	original_relative	2	1
mock-12	Mock 3	Bacteroides_vulgatus	Bacteroides vulgatus	TIC	TIC	-0.04667394619614729	0.04667394619614729	-0.04667394619614729	0.04667394619614729	original_relative	2	1
mock-12	Mock 3	Bacteroides_vulgatus	Bacteroides vulgatus	TAC	TAC	-0.04667394619614729	0.04667394619614729	-0.04667394619614729	0.04667394619614729	original_relative	2	1
mock-12	Mock 3	Parabacteroides_distasonis	Parabacteroides distasonis	zOTU	UNOISE3	-0.0038542873452172555	0.0038542873452172555	-0.0038542873452172555	0.0038542873452172555	original_relative	3	1
mock-12	Mock 3	Parabacteroides_distasonis	Parabacteroides distasonis	TIC	TIC	-0.0038542873452172555	0.0038542873452172555	-0.0038542873452172555	0.0038542873452172555	original_relative	3	1
mock-12	Mock 3	Parabacteroides_distasonis	Parabacteroides distasonis	TAC	TAC	-0.0038542873452172555	0.0038542873452172555	-0.0038542873452172555	0.0038542873452172555	original_relative	3	1
mock-12	Mock 3	Clostridium_xylanovorans	Clostridium xylanovorans	zOTU	UNOISE3	-0.0033780171765525405	0.0033780171765525405	-0.0033780171765525405	0.0033780171765525405	original_relative	4	1
mock-12	Mock 3	Clostridium_xylanovorans	Clostridium xylanovorans	TIC	TIC	-0.0033780171765525335	0.0033780171765525335	-0.0033780171765525335	0.0033780171765525335	original_relative	4	1
mock-12	Mock 3	Clostridium_xylanovorans	Clostridium xylanovorans	TAC	TAC	-0.0033780171765525335	0.0033780171765525335	-0.0033780171765525335	0.0033780171765525335	original_relative	4	1
mock-12	Mock 3	Bacteroides_cellulosilyticus	Bacteroides cellulosilyticus	zOTU	UNOISE3	0.0031230631901427996	0.0031230631901427996	0.0031230631901427996	0.0031230631901427996	original_relative	5	1
mock-12	Mock 3	Bacteroides_cellulosilyticus	Bacteroides cellulosilyticus	TIC	TIC	0.0031230631901428066	0.0031230631901428066	0.0031230631901428066	0.0031230631901428066	original_relative	5	1
mock-12	Mock 3	Bacteroides_cellulosilyticus	Bacteroides cellulosilyticus	TAC	TAC	0.0031230631901428066	0.0031230631901428066	0.0031230631901428066	0.0031230631901428066	original_relative	5	1
mock-12	Mock 3	Coprococcus_comes	Coprococcus comes	zOTU	UNOISE3	-0.0012241918943598504	0.0012241918943598504	-0.0012241918943598504	0.0012241918943598504	original_relative	6	1
mock-12	Mock 3	Coprococcus_comes	Coprococcus comes	TIC	TIC	-0.0012241918943598495	0.0012241918943598495	-0.0012241918943598495	0.0012241918943598495	original_relative	6	1
mock-12	Mock 3	Coprococcus_comes	Coprococcus comes	TAC	TAC	-0.0012241918943598495	0.0012241918943598495	-0.0012241918943598495	0.0012241918943598495	original_relative	6	1
mock-12	Mock 3	Clostridium_cocleatum	Clostridium cocleatum	zOTU	UNOISE3	-0.0008430916684967807	0.0008430916684967807	-0.0008430916684967807	0.0008430916684967807	original_relative	7	1
mock-12	Mock 3	Clostridium_cocleatum	Clostridium cocleatum	TIC	TIC	-0.0008430916684967799	0.0008430916684967799	-0.0008430916684967799	0.0008430916684967799	original_relative	7	1
mock-12	Mock 3	Clostridium_cocleatum	Clostridium cocleatum	TAC	TAC	-0.0008430916684967799	0.0008430916684967799	-0.0008430916684967799	0.0008430916684967799	original_relative	7	1
mock-12	Mock 3	Parabacteroides_merdae	Parabacteroides merdae	zOTU	UNOISE3	0.0007771087412733703	0.0007771087412733703	0.0007771087412733703	0.0007771087412733703	original_relative	8	1
mock-12	Mock 3	Parabacteroides_merdae	Parabacteroides merdae	TIC	TIC	0.0007771087412733711	0.0007771087412733711	0.0007771087412733711	0.0007771087412733711	original_relative	8	1
mock-12	Mock 3	Parabacteroides_merdae	Parabacteroides merdae	TAC	TAC	0.0007771087412733711	0.0007771087412733711	0.0007771087412733711	0.0007771087412733711	original_relative	8	1
mock-12	Mock 3	Bacteroides_uniformis	Bacteroides uniformis	zOTU	UNOISE3	0.00027083981737453973	0.00027083981737453973	0.00027083981737453973	0.00027083981737453973	original_relative	9	1
mock-12	Mock 3	Bacteroides_uniformis	Bacteroides uniformis	TIC	TIC	0.0002708398173745406	0.0002708398173745406	0.0002708398173745406	0.0002708398173745406	original_relative	9	1
mock-12	Mock 3	Bacteroides_uniformis	Bacteroides uniformis	TAC	TAC	0.0002708398173745406	0.0002708398173745406	0.0002708398173745406	0.0002708398173745406	original_relative	9	1
mock-12	Mock 3	Bacteroides_fragilis	Bacteroides fragilis	zOTU	UNOISE3	-0.00011046173280796786	0.00011046173280796786	-0.00011046173280796786	0.00011046173280796786	original_relative	10	1
mock-12	Mock 3	Bacteroides_fragilis	Bacteroides fragilis	TIC	TIC	-0.0001104617328079678	0.0001104617328079678	-0.0001104617328079678	0.0001104617328079678	original_relative	10	1
mock-12	Mock 3	Bacteroides_fragilis	Bacteroides fragilis	TAC	TAC	-0.0001104617328079678	0.0001104617328079678	-0.0001104617328079678	0.0001104617328079678	original_relative	10	1
mock-12	Mock 3	Roseburia_inulinivorans	Roseburia inulinivorans	zOTU	UNOISE3	-5.941528053640075e-05	5.941528053640075e-05	-5.941528053640075e-05	5.941528053640075e-05	original_relative	11	1
mock-12	Mock 3	Roseburia_inulinivorans	Roseburia inulinivorans	TIC	TIC	-5.941528053640064e-05	5.941528053640064e-05	-5.941528053640064e-05	5.941528053640064e-05	original_relative	11	1
mock-12	Mock 3	Roseburia_inulinivorans	Roseburia inulinivorans	TAC	TAC	-5.941528053640064e-05	5.941528053640064e-05	-5.941528053640064e-05	5.941528053640064e-05	original_relative	11	1
mock-12	Mock 3	Clostridium_celatum	Clostridium celatum	zOTU	UNOISE3	-5.2422615841665526e-05	5.2422615841665526e-05	-5.2422615841665526e-05	5.2422615841665526e-05	original_relative	12	1
mock-12	Mock 3	Clostridium_celatum	Clostridium celatum	TIC	TIC	-5.242261584166547e-05	5.242261584166547e-05	-5.242261584166547e-05	5.242261584166547e-05	original_relative	12	1
mock-12	Mock 3	Clostridium_celatum	Clostridium celatum	TAC	TAC	-5.242261584166547e-05	5.242261584166547e-05	-5.242261584166547e-05	5.242261584166547e-05	original_relative	12	1
mock-12	Mock 3	Bacteroides_thetaiotaomicron	Bacteroides thetaiotaomicron	zOTU	UNOISE3	3.0090827556210115e-05	3.0090827556210115e-05	3.0090827556210115e-05	3.0090827556210115e-05	original_relative	13	1
mock-12	Mock 3	Bacteroides_thetaiotaomicron	Bacteroides thetaiotaomicron	TIC	TIC	3.0090827556210223e-05	3.0090827556210223e-05	3.0090827556210223e-05	3.0090827556210223e-05	original_relative	13	1
mock-12	Mock 3	Bacteroides_thetaiotaomicron	Bacteroides thetaiotaomicron	TAC	TAC	3.0090827556210223e-05	3.0090827556210223e-05	3.0090827556210223e-05	3.0090827556210223e-05	original_relative	13	1
mock-12	Mock 3	Eubacterium_rectale	Eubacterium rectale	zOTU	UNOISE3	-2.5870622433635454e-05	2.5870622433635454e-05	-2.5870622433635454e-05	2.5870622433635454e-05	original_relative	14	1
mock-12	Mock 3	Eubacterium_rectale	Eubacterium rectale	TIC	TIC	-1.118602657469148e-05	1.118602657469148e-05	-1.118602657469148e-05	1.118602657469148e-05	original_relative	14	1
mock-12	Mock 3	Eubacterium_rectale	Eubacterium rectale	TAC	TAC	-1.118602657469148e-05	1.118602657469148e-05	-1.118602657469148e-05	1.118602657469148e-05	original_relative	14	1
mock-12	Mock 3	Bacteroides_massiliensis	Bacteroides massiliensis	zOTU	UNOISE3	9.092701040040655e-06	9.092701040040655e-06	9.092701040040655e-06	9.092701040040655e-06	original_relative	15	1
mock-12	Mock 3	Bacteroides_massiliensis	Bacteroides massiliensis	TIC	TIC	9.092701040040668e-06	9.092701040040668e-06	9.092701040040668e-06	9.092701040040668e-06	original_relative	15	1
mock-12	Mock 3	Bacteroides_massiliensis	Bacteroides massiliensis	TAC	TAC	9.092701040040668e-06	9.092701040040668e-06	9.092701040040668e-06	9.092701040040668e-06	original_relative	15	1
mock-13	Mock 4	Staphylococcus_aureus	Staphylococcus aureus	zOTU	UNOISE3	0.0945237736472988	0.0945237736472988	0.0945237736472988	0.0945237736472988	original_relative	1	1
mock-13	Mock 4	Staphylococcus_aureus	Staphylococcus aureus	TIC	TIC	0.09452377364729886	0.09452377364729886	0.09452377364729886	0.09452377364729886	original_relative	1	1
mock-13	Mock 4	Staphylococcus_aureus	Staphylococcus aureus	TAC	TAC	0.09452377364729886	0.09452377364729886	0.09452377364729886	0.09452377364729886	original_relative	1	1
mock-13	Mock 4	Bacillus_cereus	Bacillus cereus	zOTU	UNOISE3	0.060994450565736914	0.060994450565736914	0.060994450565736914	0.060994450565736914	original_relative	2	1
mock-13	Mock 4	Bacillus_cereus	Bacillus cereus	TIC	TIC	0.060994450565736956	0.060994450565736956	0.060994450565736956	0.060994450565736956	original_relative	2	1
mock-13	Mock 4	Bacillus_cereus	Bacillus cereus	TAC	TAC	0.060994450565736956	0.060994450565736956	0.060994450565736956	0.060994450565736956	original_relative	2	1
mock-13	Mock 4	Staphylococcus_epidermidis	Staphylococcus epidermidis	zOTU	UNOISE3	-0.0476190477	0.0476190477	-0.0476190477	0.0476190477	original_relative	3	1
mock-13	Mock 4	Staphylococcus_epidermidis	Staphylococcus epidermidis	TIC	TIC	-0.0476190477	0.0476190477	-0.0476190477	0.0476190477	original_relative	3	1
mock-13	Mock 4	Staphylococcus_epidermidis	Staphylococcus epidermidis	TAC	TAC	-0.0476190477	0.0476190477	-0.0476190477	0.0476190477	original_relative	3	1
mock-13	Mock 4	Propionibacterium_acnes	Propionibacterium acnes	zOTU	UNOISE3	-0.047387880204653496	0.047387880204653496	-0.047387880204653496	0.047387880204653496	original_relative	4	1
mock-13	Mock 4	Propionibacterium_acnes	Propionibacterium acnes	TIC	TIC	-0.047387880204653496	0.047387880204653496	-0.047387880204653496	0.047387880204653496	original_relative	4	1
mock-13	Mock 4	Propionibacterium_acnes	Propionibacterium acnes	TAC	TAC	-0.047387880204653496	0.047387880204653496	-0.047387880204653496	0.047387880204653496	original_relative	4	1
mock-13	Mock 4	Streptococcus_pneumoniae	Streptococcus pneumoniae	zOTU	UNOISE3	-0.04377463340782452	0.04377463340782452	-0.04377463340782452	0.04377463340782452	original_relative	5	1
mock-13	Mock 4	Streptococcus_pneumoniae	Streptococcus pneumoniae	TIC	TIC	-0.04377463340782452	0.04377463340782452	-0.04377463340782452	0.04377463340782452	original_relative	5	1
mock-13	Mock 4	Streptococcus_pneumoniae	Streptococcus pneumoniae	TAC	TAC	-0.04377463340782452	0.04377463340782452	-0.04377463340782452	0.04377463340782452	original_relative	5	1
mock-13	Mock 4	Acinetobacter_baumannii	Acinetobacter baumannii	zOTU	UNOISE3	0.04178242986117891	0.04178242986117891	0.04178242986117891	0.04178242986117891	original_relative	6	1
mock-13	Mock 4	Acinetobacter_baumannii	Acinetobacter baumannii	TIC	TIC	0.04178242986117895	0.04178242986117895	0.04178242986117895	0.04178242986117895	original_relative	6	1
mock-13	Mock 4	Acinetobacter_baumannii	Acinetobacter baumannii	TAC	TAC	0.04178242986117895	0.04178242986117895	0.04178242986117895	0.04178242986117895	original_relative	6	1
mock-13	Mock 4	Lactobacillus_gasseri	Lactobacillus gasseri	zOTU	UNOISE3	-0.033517836483863514	0.033517836483863514	-0.033517836483863514	0.033517836483863514	original_relative	7	1
mock-13	Mock 4	Lactobacillus_gasseri	Lactobacillus gasseri	TIC	TIC	-0.03351783648386351	0.03351783648386351	-0.03351783648386351	0.03351783648386351	original_relative	7	1
mock-13	Mock 4	Lactobacillus_gasseri	Lactobacillus gasseri	TAC	TAC	-0.03351783648386351	0.03351783648386351	-0.03351783648386351	0.03351783648386351	original_relative	7	1
mock-13	Mock 4	Streptococcus_agalactiae	Streptococcus agalactiae	zOTU	UNOISE3	-0.027417027497979803	0.027417027497979803	-0.027417027497979803	0.027417027497979803	original_relative	8	1
mock-13	Mock 4	Streptococcus_agalactiae	Streptococcus agalactiae	TIC	TIC	-0.027417027497979796	0.027417027497979796	-0.027417027497979796	0.027417027497979796	original_relative	8	1
mock-13	Mock 4	Streptococcus_agalactiae	Streptococcus agalactiae	TAC	TAC	-0.027417027497979796	0.027417027497979796	-0.027417027497979796	0.027417027497979796	original_relative	8	1
mock-13	Mock 4	Porphyromonas_gingivalis	Porphyromonas gingivalis	zOTU	UNOISE3	-0.025743576470797534	0.025743576470797534	-0.025743576470797534	0.025743576470797534	original_relative	9	1
mock-13	Mock 4	Porphyromonas_gingivalis	Porphyromonas gingivalis	TIC	TIC	-0.025743576470797527	0.025743576470797527	-0.025743576470797527	0.025743576470797527	original_relative	9	1
mock-13	Mock 4	Porphyromonas_gingivalis	Porphyromonas gingivalis	TAC	TAC	-0.025743576470797527	0.025743576470797527	-0.025743576470797527	0.025743576470797527	original_relative	9	1
mock-13	Mock 4	Rhodobacter_sphaeroides	Rhodobacter sphaeroides	zOTU	UNOISE3	-0.025220937142188055	0.025220937142188055	-0.025220937142188055	0.025220937142188055	original_relative	10	1
mock-13	Mock 4	Rhodobacter_sphaeroides	Rhodobacter sphaeroides	TIC	TIC	-0.02522093714218805	0.02522093714218805	-0.02522093714218805	0.02522093714218805	original_relative	10	1
mock-13	Mock 4	Rhodobacter_sphaeroides	Rhodobacter sphaeroides	TAC	TAC	-0.02522093714218805	0.02522093714218805	-0.02522093714218805	0.02522093714218805	original_relative	10	1
mock-13	Mock 4	Neisseria_meningitidis	Neisseria meningitidis	zOTU	UNOISE3	0.02463081420210058	0.02463081420210058	0.02463081420210058	0.02463081420210058	original_relative	11	1
mock-13	Mock 4	Neisseria_meningitidis	Neisseria meningitidis	TIC	TIC	0.024630814202100608	0.024630814202100608	0.024630814202100608	0.024630814202100608	original_relative	11	1
mock-13	Mock 4	Neisseria_meningitidis	Neisseria meningitidis	TAC	TAC	0.024630814202100608	0.024630814202100608	0.024630814202100608	0.024630814202100608	original_relative	11	1
mock-13	Mock 4	Clostridium_beijerinckii	Clostridium beijerinckii	zOTU	UNOISE3	0.024369494537795848	0.024369494537795848	0.024369494537795848	0.024369494537795848	original_relative	12	1
mock-13	Mock 4	Clostridium_beijerinckii	Clostridium beijerinckii	TIC	TIC	0.024369494537795876	0.024369494537795876	0.024369494537795876	0.024369494537795876	original_relative	12	1
mock-13	Mock 4	Clostridium_beijerinckii	Clostridium beijerinckii	TAC	TAC	0.024369494537795876	0.024369494537795876	0.024369494537795876	0.024369494537795876	original_relative	12	1
mock-13	Mock 4	Deinococcus_radiodurans	Deinococcus radiodurans	zOTU	UNOISE3	0.019344116378089325	0.019344116378089325	0.019344116378089325	0.019344116378089325	original_relative	13	1
mock-13	Mock 4	Deinococcus_radiodurans	Deinococcus radiodurans	TIC	TIC	0.019344116378089353	0.019344116378089353	0.019344116378089353	0.019344116378089353	original_relative	13	1
mock-13	Mock 4	Deinococcus_radiodurans	Deinococcus radiodurans	TAC	TAC	0.019344116378089353	0.019344116378089353	0.019344116378089353	0.019344116378089353	original_relative	13	1
mock-13	Mock 4	Actinomyces_odontolyticus	Actinomyces odontolyticus	zOTU	UNOISE3	-0.01871307242536812	0.01871307242536812	-0.01871307242536812	0.01871307242536812	original_relative	14	1
mock-13	Mock 4	Actinomyces_odontolyticus	Actinomyces odontolyticus	TIC	TIC	-0.01871307242536811	0.01871307242536811	-0.01871307242536811	0.01871307242536811	original_relative	14	1
mock-13	Mock 4	Actinomyces_odontolyticus	Actinomyces odontolyticus	TAC	TAC	-0.01871307242536811	0.01871307242536811	-0.01871307242536811	0.01871307242536811	original_relative	14	1
mock-13	Mock 4	Escherichia_coli	Escherichia coli	zOTU	UNOISE3	-0.011335817286918952	0.011335817286918952	-0.011335817286918952	0.011335817286918952	original_relative	15	1
mock-13	Mock 4	Escherichia_coli	Escherichia coli	TIC	TIC	-0.011335817286918938	0.011335817286918938	-0.011335817286918938	0.011335817286918938	original_relative	15	1
mock-13	Mock 4	Escherichia_coli	Escherichia coli	TAC	TAC	-0.011335817286918938	0.011335817286918938	-0.011335817286918938	0.011335817286918938	original_relative	15	1
mock-14	Mock 5	Staphylococcus_aureus	Staphylococcus aureus	zOTU	UNOISE3	0.09877203678507099	0.09877203678507099	0.09877203678507099	0.09877203678507099	original_relative	1	1
mock-14	Mock 5	Staphylococcus_aureus	Staphylococcus aureus	TIC	TIC	0.09877203678507104	0.09877203678507104	0.09877203678507104	0.09877203678507104	original_relative	1	1
mock-14	Mock 5	Staphylococcus_aureus	Staphylococcus aureus	TAC	TAC	0.09877203678507102	0.09877203678507102	0.09877203678507102	0.09877203678507102	original_relative	1	1
mock-14	Mock 5	Bacillus_cereus	Bacillus cereus	zOTU	UNOISE3	0.06638871815506059	0.06638871815506059	0.06638871815506059	0.06638871815506059	original_relative	2	1
mock-14	Mock 5	Bacillus_cereus	Bacillus cereus	TIC	TIC	0.06638871815506064	0.06638871815506064	0.06638871815506064	0.06638871815506064	original_relative	2	1
mock-14	Mock 5	Bacillus_cereus	Bacillus cereus	TAC	TAC	0.06638871815506062	0.06638871815506062	0.06638871815506062	0.06638871815506062	original_relative	2	1
mock-14	Mock 5	Staphylococcus_epidermidis	Staphylococcus epidermidis	zOTU	UNOISE3	-0.0476190477	0.0476190477	-0.0476190477	0.0476190477	original_relative	3	1
mock-14	Mock 5	Staphylococcus_epidermidis	Staphylococcus epidermidis	TIC	TIC	-0.0476190477	0.0476190477	-0.0476190477	0.0476190477	original_relative	3	1
mock-14	Mock 5	Staphylococcus_epidermidis	Staphylococcus epidermidis	TAC	TAC	-0.0476190477	0.0476190477	-0.0476190477	0.0476190477	original_relative	3	1
mock-14	Mock 5	Propionibacterium_acnes	Propionibacterium acnes	zOTU	UNOISE3	-0.04730097571575416	0.04730097571575416	-0.04730097571575416	0.04730097571575416	original_relative	4	1
mock-14	Mock 5	Propionibacterium_acnes	Propionibacterium acnes	TIC	TIC	-0.04730097571575416	0.04730097571575416	-0.04730097571575416	0.04730097571575416	original_relative	4	1
mock-14	Mock 5	Propionibacterium_acnes	Propionibacterium acnes	TAC	TAC	-0.04730097571575416	0.04730097571575416	-0.04730097571575416	0.04730097571575416	original_relative	4	1
mock-14	Mock 5	Streptococcus_pneumoniae	Streptococcus pneumoniae	zOTU	UNOISE3	-0.04415626511113492	0.04415626511113492	-0.04415626511113492	0.04415626511113492	original_relative	5	1
mock-14	Mock 5	Streptococcus_pneumoniae	Streptococcus pneumoniae	TIC	TIC	-0.044156265111134914	0.044156265111134914	-0.044156265111134914	0.044156265111134914	original_relative	5	1
mock-14	Mock 5	Streptococcus_pneumoniae	Streptococcus pneumoniae	TAC	TAC	-0.044156265111134914	0.044156265111134914	-0.044156265111134914	0.044156265111134914	original_relative	5	1
mock-14	Mock 5	Lactobacillus_gasseri	Lactobacillus gasseri	zOTU	UNOISE3	-0.03447607728870965	0.03447607728870965	-0.03447607728870965	0.03447607728870965	original_relative	6	1
mock-14	Mock 5	Lactobacillus_gasseri	Lactobacillus gasseri	TIC	TIC	-0.03447607728870965	0.03447607728870965	-0.03447607728870965	0.03447607728870965	original_relative	6	1
mock-14	Mock 5	Lactobacillus_gasseri	Lactobacillus gasseri	TAC	TAC	-0.03447607728870965	0.03447607728870965	-0.03447607728870965	0.03447607728870965	original_relative	6	1
mock-14	Mock 5	Acinetobacter_baumannii	Acinetobacter baumannii	zOTU	UNOISE3	0.03393938460567846	0.03393938460567846	0.03393938460567846	0.03393938460567846	original_relative	7	1
mock-14	Mock 5	Acinetobacter_baumannii	Acinetobacter baumannii	TIC	TIC	0.03393938460567849	0.03393938460567849	0.03393938460567849	0.03393938460567849	original_relative	7	1
mock-14	Mock 5	Acinetobacter_baumannii	Acinetobacter baumannii	TAC	TAC	0.033939384605678476	0.033939384605678476	0.033939384605678476	0.033939384605678476	original_relative	7	1
mock-14	Mock 5	Streptococcus_agalactiae	Streptococcus agalactiae	zOTU	UNOISE3	-0.031049302937683723	0.031049302937683723	-0.031049302937683723	0.031049302937683723	original_relative	8	1
mock-14	Mock 5	Streptococcus_agalactiae	Streptococcus agalactiae	TIC	TIC	-0.031049302937683716	0.031049302937683716	-0.031049302937683716	0.031049302937683716	original_relative	8	1
mock-14	Mock 5	Streptococcus_agalactiae	Streptococcus agalactiae	TAC	TAC	-0.03104930293768372	0.03104930293768372	-0.03104930293768372	0.03104930293768372	original_relative	8	1
mock-14	Mock 5	Deinococcus_radiodurans	Deinococcus radiodurans	zOTU	UNOISE3	0.028352121884303423	0.028352121884303423	0.028352121884303423	0.028352121884303423	original_relative	9	1
mock-14	Mock 5	Deinococcus_radiodurans	Deinococcus radiodurans	TIC	TIC	0.02835212188430345	0.02835212188430345	0.02835212188430345	0.02835212188430345	original_relative	9	1
mock-14	Mock 5	Deinococcus_radiodurans	Deinococcus radiodurans	TAC	TAC	0.028352121884303437	0.028352121884303437	0.028352121884303437	0.028352121884303437	original_relative	9	1
mock-14	Mock 5	Clostridium_beijerinckii	Clostridium beijerinckii	zOTU	UNOISE3	0.027115842485159226	0.027115842485159226	0.027115842485159226	0.027115842485159226	original_relative	10	1
mock-14	Mock 5	Clostridium_beijerinckii	Clostridium beijerinckii	TIC	TIC	0.027115842485159254	0.027115842485159254	0.027115842485159254	0.027115842485159254	original_relative	10	1
mock-14	Mock 5	Clostridium_beijerinckii	Clostridium beijerinckii	TAC	TAC	0.02711584248515924	0.02711584248515924	0.02711584248515924	0.02711584248515924	original_relative	10	1
mock-14	Mock 5	Porphyromonas_gingivalis	Porphyromonas gingivalis	zOTU	UNOISE3	-0.026074178459574274	0.026074178459574274	-0.026074178459574274	0.026074178459574274	original_relative	11	1
mock-14	Mock 5	Porphyromonas_gingivalis	Porphyromonas gingivalis	TIC	TIC	-0.026074178459574267	0.026074178459574267	-0.026074178459574267	0.026074178459574267	original_relative	11	1
mock-14	Mock 5	Porphyromonas_gingivalis	Porphyromonas gingivalis	TAC	TAC	-0.02607417845957427	0.02607417845957427	-0.02607417845957427	0.02607417845957427	original_relative	11	1
mock-14	Mock 5	Rhodobacter_sphaeroides	Rhodobacter sphaeroides	zOTU	UNOISE3	-0.021921239895458782	0.021921239895458782	-0.021921239895458782	0.021921239895458782	original_relative	12	1
mock-14	Mock 5	Rhodobacter_sphaeroides	Rhodobacter sphaeroides	TIC	TIC	-0.021921239895458775	0.021921239895458775	-0.021921239895458775	0.021921239895458775	original_relative	12	1
mock-14	Mock 5	Rhodobacter_sphaeroides	Rhodobacter sphaeroides	TAC	TAC	-0.02192123989545878	0.02192123989545878	-0.02192123989545878	0.02192123989545878	original_relative	12	1
mock-14	Mock 5	Actinomyces_odontolyticus	Actinomyces odontolyticus	zOTU	UNOISE3	-0.02097302559902779	0.02097302559902779	-0.02097302559902779	0.02097302559902779	original_relative	13	1
mock-14	Mock 5	Actinomyces_odontolyticus	Actinomyces odontolyticus	TIC	TIC	-0.020973025599027778	0.020973025599027778	-0.020973025599027778	0.020973025599027778	original_relative	13	1
mock-14	Mock 5	Actinomyces_odontolyticus	Actinomyces odontolyticus	TAC	TAC	-0.02097302559902778	0.02097302559902778	-0.02097302559902778	0.02097302559902778	original_relative	13	1
mock-14	Mock 5	Neisseria_meningitidis	Neisseria meningitidis	zOTU	UNOISE3	0.02016627188220297	0.02016627188220297	0.02016627188220297	0.02016627188220297	original_relative	14	1
mock-14	Mock 5	Neisseria_meningitidis	Neisseria meningitidis	TIC	TIC	0.020166271882202984	0.020166271882202984	0.020166271882202984	0.020166271882202984	original_relative	14	1
mock-14	Mock 5	Neisseria_meningitidis	Neisseria meningitidis	TAC	TAC	0.02016627188220297	0.02016627188220297	0.02016627188220297	0.02016627188220297	original_relative	14	1
mock-14	Mock 5	Escherichia_coli	Escherichia coli	zOTU	UNOISE3	-0.017270188757901695	0.017270188757901695	-0.017270188757901695	0.017270188757901695	original_relative	15	1
mock-14	Mock 5	Escherichia_coli	Escherichia coli	TIC	TIC	-0.017270188757901685	0.017270188757901685	-0.017270188757901685	0.017270188757901685	original_relative	15	1
mock-14	Mock 5	Escherichia_coli	Escherichia coli	TAC	TAC	-0.017270188757901688	0.017270188757901688	-0.017270188757901688	0.017270188757901688	original_relative	15	1
mock-15	Mock 6	Staphylococcus_aureus	Staphylococcus aureus	zOTU	UNOISE3	0.07990681441629019	0.07990681441629019	0.07990681441629019	0.07990681441629019	original_relative	1	1
mock-15	Mock 6	Staphylococcus_aureus	Staphylococcus aureus	TIC	TIC	0.07990681441629019	0.07990681441629019	0.07990681441629019	0.07990681441629019	original_relative	1	1
mock-15	Mock 6	Staphylococcus_aureus	Staphylococcus aureus	TAC	TAC	0.07990681441629019	0.07990681441629019	0.07990681441629019	0.07990681441629019	original_relative	1	1
mock-15	Mock 6	Acinetobacter_baumannii	Acinetobacter baumannii	zOTU	UNOISE3	0.054053963636916245	0.054053963636916245	0.054053963636916245	0.054053963636916245	original_relative	2	1
mock-15	Mock 6	Acinetobacter_baumannii	Acinetobacter baumannii	TIC	TIC	0.054053963636916245	0.054053963636916245	0.054053963636916245	0.054053963636916245	original_relative	2	1
mock-15	Mock 6	Acinetobacter_baumannii	Acinetobacter baumannii	TAC	TAC	0.05405396363691626	0.05405396363691626	0.05405396363691626	0.05405396363691626	original_relative	2	1
mock-15	Mock 6	Bacillus_cereus	Bacillus cereus	zOTU	UNOISE3	0.05384315688865616	0.05384315688865616	0.05384315688865616	0.05384315688865616	original_relative	3	1
mock-15	Mock 6	Bacillus_cereus	Bacillus cereus	TIC	TIC	0.05384315688865616	0.05384315688865616	0.05384315688865616	0.05384315688865616	original_relative	3	1
mock-15	Mock 6	Bacillus_cereus	Bacillus cereus	TAC	TAC	0.053843156888656186	0.053843156888656186	0.053843156888656186	0.053843156888656186	original_relative	3	1
mock-15	Mock 6	Staphylococcus_epidermidis	Staphylococcus epidermidis	zOTU	UNOISE3	-0.0476190477	0.0476190477	-0.0476190477	0.0476190477	original_relative	4	1
mock-15	Mock 6	Staphylococcus_epidermidis	Staphylococcus epidermidis	TIC	TIC	-0.0476190477	0.0476190477	-0.0476190477	0.0476190477	original_relative	4	1
mock-15	Mock 6	Staphylococcus_epidermidis	Staphylococcus epidermidis	TAC	TAC	-0.0476190477	0.0476190477	-0.0476190477	0.0476190477	original_relative	4	1
mock-15	Mock 6	Propionibacterium_acnes	Propionibacterium acnes	zOTU	UNOISE3	-0.04746628908676805	0.04746628908676805	-0.04746628908676805	0.04746628908676805	original_relative	5	1
mock-15	Mock 6	Propionibacterium_acnes	Propionibacterium acnes	TIC	TIC	-0.047420461532798476	0.047420461532798476	-0.047420461532798476	0.047420461532798476	original_relative	5	1
mock-15	Mock 6	Propionibacterium_acnes	Propionibacterium acnes	TAC	TAC	-0.047420461532798476	0.047420461532798476	-0.047420461532798476	0.047420461532798476	original_relative	5	1
mock-15	Mock 6	Streptococcus_pneumoniae	Streptococcus pneumoniae	zOTU	UNOISE3	-0.04427363626022046	0.04427363626022046	-0.04427363626022046	0.04427363626022046	original_relative	6	1
mock-15	Mock 6	Streptococcus_pneumoniae	Streptococcus pneumoniae	TIC	TIC	-0.04427363626022046	0.04427363626022046	-0.04427363626022046	0.04427363626022046	original_relative	6	1
mock-15	Mock 6	Streptococcus_pneumoniae	Streptococcus pneumoniae	TAC	TAC	-0.04427363626022046	0.04427363626022046	-0.04427363626022046	0.04427363626022046	original_relative	6	1
mock-15	Mock 6	Deinococcus_radiodurans	Deinococcus radiodurans	zOTU	UNOISE3	0.040192656146249776	0.040192656146249776	0.040192656146249776	0.040192656146249776	original_relative	7	1
mock-15	Mock 6	Deinococcus_radiodurans	Deinococcus radiodurans	TIC	TIC	0.040192656146249776	0.040192656146249776	0.040192656146249776	0.040192656146249776	original_relative	7	1
mock-15	Mock 6	Deinococcus_radiodurans	Deinococcus radiodurans	TAC	TAC	0.04019265614624979	0.04019265614624979	0.04019265614624979	0.04019265614624979	original_relative	7	1
mock-15	Mock 6	Neisseria_meningitidis	Neisseria meningitidis	zOTU	UNOISE3	0.033761522739185	0.033761522739185	0.033761522739185	0.033761522739185	original_relative	8	1
mock-15	Mock 6	Neisseria_meningitidis	Neisseria meningitidis	TIC	TIC	0.033761522739185	0.033761522739185	0.033761522739185	0.033761522739185	original_relative	8	1
mock-15	Mock 6	Neisseria_meningitidis	Neisseria meningitidis	TAC	TAC	0.033761522739185014	0.033761522739185014	0.033761522739185014	0.033761522739185014	original_relative	8	1
mock-15	Mock 6	Lactobacillus_gasseri	Lactobacillus gasseri	zOTU	UNOISE3	-0.03262427194115253	0.03262427194115253	-0.03262427194115253	0.03262427194115253	original_relative	9	1
mock-15	Mock 6	Lactobacillus_gasseri	Lactobacillus gasseri	TIC	TIC	-0.03262427194115253	0.03262427194115253	-0.03262427194115253	0.03262427194115253	original_relative	9	1
mock-15	Mock 6	Lactobacillus_gasseri	Lactobacillus gasseri	TAC	TAC	-0.03262427194115253	0.03262427194115253	-0.03262427194115253	0.03262427194115253	original_relative	9	1
mock-15	Mock 6	Streptococcus_agalactiae	Streptococcus agalactiae	zOTU	UNOISE3	-0.03228514814177762	0.03228514814177762	-0.03228514814177762	0.03228514814177762	original_relative	10	1
mock-15	Mock 6	Streptococcus_agalactiae	Streptococcus agalactiae	TIC	TIC	-0.03228514814177762	0.03228514814177762	-0.03228514814177762	0.03228514814177762	original_relative	10	1
mock-15	Mock 6	Streptococcus_agalactiae	Streptococcus agalactiae	TAC	TAC	-0.03228514814177762	0.03228514814177762	-0.03228514814177762	0.03228514814177762	original_relative	10	1
mock-15	Mock 6	Porphyromonas_gingivalis	Porphyromonas gingivalis	zOTU	UNOISE3	-0.030910321422690137	0.030910321422690137	-0.030910321422690137	0.030910321422690137	original_relative	11	1
mock-15	Mock 6	Porphyromonas_gingivalis	Porphyromonas gingivalis	TIC	TIC	-0.030910321422690137	0.030910321422690137	-0.030910321422690137	0.030910321422690137	original_relative	11	1
mock-15	Mock 6	Porphyromonas_gingivalis	Porphyromonas gingivalis	TAC	TAC	-0.030910321422690134	0.030910321422690134	-0.030910321422690134	0.030910321422690134	original_relative	11	1
mock-15	Mock 6	Rhodobacter_sphaeroides	Rhodobacter sphaeroides	zOTU	UNOISE3	-0.02641616596340639	0.02641616596340639	-0.02641616596340639	0.02641616596340639	original_relative	12	1
mock-15	Mock 6	Rhodobacter_sphaeroides	Rhodobacter sphaeroides	TIC	TIC	-0.02641616596340639	0.02641616596340639	-0.02641616596340639	0.02641616596340639	original_relative	12	1
mock-15	Mock 6	Rhodobacter_sphaeroides	Rhodobacter sphaeroides	TAC	TAC	-0.026416165963406388	0.026416165963406388	-0.026416165963406388	0.026416165963406388	original_relative	12	1
mock-15	Mock 6	Clostridium_beijerinckii	Clostridium beijerinckii	zOTU	UNOISE3	0.023383109350206842	0.023383109350206842	0.023383109350206842	0.023383109350206842	original_relative	13	1
mock-15	Mock 6	Clostridium_beijerinckii	Clostridium beijerinckii	TIC	TIC	0.023383109350206842	0.023383109350206842	0.023383109350206842	0.023383109350206842	original_relative	13	1
mock-15	Mock 6	Clostridium_beijerinckii	Clostridium beijerinckii	TAC	TAC	0.023383109350206856	0.023383109350206856	0.023383109350206856	0.023383109350206856	original_relative	13	1
mock-15	Mock 6	Helicobacter_pylori	Helicobacter pylori	zOTU	UNOISE3	0.018565105842871375	0.018565105842871375	0.018565105842871375	0.018565105842871375	original_relative	14	1
mock-15	Mock 6	Helicobacter_pylori	Helicobacter pylori	TIC	TIC	0.018565105842871375	0.018565105842871375	0.018565105842871375	0.018565105842871375	original_relative	14	1
mock-15	Mock 6	Helicobacter_pylori	Helicobacter pylori	TAC	TAC	0.01856510584287139	0.01856510584287139	0.01856510584287139	0.01856510584287139	original_relative	14	1
mock-15	Mock 6	Actinomyces_odontolyticus	Actinomyces odontolyticus	zOTU	UNOISE3	-0.017461461917749926	0.017461461917749926	-0.017461461917749926	0.017461461917749926	original_relative	15	1
mock-15	Mock 6	Actinomyces_odontolyticus	Actinomyces odontolyticus	TIC	TIC	-0.017461461917749926	0.017461461917749926	-0.017461461917749926	0.017461461917749926	original_relative	15	1
mock-15	Mock 6	Actinomyces_odontolyticus	Actinomyces odontolyticus	TAC	TAC	-0.017461461917749922	0.017461461917749922	-0.017461461917749922	0.017461461917749922	original_relative	15	1
mock-16	Mock 7	Shewanella_baltica	Shewanella baltica	zOTU	UNOISE3	0.07757336455855982	0.07757336455855982	0.07757336455855982	0.07757336455855982	original_relative	1	1
mock-16	Mock 7	Shewanella_baltica	Shewanella baltica	TIC	TIC	0.07757336455855976	0.07757336455855976	0.07757336455855976	0.07757336455855976	original_relative	1	1
mock-16	Mock 7	Shewanella_baltica	Shewanella baltica	TAC	TAC	0.07757336455855982	0.07757336455855982	0.07757336455855982	0.07757336455855982	original_relative	1	1
mock-16	Mock 7	Akkermansia_muciniphila	Akkermansia muciniphila	zOTU	UNOISE3	0.04233149082141349	0.04233149082141349	0.04233149082141349	0.04233149082141349	original_relative	2	1
mock-16	Mock 7	Akkermansia_muciniphila	Akkermansia muciniphila	TIC	TIC	0.04233149082141348	0.04233149082141348	0.04233149082141348	0.04233149082141348	original_relative	2	1
mock-16	Mock 7	Akkermansia_muciniphila	Akkermansia muciniphila	TAC	TAC	0.04233149082141349	0.04233149082141349	0.04233149082141349	0.04233149082141349	original_relative	2	1
mock-16	Mock 7	Desulfovibrio_piger	Desulfovibrio piger	zOTU	UNOISE3	0.024225909646078816	0.024225909646078816	0.024225909646078816	0.024225909646078816	original_relative	3	1
mock-16	Mock 7	Desulfovibrio_piger	Desulfovibrio piger	TIC	TIC	0.024225909646078802	0.024225909646078802	0.024225909646078802	0.024225909646078802	original_relative	3	1
mock-16	Mock 7	Desulfovibrio_piger	Desulfovibrio piger	TAC	TAC	0.024225909646078816	0.024225909646078816	0.024225909646078816	0.024225909646078816	original_relative	3	1
mock-16	Mock 7	Sulfurihydrogenibium_yellowstonense	Sulfurihydrogenibium yellowstonense	zOTU	UNOISE3	0.02376650548658209	0.02376650548658209	0.02376650548658209	0.02376650548658209	original_relative	4	1
mock-16	Mock 7	Sulfurihydrogenibium_yellowstonense	Sulfurihydrogenibium yellowstonense	TIC	TIC	0.023766505486582077	0.023766505486582077	0.023766505486582077	0.023766505486582077	original_relative	4	1
mock-16	Mock 7	Sulfurihydrogenibium_yellowstonense	Sulfurihydrogenibium yellowstonense	TAC	TAC	0.02376650548658209	0.02376650548658209	0.02376650548658209	0.02376650548658209	original_relative	4	1
mock-16	Mock 7	Erwinia_chrysanthemi	Erwinia chrysanthemi	zOTU	UNOISE3	0.020013408015778392	0.020013408015778392	0.020013408015778392	0.020013408015778392	original_relative	5	1
mock-16	Mock 7	Erwinia_chrysanthemi	Erwinia chrysanthemi	TIC	TIC	0.02001340801577838	0.02001340801577838	0.02001340801577838	0.02001340801577838	original_relative	5	1
mock-16	Mock 7	Erwinia_chrysanthemi	Erwinia chrysanthemi	TAC	TAC	0.020013408015778392	0.020013408015778392	0.020013408015778392	0.020013408015778392	original_relative	5	1
mock-16	Mock 7	Thermoanaerobacter_pseudethanolicus	Thermoanaerobacter pseudethanolicus	zOTU	UNOISE3	0.01699418886374698	0.01699418886374698	0.01699418886374698	0.01699418886374698	original_relative	6	1
mock-16	Mock 7	Thermoanaerobacter_pseudethanolicus	Thermoanaerobacter pseudethanolicus	TIC	TIC	0.006618664977655821	0.006618664977655821	0.006618664977655821	0.006618664977655821	original_relative	6	1
mock-16	Mock 7	Thermoanaerobacter_pseudethanolicus	Thermoanaerobacter pseudethanolicus	TAC	TAC	-0.0065736287139088485	0.0065736287139088485	-0.0065736287139088485	0.0065736287139088485	original_relative	6	1
mock-16	Mock 7	Pyrobaculum_calidifontis	Pyrobaculum calidifontis	zOTU	UNOISE3	-0.0033967328448467893	0.0033967328448467893	-0.0033967328448467893	0.0033967328448467893	original_relative	7	1
mock-16	Mock 7	Pyrobaculum_calidifontis	Pyrobaculum calidifontis	TIC	TIC	-0.0033967328448467945	0.0033967328448467945	-0.0033967328448467945	0.0033967328448467945	original_relative	7	1
mock-16	Mock 7	Pyrobaculum_calidifontis	Pyrobaculum calidifontis	TAC	TAC	-0.0169491526	0.0169491526	-0.0169491526	0.0169491526	original_relative	7	1
mock-16	Mock 7	Rhodospirillum_rubrum	Rhodospirillum rubrum	zOTU	UNOISE3	-0.0169491526	0.0169491526	-0.0169491526	0.0169491526	original_relative	8	1
mock-16	Mock 7	Rhodospirillum_rubrum	Rhodospirillum rubrum	TIC	TIC	-0.0169491526	0.0169491526	-0.0169491526	0.0169491526	original_relative	8	1
mock-16	Mock 7	Rhodospirillum_rubrum	Rhodospirillum rubrum	TAC	TAC	-0.0169491526	0.0169491526	-0.0169491526	0.0169491526	original_relative	8	1
mock-16	Mock 7	Salinispora_tropica	Salinispora tropica	zOTU	UNOISE3	-0.0169491526	0.0169491526	-0.0169491526	0.0169491526	original_relative	9	1
mock-16	Mock 7	Salinispora_tropica	Salinispora tropica	TIC	TIC	-0.0169491526	0.0169491526	-0.0169491526	0.0169491526	original_relative	9	1
mock-16	Mock 7	Salinispora_tropica	Salinispora tropica	TAC	TAC	-0.0169491526	0.0169491526	-0.0169491526	0.0169491526	original_relative	9	1
mock-16	Mock 7	Sulfurihydrogenibium_sp	Sulfurihydrogenibium sp	zOTU	UNOISE3	-0.0169491526	0.0169491526	-0.0169491526	0.0169491526	original_relative	10	1
mock-16	Mock 7	Sulfurihydrogenibium_sp	Sulfurihydrogenibium sp	TIC	TIC	-0.0169491526	0.0169491526	-0.0169491526	0.0169491526	original_relative	10	1
mock-16	Mock 7	Sulfurihydrogenibium_sp	Sulfurihydrogenibium sp	TAC	TAC	-0.0169491526	0.0169491526	-0.0169491526	0.0169491526	original_relative	10	1
mock-16	Mock 7	Thermotoga_petrophila	Thermotoga petrophila	zOTU	UNOISE3	-0.009865375597845083	0.009865375597845083	-0.009865375597845083	0.009865375597845083	original_relative	11	1
mock-16	Mock 7	Thermotoga_petrophila	Thermotoga petrophila	TIC	TIC	-0.0169491526	0.0169491526	-0.0169491526	0.0169491526	original_relative	11	1
mock-16	Mock 7	Thermotoga_petrophila	Thermotoga petrophila	TAC	TAC	-0.0169491526	0.0169491526	-0.0169491526	0.0169491526	original_relative	11	1
mock-16	Mock 7	Thermotoga_sp	Thermotoga sp	zOTU	UNOISE3	-0.0169491526	0.0169491526	-0.0169491526	0.0169491526	original_relative	12	1
mock-16	Mock 7	Thermotoga_sp	Thermotoga sp	TIC	TIC	-0.0169491526	0.0169491526	-0.0169491526	0.0169491526	original_relative	12	1
mock-16	Mock 7	Thermotoga_sp	Thermotoga sp	TAC	TAC	-0.0169491526	0.0169491526	-0.0169491526	0.0169491526	original_relative	12	1
mock-16	Mock 7	Nanoarchaeum_equitans	Nanoarchaeum equitans	zOTU	UNOISE3	-0.016859607640945552	0.016859607640945552	-0.016859607640945552	0.016859607640945552	original_relative	13	1
mock-16	Mock 7	Nanoarchaeum_equitans	Nanoarchaeum equitans	TIC	TIC	-0.016859607640945552	0.016859607640945552	-0.016859607640945552	0.016859607640945552	original_relative	13	1
mock-16	Mock 7	Nanoarchaeum_equitans	Nanoarchaeum equitans	TAC	TAC	-0.016859607640945552	0.016859607640945552	-0.016859607640945552	0.016859607640945552	original_relative	13	1
mock-16	Mock 7	Bacteroides_thetaiotaomicron	Bacteroides thetaiotaomicron	zOTU	UNOISE3	0.01678200658033537	0.01678200658033537	0.01678200658033537	0.01678200658033537	original_relative	14	1
mock-16	Mock 7	Bacteroides_thetaiotaomicron	Bacteroides thetaiotaomicron	TIC	TIC	0.016782006580335355	0.016782006580335355	0.016782006580335355	0.016782006580335355	original_relative	14	1
mock-16	Mock 7	Bacteroides_thetaiotaomicron	Bacteroides thetaiotaomicron	TAC	TAC	0.01678200658033537	0.01678200658033537	0.01678200658033537	0.01678200658033537	original_relative	14	1
mock-16	Mock 7	Salinispora_arenicola	Salinispora arenicola	zOTU	UNOISE3	0.016585397115889734	0.016585397115889734	0.016585397115889734	0.016585397115889734	original_relative	15	1
mock-16	Mock 7	Salinispora_arenicola	Salinispora arenicola	TIC	TIC	0.01658539711588972	0.01658539711588972	0.01658539711588972	0.01658539711588972	original_relative	15	1
mock-16	Mock 7	Salinispora_arenicola	Salinispora arenicola	TAC	TAC	0.016585397115889734	0.016585397115889734	0.016585397115889734	0.016585397115889734	original_relative	15	1
mock-18	Mock 8	Microlunatus_phosphovorus	Microlunatus phosphovorus	zOTU	UNOISE3	-0.06666666666666667	0.06666666666666667	-0.06666666666666667	0.06666666666666667	original_relative	1	1
mock-18	Mock 8	Microlunatus_phosphovorus	Microlunatus phosphovorus	TIC	TIC	-0.06666666666666667	0.06666666666666667	-0.06666666666666667	0.06666666666666667	original_relative	1	1
mock-18	Mock 8	Microlunatus_phosphovorus	Microlunatus phosphovorus	TAC	TAC	-0.06666666666666667	0.06666666666666667	-0.06666666666666667	0.06666666666666667	original_relative	1	1
mock-18	Mock 8	Nitrosomonas_europaea	Nitrosomonas europaea	zOTU	UNOISE3	0.04768779066819692	0.04768779066819692	0.04768779066819692	0.04768779066819692	original_relative	2	1
mock-18	Mock 8	Nitrosomonas_europaea	Nitrosomonas europaea	TIC	TIC	0.04768779066819692	0.04768779066819692	0.04768779066819692	0.04768779066819692	original_relative	2	1
mock-18	Mock 8	Nitrosomonas_europaea	Nitrosomonas europaea	TAC	TAC	0.04768779066819692	0.04768779066819692	0.04768779066819692	0.04768779066819692	original_relative	2	1
mock-18	Mock 8	Pseudomonas_putida	Pseudomonas putida	zOTU	UNOISE3	0.03700595048788469	0.03700595048788469	0.03700595048788469	0.03700595048788469	original_relative	3	1
mock-18	Mock 8	Pseudomonas_putida	Pseudomonas putida	TIC	TIC	0.03700595048788469	0.03700595048788469	0.03700595048788469	0.03700595048788469	original_relative	3	1
mock-18	Mock 8	Pseudomonas_putida	Pseudomonas putida	TAC	TAC	0.03700595048788469	0.03700595048788469	0.03700595048788469	0.03700595048788469	original_relative	3	1
mock-18	Mock 8	Desulfovibrio_vulgaris	Desulfovibrio vulgaris	zOTU	UNOISE3	0.036929898551325835	0.036929898551325835	0.036929898551325835	0.036929898551325835	original_relative	4	1
mock-18	Mock 8	Desulfovibrio_vulgaris	Desulfovibrio vulgaris	TIC	TIC	0.036929898551325835	0.036929898551325835	0.036929898551325835	0.036929898551325835	original_relative	4	1
mock-18	Mock 8	Desulfovibrio_vulgaris	Desulfovibrio vulgaris	TAC	TAC	0.036929898551325835	0.036929898551325835	0.036929898551325835	0.036929898551325835	original_relative	4	1
mock-18	Mock 8	Chloroflexus_aurantiacus	Chloroflexus aurantiacus	zOTU	UNOISE3	-0.019597431749148457	0.019597431749148457	-0.019597431749148457	0.019597431749148457	original_relative	5	1
mock-18	Mock 8	Chloroflexus_aurantiacus	Chloroflexus aurantiacus	TIC	TIC	-0.019597431749148457	0.019597431749148457	-0.019597431749148457	0.019597431749148457	original_relative	5	1
mock-18	Mock 8	Chloroflexus_aurantiacus	Chloroflexus aurantiacus	TAC	TAC	-0.019597431749148457	0.019597431749148457	-0.019597431749148457	0.019597431749148457	original_relative	5	1
mock-18	Mock 8	Treponema_bryantii	Treponema bryantii	zOTU	UNOISE3	-0.01889913669528985	0.01889913669528985	-0.01889913669528985	0.01889913669528985	original_relative	6	1
mock-18	Mock 8	Treponema_bryantii	Treponema bryantii	TIC	TIC	-0.01889913669528985	0.01889913669528985	-0.01889913669528985	0.01889913669528985	original_relative	6	1
mock-18	Mock 8	Treponema_bryantii	Treponema bryantii	TAC	TAC	-0.01889913669528985	0.01889913669528985	-0.01889913669528985	0.01889913669528985	original_relative	6	1
mock-18	Mock 8	Desulfitobacterium_hafniense	Desulfitobacterium hafniense	zOTU	UNOISE3	-0.013865881257576387	0.013865881257576387	-0.013865881257576387	0.013865881257576387	original_relative	7	1
mock-18	Mock 8	Desulfitobacterium_hafniense	Desulfitobacterium hafniense	TIC	TIC	-0.013865881257576387	0.013865881257576387	-0.013865881257576387	0.013865881257576387	original_relative	7	1
mock-18	Mock 8	Desulfitobacterium_hafniense	Desulfitobacterium hafniense	TAC	TAC	-0.013865881257576387	0.013865881257576387	-0.013865881257576387	0.013865881257576387	original_relative	7	1
mock-18	Mock 8	Gemmatimonas_aurantiaca	Gemmatimonas aurantiaca	zOTU	UNOISE3	-0.011653461284955091	0.011653461284955091	-0.011653461284955091	0.011653461284955091	original_relative	8	1
mock-18	Mock 8	Gemmatimonas_aurantiaca	Gemmatimonas aurantiaca	TIC	TIC	-0.011653461284955091	0.011653461284955091	-0.011653461284955091	0.011653461284955091	original_relative	8	1
mock-18	Mock 8	Gemmatimonas_aurantiaca	Gemmatimonas aurantiaca	TAC	TAC	-0.011653461284955091	0.011653461284955091	-0.011653461284955091	0.011653461284955091	original_relative	8	1
mock-18	Mock 8	Bacteroides_vulgatus	Bacteroides vulgatus	zOTU	UNOISE3	0.010581359439889013	0.010581359439889013	0.010581359439889013	0.010581359439889013	original_relative	9	1
mock-18	Mock 8	Bacteroides_vulgatus	Bacteroides vulgatus	TIC	TIC	0.010581359439889013	0.010581359439889013	0.010581359439889013	0.010581359439889013	original_relative	9	1
mock-18	Mock 8	Bacteroides_vulgatus	Bacteroides vulgatus	TAC	TAC	0.010581359439889013	0.010581359439889013	0.010581359439889013	0.010581359439889013	original_relative	9	1
mock-18	Mock 8	Anaerolinea_thermophila	Anaerolinea thermophila	zOTU	UNOISE3	0.009800098637057109	0.009800098637057109	0.009800098637057109	0.009800098637057109	original_relative	10	1
mock-18	Mock 8	Anaerolinea_thermophila	Anaerolinea thermophila	TIC	TIC	0.009800098637057109	0.009800098637057109	0.009800098637057109	0.009800098637057109	original_relative	10	1
mock-18	Mock 8	Anaerolinea_thermophila	Anaerolinea thermophila	TAC	TAC	0.009800098637057109	0.009800098637057109	0.009800098637057109	0.009800098637057109	original_relative	10	1
mock-18	Mock 8	Bacillus_subtilis	Bacillus subtilis	zOTU	UNOISE3	-0.008984729692980642	0.008984729692980642	-0.008984729692980642	0.008984729692980642	original_relative	11	1
mock-18	Mock 8	Bacillus_subtilis	Bacillus subtilis	TIC	TIC	-0.008984729692980642	0.008984729692980642	-0.008984729692980642	0.008984729692980642	original_relative	11	1
mock-18	Mock 8	Bacillus_subtilis	Bacillus subtilis	TAC	TAC	-0.008984729692980642	0.008984729692980642	-0.008984729692980642	0.008984729692980642	original_relative	11	1
mock-18	Mock 8	Deinococcus_grandis	Deinococcus grandis	zOTU	UNOISE3	-0.008922505381250653	0.008922505381250653	-0.008922505381250653	0.008922505381250653	original_relative	12	1
mock-18	Mock 8	Deinococcus_grandis	Deinococcus grandis	TIC	TIC	-0.008922505381250653	0.008922505381250653	-0.008922505381250653	0.008922505381250653	original_relative	12	1
mock-18	Mock 8	Deinococcus_grandis	Deinococcus grandis	TAC	TAC	-0.008922505381250653	0.008922505381250653	-0.008922505381250653	0.008922505381250653	original_relative	12	1
mock-18	Mock 8	Escherichia_coli	Escherichia coli	zOTU	UNOISE3	0.004753015574514768	0.004753015574514768	0.004753015574514768	0.004753015574514768	original_relative	13	1
mock-18	Mock 8	Escherichia_coli	Escherichia coli	TIC	TIC	0.004753015574514768	0.004753015574514768	0.004753015574514768	0.004753015574514768	original_relative	13	1
mock-18	Mock 8	Escherichia_coli	Escherichia coli	TAC	TAC	0.004753015574514768	0.004753015574514768	0.004753015574514768	0.004753015574514768	original_relative	13	1
mock-18	Mock 8	Clostridium_acetobutylicum	Clostridium acetobutylicum	zOTU	UNOISE3	0.002651216600524531	0.002651216600524531	0.002651216600524531	0.002651216600524531	original_relative	14	1
mock-18	Mock 8	Clostridium_acetobutylicum	Clostridium acetobutylicum	TIC	TIC	0.002651216600524531	0.002651216600524531	0.002651216600524531	0.002651216600524531	original_relative	14	1
mock-18	Mock 8	Clostridium_acetobutylicum	Clostridium acetobutylicum	TAC	TAC	0.002651216600524531	0.002651216600524531	0.002651216600524531	0.002651216600524531	original_relative	14	1
mock-18	Mock 8	Nitrobacter_winogradskyi	Nitrobacter winogradskyi	zOTU	UNOISE3	-0.0008195172315251381	0.0008195172315251381	-0.0008195172315251381	0.0008195172315251381	original_relative	15	1
mock-18	Mock 8	Nitrobacter_winogradskyi	Nitrobacter winogradskyi	TIC	TIC	-0.0008195172315251381	0.0008195172315251381	-0.0008195172315251381	0.0008195172315251381	original_relative	15	1
mock-18	Mock 8	Nitrobacter_winogradskyi	Nitrobacter winogradskyi	TAC	TAC	-0.0008195172315251381	0.0008195172315251381	-0.0008195172315251381	0.0008195172315251381	original_relative	15	1
mock-19	Mock 9	Microlunatus_phosphovorus	Microlunatus phosphovorus	zOTU	UNOISE3	-0.04893505814713184	0.04893505814713184	-0.04893505814713184	0.04893505814713184	original_relative	1	1
mock-19	Mock 9	Microlunatus_phosphovorus	Microlunatus phosphovorus	TIC	TIC	-0.04893505814713184	0.04893505814713184	-0.04893505814713184	0.04893505814713184	original_relative	1	1
mock-19	Mock 9	Microlunatus_phosphovorus	Microlunatus phosphovorus	TAC	TAC	-0.04893505814713184	0.04893505814713184	-0.04893505814713184	0.04893505814713184	original_relative	1	1
mock-19	Mock 9	Treponema_bryantii	Treponema bryantii	zOTU	UNOISE3	-0.03380373709656344	0.03380373709656344	-0.03380373709656344	0.03380373709656344	original_relative	2	1
mock-19	Mock 9	Treponema_bryantii	Treponema bryantii	TIC	TIC	-0.03380373709656343	0.03380373709656343	-0.03380373709656343	0.03380373709656343	original_relative	2	1
mock-19	Mock 9	Treponema_bryantii	Treponema bryantii	TAC	TAC	-0.03380373709656343	0.03380373709656343	-0.03380373709656343	0.03380373709656343	original_relative	2	1
mock-19	Mock 9	Nitrosomonas_europaea	Nitrosomonas europaea	zOTU	UNOISE3	0.0284202273618189	0.0284202273618189	0.0284202273618189	0.0284202273618189	original_relative	3	1
mock-19	Mock 9	Nitrosomonas_europaea	Nitrosomonas europaea	TIC	TIC	0.028420227361818914	0.028420227361818914	0.028420227361818914	0.028420227361818914	original_relative	3	1
mock-19	Mock 9	Nitrosomonas_europaea	Nitrosomonas europaea	TAC	TAC	0.028420227361818914	0.028420227361818914	0.028420227361818914	0.028420227361818914	original_relative	3	1
mock-19	Mock 9	Pseudomonas_putida	Pseudomonas putida	zOTU	UNOISE3	0.023350320135894415	0.023350320135894415	0.023350320135894415	0.023350320135894415	original_relative	4	1
mock-19	Mock 9	Pseudomonas_putida	Pseudomonas putida	TIC	TIC	0.02335032013589443	0.02335032013589443	0.02335032013589443	0.02335032013589443	original_relative	4	1
mock-19	Mock 9	Pseudomonas_putida	Pseudomonas putida	TAC	TAC	0.02335032013589443	0.02335032013589443	0.02335032013589443	0.02335032013589443	original_relative	4	1
mock-19	Mock 9	Desulfovibrio_vulgaris	Desulfovibrio vulgaris	zOTU	UNOISE3	0.015379589703384294	0.015379589703384294	0.015379589703384294	0.015379589703384294	original_relative	5	1
mock-19	Mock 9	Desulfovibrio_vulgaris	Desulfovibrio vulgaris	TIC	TIC	0.015379589703384308	0.015379589703384308	0.015379589703384308	0.015379589703384308	original_relative	5	1
mock-19	Mock 9	Desulfovibrio_vulgaris	Desulfovibrio vulgaris	TAC	TAC	0.015379589703384308	0.015379589703384308	0.015379589703384308	0.015379589703384308	original_relative	5	1
mock-19	Mock 9	Clostridium_acetobutylicum	Clostridium acetobutylicum	zOTU	UNOISE3	0.010753952698288258	0.010753952698288258	0.010753952698288258	0.010753952698288258	original_relative	6	1
mock-19	Mock 9	Clostridium_acetobutylicum	Clostridium acetobutylicum	TIC	TIC	0.010753952698288272	0.010753952698288272	0.010753952698288272	0.010753952698288272	original_relative	6	1
mock-19	Mock 9	Clostridium_acetobutylicum	Clostridium acetobutylicum	TAC	TAC	0.010753952698288272	0.010753952698288272	0.010753952698288272	0.010753952698288272	original_relative	6	1
mock-19	Mock 9	Deinococcus_grandis	Deinococcus grandis	zOTU	UNOISE3	0.010361949562263162	0.010361949562263162	0.010361949562263162	0.010361949562263162	original_relative	7	1
mock-19	Mock 9	Deinococcus_grandis	Deinococcus grandis	TIC	TIC	0.010361949562263176	0.010361949562263176	0.010361949562263176	0.010361949562263176	original_relative	7	1
mock-19	Mock 9	Deinococcus_grandis	Deinococcus grandis	TAC	TAC	0.010361949562263176	0.010361949562263176	0.010361949562263176	0.010361949562263176	original_relative	7	1
mock-19	Mock 9	Chloroflexus_aurantiacus	Chloroflexus aurantiacus	zOTU	UNOISE3	0.008676336077355282	0.008676336077355282	0.008676336077355282	0.008676336077355282	original_relative	8	1
mock-19	Mock 9	Chloroflexus_aurantiacus	Chloroflexus aurantiacus	TIC	TIC	0.008676336077355296	0.008676336077355296	0.008676336077355296	0.008676336077355296	original_relative	8	1
mock-19	Mock 9	Chloroflexus_aurantiacus	Chloroflexus aurantiacus	TAC	TAC	0.008676336077355296	0.008676336077355296	0.008676336077355296	0.008676336077355296	original_relative	8	1
mock-19	Mock 9	Gemmatimonas_aurantiaca	Gemmatimonas aurantiaca	zOTU	UNOISE3	-0.007722461779694233	0.007722461779694233	-0.007722461779694233	0.007722461779694233	original_relative	9	1
mock-19	Mock 9	Gemmatimonas_aurantiaca	Gemmatimonas aurantiaca	TIC	TIC	-0.007722461779694226	0.007722461779694226	-0.007722461779694226	0.007722461779694226	original_relative	9	1
mock-19	Mock 9	Gemmatimonas_aurantiaca	Gemmatimonas aurantiaca	TAC	TAC	-0.007722461779694226	0.007722461779694226	-0.007722461779694226	0.007722461779694226	original_relative	9	1
mock-19	Mock 9	Anaerolinea_thermophila	Anaerolinea thermophila	zOTU	UNOISE3	-0.007448059584476675	0.007448059584476675	-0.007448059584476675	0.007448059584476675	original_relative	10	1
mock-19	Mock 9	Anaerolinea_thermophila	Anaerolinea thermophila	TIC	TIC	-0.007448059584476668	0.007448059584476668	-0.007448059584476668	0.007448059584476668	original_relative	10	1
mock-19	Mock 9	Anaerolinea_thermophila	Anaerolinea thermophila	TAC	TAC	-0.007448059584476668	0.007448059584476668	-0.007448059584476668	0.007448059584476668	original_relative	10	1
mock-19	Mock 9	Bacteroides_vulgatus	Bacteroides vulgatus	zOTU	UNOISE3	0.0038285639618450273	0.0038285639618450273	0.0038285639618450273	0.0038285639618450273	original_relative	11	1
mock-19	Mock 9	Bacteroides_vulgatus	Bacteroides vulgatus	TIC	TIC	0.0038285639618450412	0.0038285639618450412	0.0038285639618450412	0.0038285639618450412	original_relative	11	1
mock-19	Mock 9	Bacteroides_vulgatus	Bacteroides vulgatus	TAC	TAC	0.0038285639618450412	0.0038285639618450412	0.0038285639618450412	0.0038285639618450412	original_relative	11	1
mock-19	Mock 9	Nitrobacter_winogradskyi	Nitrobacter winogradskyi	zOTU	UNOISE3	-0.0031098915457990345	0.0031098915457990345	-0.0031098915457990345	0.0031098915457990345	original_relative	12	1
mock-19	Mock 9	Nitrobacter_winogradskyi	Nitrobacter winogradskyi	TIC	TIC	-0.0031098915457990206	0.0031098915457990206	-0.0031098915457990206	0.0031098915457990206	original_relative	12	1
mock-19	Mock 9	Nitrobacter_winogradskyi	Nitrobacter winogradskyi	TAC	TAC	-0.0031098915457990206	0.0031098915457990206	-0.0031098915457990206	0.0031098915457990206	original_relative	12	1
mock-19	Mock 9	Desulfitobacterium_hafniense	Desulfitobacterium hafniense	zOTU	UNOISE3	-0.0029530902913890017	0.0029530902913890017	-0.0029530902913890017	0.0029530902913890017	original_relative	13	1
mock-19	Mock 9	Desulfitobacterium_hafniense	Desulfitobacterium hafniense	TIC	TIC	-0.002953090291388988	0.002953090291388988	-0.002953090291388988	0.002953090291388988	original_relative	13	1
mock-19	Mock 9	Desulfitobacterium_hafniense	Desulfitobacterium hafniense	TAC	TAC	-0.002953090291388988	0.002953090291388988	-0.002953090291388988	0.002953090291388988	original_relative	13	1
mock-19	Mock 9	Bacillus_subtilis	Bacillus subtilis	zOTU	UNOISE3	0.0023258852737488567	0.0023258852737488567	0.0023258852737488567	0.0023258852737488567	original_relative	14	1
mock-19	Mock 9	Bacillus_subtilis	Bacillus subtilis	TIC	TIC	0.0023258852737488706	0.0023258852737488706	0.0023258852737488706	0.0023258852737488706	original_relative	14	1
mock-19	Mock 9	Bacillus_subtilis	Bacillus subtilis	TAC	TAC	0.0023258852737488706	0.0023258852737488706	0.0023258852737488706	0.0023258852737488706	original_relative	14	1
mock-19	Mock 9	Escherichia_coli	Escherichia coli	zOTU	UNOISE3	0.0008754736704560256	0.0008754736704560256	0.0008754736704560256	0.0008754736704560256	original_relative	15	1
mock-19	Mock 9	Escherichia_coli	Escherichia coli	TIC	TIC	0.0008754736704560395	0.0008754736704560395	0.0008754736704560395	0.0008754736704560395	original_relative	15	1
mock-19	Mock 9	Escherichia_coli	Escherichia coli	TAC	TAC	0.0008754736704560395	0.0008754736704560395	0.0008754736704560395	0.0008754736704560395	original_relative	15	1
mock-20	Mock 10	Staphylococcus_aureus	Staphylococcus aureus	zOTU	UNOISE3	0.0830890722231915	0.0830890722231915	0.0830890722231915	0.0830890722231915	original_relative	1	1
mock-20	Mock 10	Staphylococcus_aureus	Staphylococcus aureus	TIC	TIC	0.0830890722231915	0.0830890722231915	0.0830890722231915	0.0830890722231915	original_relative	1	1
mock-20	Mock 10	Staphylococcus_aureus	Staphylococcus aureus	TAC	TAC	0.0830890722231915	0.0830890722231915	0.0830890722231915	0.0830890722231915	original_relative	1	1
mock-20	Mock 10	Acinetobacter_baumannii	Acinetobacter baumannii	zOTU	UNOISE3	0.050911409652467925	0.050911409652467925	0.050911409652467925	0.050911409652467925	original_relative	2	1
mock-20	Mock 10	Acinetobacter_baumannii	Acinetobacter baumannii	TIC	TIC	0.050911409652467925	0.050911409652467925	0.050911409652467925	0.050911409652467925	original_relative	2	1
mock-20	Mock 10	Acinetobacter_baumannii	Acinetobacter baumannii	TAC	TAC	0.050911409652467925	0.050911409652467925	0.050911409652467925	0.050911409652467925	original_relative	2	1
mock-20	Mock 10	Staphylococcus_epidermidis	Staphylococcus epidermidis	zOTU	UNOISE3	-0.049999999999999996	0.049999999999999996	-0.049999999999999996	0.049999999999999996	original_relative	3	1
mock-20	Mock 10	Staphylococcus_epidermidis	Staphylococcus epidermidis	TIC	TIC	-0.049999999999999996	0.049999999999999996	-0.049999999999999996	0.049999999999999996	original_relative	3	1
mock-20	Mock 10	Staphylococcus_epidermidis	Staphylococcus epidermidis	TAC	TAC	-0.049999999999999996	0.049999999999999996	-0.049999999999999996	0.049999999999999996	original_relative	3	1
mock-20	Mock 10	Propionibacterium_acnes	Propionibacterium acnes	zOTU	UNOISE3	-0.049999999999999996	0.049999999999999996	-0.049999999999999996	0.049999999999999996	original_relative	4	1
mock-20	Mock 10	Propionibacterium_acnes	Propionibacterium acnes	TIC	TIC	-0.049999999999999996	0.049999999999999996	-0.049999999999999996	0.049999999999999996	original_relative	4	1
mock-20	Mock 10	Propionibacterium_acnes	Propionibacterium acnes	TAC	TAC	-0.049999999999999996	0.049999999999999996	-0.049999999999999996	0.049999999999999996	original_relative	4	1
mock-20	Mock 10	Helicobacter_pylori	Helicobacter pylori	zOTU	UNOISE3	0.04952394008125419	0.04952394008125419	0.04952394008125419	0.04952394008125419	original_relative	5	1
mock-20	Mock 10	Helicobacter_pylori	Helicobacter pylori	TIC	TIC	0.04952394008125419	0.04952394008125419	0.04952394008125419	0.04952394008125419	original_relative	5	1
mock-20	Mock 10	Helicobacter_pylori	Helicobacter pylori	TAC	TAC	0.04952394008125419	0.04952394008125419	0.04952394008125419	0.04952394008125419	original_relative	5	1
mock-20	Mock 10	Deinococcus_radiodurans	Deinococcus radiodurans	zOTU	UNOISE3	-0.044117793674135736	0.044117793674135736	-0.044117793674135736	0.044117793674135736	original_relative	6	1
mock-20	Mock 10	Deinococcus_radiodurans	Deinococcus radiodurans	TIC	TIC	-0.044117793674135736	0.044117793674135736	-0.044117793674135736	0.044117793674135736	original_relative	6	1
mock-20	Mock 10	Deinococcus_radiodurans	Deinococcus radiodurans	TAC	TAC	-0.044117793674135736	0.044117793674135736	-0.044117793674135736	0.044117793674135736	original_relative	6	1
mock-20	Mock 10	Pseudomonas_aeruginosa	Pseudomonas aeruginosa	zOTU	UNOISE3	-0.04383531483927785	0.04383531483927785	-0.04383531483927785	0.04383531483927785	original_relative	7	1
mock-20	Mock 10	Pseudomonas_aeruginosa	Pseudomonas aeruginosa	TIC	TIC	-0.04383531483927785	0.04383531483927785	-0.04383531483927785	0.04383531483927785	original_relative	7	1
mock-20	Mock 10	Pseudomonas_aeruginosa	Pseudomonas aeruginosa	TAC	TAC	-0.04383531483927785	0.04383531483927785	-0.04383531483927785	0.04383531483927785	original_relative	7	1
mock-20	Mock 10	Actinomyces_odontolyticus	Actinomyces odontolyticus	zOTU	UNOISE3	-0.03890024343029004	0.03890024343029004	-0.03890024343029004	0.03890024343029004	original_relative	8	1
mock-20	Mock 10	Actinomyces_odontolyticus	Actinomyces odontolyticus	TIC	TIC	-0.03890024343029004	0.03890024343029004	-0.03890024343029004	0.03890024343029004	original_relative	8	1
mock-20	Mock 10	Actinomyces_odontolyticus	Actinomyces odontolyticus	TAC	TAC	-0.03890024343029004	0.03890024343029004	-0.03890024343029004	0.03890024343029004	original_relative	8	1
mock-20	Mock 10	Streptococcus_pneumoniae	Streptococcus pneumoniae	zOTU	UNOISE3	-0.030135091348670272	0.030135091348670272	-0.030135091348670272	0.030135091348670272	original_relative	9	1
mock-20	Mock 10	Streptococcus_pneumoniae	Streptococcus pneumoniae	TIC	TIC	-0.02562373819196929	0.02562373819196929	-0.02562373819196929	0.02562373819196929	original_relative	9	1
mock-20	Mock 10	Streptococcus_pneumoniae	Streptococcus pneumoniae	TAC	TAC	-0.030135091348670272	0.030135091348670272	-0.030135091348670272	0.030135091348670272	original_relative	9	1
mock-20	Mock 10	Rhodobacter_sphaeroides	Rhodobacter sphaeroides	zOTU	UNOISE3	-0.029503668070752637	0.029503668070752637	-0.029503668070752637	0.029503668070752637	original_relative	10	1
mock-20	Mock 10	Rhodobacter_sphaeroides	Rhodobacter sphaeroides	TIC	TIC	-0.029503668070752637	0.029503668070752637	-0.029503668070752637	0.029503668070752637	original_relative	10	1
mock-20	Mock 10	Rhodobacter_sphaeroides	Rhodobacter sphaeroides	TAC	TAC	-0.029503668070752637	0.029503668070752637	-0.029503668070752637	0.029503668070752637	original_relative	10	1
mock-20	Mock 10	Bacillus_cereus	Bacillus cereus	zOTU	UNOISE3	0.029501175610445067	0.029501175610445067	0.029501175610445067	0.029501175610445067	original_relative	11	1
mock-20	Mock 10	Bacillus_cereus	Bacillus cereus	TIC	TIC	0.029501175610445067	0.029501175610445067	0.029501175610445067	0.029501175610445067	original_relative	11	1
mock-20	Mock 10	Bacillus_cereus	Bacillus cereus	TAC	TAC	0.029501175610445067	0.029501175610445067	0.029501175610445067	0.029501175610445067	original_relative	11	1
mock-20	Mock 10	Listeria_monocytogenes	Listeria monocytogenes	zOTU	UNOISE3	0.025139370072198262	0.025139370072198262	0.025139370072198262	0.025139370072198262	original_relative	12	1
mock-20	Mock 10	Listeria_monocytogenes	Listeria monocytogenes	TIC	TIC	0.025139370072198262	0.025139370072198262	0.025139370072198262	0.025139370072198262	original_relative	12	1
mock-20	Mock 10	Listeria_monocytogenes	Listeria monocytogenes	TAC	TAC	0.025139370072198262	0.025139370072198262	0.025139370072198262	0.025139370072198262	original_relative	12	1
mock-20	Mock 10	Escherichia_coli	Escherichia coli	zOTU	UNOISE3	-0.017730947217998887	0.017730947217998887	-0.017730947217998887	0.017730947217998887	original_relative	13	1
mock-20	Mock 10	Escherichia_coli	Escherichia coli	TIC	TIC	-0.017730947217998887	0.017730947217998887	-0.017730947217998887	0.017730947217998887	original_relative	13	1
mock-20	Mock 10	Escherichia_coli	Escherichia coli	TAC	TAC	-0.017730947217998887	0.017730947217998887	-0.017730947217998887	0.017730947217998887	original_relative	13	1
mock-20	Mock 10	Streptococcus_agalactiae	Streptococcus agalactiae	zOTU	UNOISE3	0.01701394946952136	0.01701394946952136	0.01701394946952136	0.01701394946952136	original_relative	14	1
mock-20	Mock 10	Streptococcus_agalactiae	Streptococcus agalactiae	TIC	TIC	0.01701394946952136	0.01701394946952136	0.01701394946952136	0.01701394946952136	original_relative	14	1
mock-20	Mock 10	Streptococcus_agalactiae	Streptococcus agalactiae	TAC	TAC	0.01701394946952136	0.01701394946952136	0.01701394946952136	0.01701394946952136	original_relative	14	1
mock-20	Mock 10	Bacteroides_vulgatus	Bacteroides vulgatus	zOTU	UNOISE3	0.014496564558876067	0.014496564558876067	0.014496564558876067	0.014496564558876067	original_relative	15	1
mock-20	Mock 10	Bacteroides_vulgatus	Bacteroides vulgatus	TIC	TIC	0.014496564558876053	0.014496564558876053	0.014496564558876053	0.014496564558876053	original_relative	15	1
mock-20	Mock 10	Bacteroides_vulgatus	Bacteroides vulgatus	TAC	TAC	0.014496564558876053	0.014496564558876053	0.014496564558876053	0.014496564558876053	original_relative	15	1
mock-21	Mock 11	Staphylococcus_aureus	Staphylococcus aureus	zOTU	UNOISE3	0.36371176162183005	0.36371176162183005	0.36371176162183005	0.36371176162183005	original_relative	1	1
mock-21	Mock 11	Staphylococcus_aureus	Staphylococcus aureus	TIC	TIC	0.36918950778543735	0.36918950778543735	0.36918950778543735	0.36918950778543735	original_relative	1	1
mock-21	Mock 11	Staphylococcus_aureus	Staphylococcus aureus	TAC	TAC	0.3785450253339292	0.3785450253339292	0.3785450253339292	0.3785450253339292	original_relative	1	1
mock-21	Mock 11	Staphylococcus_epidermidis	Staphylococcus epidermidis	zOTU	UNOISE3	-0.2190580503780942	0.2190580503780942	-0.2190580503780942	0.2190580503780942	original_relative	2	1
mock-21	Mock 11	Staphylococcus_epidermidis	Staphylococcus epidermidis	TIC	TIC	-0.2190580503780942	0.2190580503780942	-0.2190580503780942	0.2190580503780942	original_relative	2	1
mock-21	Mock 11	Staphylococcus_epidermidis	Staphylococcus epidermidis	TAC	TAC	-0.2190580503780942	0.2190580503780942	-0.2190580503780942	0.2190580503780942	original_relative	2	1
mock-21	Mock 11	Rhodobacter_sphaeroides	Rhodobacter sphaeroides	zOTU	UNOISE3	-0.09822448716332714	0.09822448716332714	-0.09822448716332714	0.09822448716332714	original_relative	3	1
mock-21	Mock 11	Rhodobacter_sphaeroides	Rhodobacter sphaeroides	TIC	TIC	-0.09822448716332714	0.09822448716332714	-0.09822448716332714	0.09822448716332714	original_relative	3	1
mock-21	Mock 11	Rhodobacter_sphaeroides	Rhodobacter sphaeroides	TAC	TAC	-0.09822448716332714	0.09822448716332714	-0.09822448716332714	0.09822448716332714	original_relative	3	1
mock-21	Mock 11	Escherichia_coli	Escherichia coli	zOTU	UNOISE3	-0.05831181583597861	0.05831181583597861	-0.05831181583597861	0.05831181583597861	original_relative	4	1
mock-21	Mock 11	Escherichia_coli	Escherichia coli	TIC	TIC	-0.05831181583597861	0.05831181583597861	-0.05831181583597861	0.05831181583597861	original_relative	4	1
mock-21	Mock 11	Escherichia_coli	Escherichia coli	TAC	TAC	-0.05831181583597861	0.05831181583597861	-0.05831181583597861	0.05831181583597861	original_relative	4	1
mock-21	Mock 11	Streptococcus_mutans	Streptococcus mutans	zOTU	UNOISE3	-0.03700771816658224	0.03700771816658224	-0.03700771816658224	0.03700771816658224	original_relative	5	1
mock-21	Mock 11	Streptococcus_mutans	Streptococcus mutans	TIC	TIC	-0.03700771816658224	0.03700771816658224	-0.03700771816658224	0.03700771816658224	original_relative	5	1
mock-21	Mock 11	Streptococcus_mutans	Streptococcus mutans	TAC	TAC	-0.03700771816658224	0.03700771816658224	-0.03700771816658224	0.03700771816658224	original_relative	5	1
mock-21	Mock 11	Pseudomonas_aeruginosa	Pseudomonas aeruginosa	zOTU	UNOISE3	-0.0193048607762405	0.0193048607762405	-0.0193048607762405	0.0193048607762405	original_relative	6	1
mock-21	Mock 11	Pseudomonas_aeruginosa	Pseudomonas aeruginosa	TIC	TIC	-0.0193048607762405	0.0193048607762405	-0.0193048607762405	0.0193048607762405	original_relative	6	1
mock-21	Mock 11	Pseudomonas_aeruginosa	Pseudomonas aeruginosa	TAC	TAC	-0.0193048607762405	0.0193048607762405	-0.0193048607762405	0.0193048607762405	original_relative	6	1
mock-21	Mock 11	Bacillus_cereus	Bacillus cereus	zOTU	UNOISE3	0.00963655492558095	0.00963655492558095	0.00963655492558095	0.00963655492558095	original_relative	7	1
mock-21	Mock 11	Bacillus_cereus	Bacillus cereus	TIC	TIC	0.00963655492558095	0.00963655492558095	0.00963655492558095	0.00963655492558095	original_relative	7	1
mock-21	Mock 11	Bacillus_cereus	Bacillus cereus	TAC	TAC	0.00963655492558095	0.00963655492558095	0.00963655492558095	0.00963655492558095	original_relative	7	1
mock-21	Mock 11	Streptococcus_agalactiae	Streptococcus agalactiae	zOTU	UNOISE3	0.005766665189852645	0.005766665189852645	0.005766665189852645	0.005766665189852645	original_relative	8	1
mock-21	Mock 11	Streptococcus_agalactiae	Streptococcus agalactiae	TIC	TIC	0.005766665189852645	0.005766665189852645	0.005766665189852645	0.005766665189852645	original_relative	8	1
mock-21	Mock 11	Streptococcus_agalactiae	Streptococcus agalactiae	TAC	TAC	0.005766665189852645	0.005766665189852645	0.005766665189852645	0.005766665189852645	original_relative	8	1
mock-21	Mock 11	Clostridium_beijerinckii	Clostridium beijerinckii	zOTU	UNOISE3	-0.0031947699008257266	0.0031947699008257266	-0.0031947699008257266	0.0031947699008257266	original_relative	9	1
mock-21	Mock 11	Clostridium_beijerinckii	Clostridium beijerinckii	TIC	TIC	-0.0031947699008257266	0.0031947699008257266	-0.0031947699008257266	0.0031947699008257266	original_relative	9	1
mock-21	Mock 11	Clostridium_beijerinckii	Clostridium beijerinckii	TAC	TAC	-0.0031947699008257266	0.0031947699008257266	-0.0031947699008257266	0.0031947699008257266	original_relative	9	1
mock-21	Mock 11	Propionibacterium_acnes	Propionibacterium acnes	zOTU	UNOISE3	-0.002190580499780941	0.002190580499780941	-0.002190580499780941	0.002190580499780941	original_relative	10	1
mock-21	Mock 11	Propionibacterium_acnes	Propionibacterium acnes	TIC	TIC	-0.002190580499780941	0.002190580499780941	-0.002190580499780941	0.002190580499780941	original_relative	10	1
mock-21	Mock 11	Propionibacterium_acnes	Propionibacterium acnes	TAC	TAC	-0.002190580499780941	0.002190580499780941	-0.002190580499780941	0.002190580499780941	original_relative	10	1
mock-21	Mock 11	Neisseria_meningitidis	Neisseria meningitidis	zOTU	UNOISE3	-0.001071386319590678	0.001071386319590678	-0.001071386319590678	0.001071386319590678	original_relative	11	1
mock-21	Mock 11	Neisseria_meningitidis	Neisseria meningitidis	TIC	TIC	-0.001071386319590678	0.001071386319590678	-0.001071386319590678	0.001071386319590678	original_relative	11	1
mock-21	Mock 11	Neisseria_meningitidis	Neisseria meningitidis	TAC	TAC	-0.001071386319590678	0.001071386319590678	-0.001071386319590678	0.001071386319590678	original_relative	11	1
mock-21	Mock 11	Acinetobacter_baumannii	Acinetobacter baumannii	zOTU	UNOISE3	0.0008280911270702614	0.0008280911270702614	0.0008280911270702614	0.0008280911270702614	original_relative	12	1
mock-21	Mock 11	Acinetobacter_baumannii	Acinetobacter baumannii	TIC	TIC	0.0008280911270702614	0.0008280911270702614	0.0008280911270702614	0.0008280911270702614	original_relative	12	1
mock-21	Mock 11	Acinetobacter_baumannii	Acinetobacter baumannii	TAC	TAC	0.0008280911270702614	0.0008280911270702614	0.0008280911270702614	0.0008280911270702614	original_relative	12	1
mock-21	Mock 11	Helicobacter_pylori	Helicobacter pylori	zOTU	UNOISE3	0.0008202094779139919	0.0008202094779139919	0.0008202094779139919	0.0008202094779139919	original_relative	13	1
mock-21	Mock 11	Helicobacter_pylori	Helicobacter pylori	TIC	TIC	0.0008202094779139919	0.0008202094779139919	0.0008202094779139919	0.0008202094779139919	original_relative	13	1
mock-21	Mock 11	Helicobacter_pylori	Helicobacter pylori	TAC	TAC	0.0008202094779139919	0.0008202094779139919	0.0008202094779139919	0.0008202094779139919	original_relative	13	1
mock-21	Mock 11	Lactobacillus_gasseri	Lactobacillus gasseri	zOTU	UNOISE3	-0.0005827240719019715	0.0005827240719019715	-0.0005827240719019715	0.0005827240719019715	original_relative	14	1
mock-21	Mock 11	Lactobacillus_gasseri	Lactobacillus gasseri	TIC	TIC	-0.0004172094396203132	0.0004172094396203132	-0.0004172094396203132	0.0004172094396203132	original_relative	14	1
mock-21	Mock 11	Lactobacillus_gasseri	Lactobacillus gasseri	TAC	TAC	-0.0004172094396203132	0.0004172094396203132	-0.0004172094396203132	0.0004172094396203132	original_relative	14	1
mock-21	Mock 11	Listeria_monocytogenes	Listeria monocytogenes	zOTU	UNOISE3	0.0001896775454124349	0.0001896775454124349	0.0001896775454124349	0.0001896775454124349	original_relative	15	1
mock-21	Mock 11	Listeria_monocytogenes	Listeria monocytogenes	TIC	TIC	0.00036307382685036313	0.00036307382685036313	0.00036307382685036313	0.00036307382685036313	original_relative	15	1
mock-21	Mock 11	Listeria_monocytogenes	Listeria monocytogenes	TAC	TAC	0.00036307382685036313	0.00036307382685036313	0.00036307382685036313	0.00036307382685036313	original_relative	15	1
mock-22	Mock 12	Staphylococcus_aureus	Staphylococcus aureus	zOTU	UNOISE3	0.06391418622856518	0.06391418622856518	0.06391418622856518	0.06391418622856518	original_relative	1	1
mock-22	Mock 12	Staphylococcus_aureus	Staphylococcus aureus	TIC	TIC	0.06391418622856512	0.06391418622856512	0.06391418622856512	0.06391418622856512	original_relative	1	1
mock-22	Mock 12	Staphylococcus_aureus	Staphylococcus aureus	TAC	TAC	0.06391418622856512	0.06391418622856512	0.06391418622856512	0.06391418622856512	original_relative	1	1
mock-22	Mock 12	Staphylococcus_epidermidis	Staphylococcus epidermidis	zOTU	UNOISE3	-0.049999999999999996	0.049999999999999996	-0.049999999999999996	0.049999999999999996	original_relative	2	1
mock-22	Mock 12	Staphylococcus_epidermidis	Staphylococcus epidermidis	TIC	TIC	-0.049999999999999996	0.049999999999999996	-0.049999999999999996	0.049999999999999996	original_relative	2	1
mock-22	Mock 12	Staphylococcus_epidermidis	Staphylococcus epidermidis	TAC	TAC	-0.049999999999999996	0.049999999999999996	-0.049999999999999996	0.049999999999999996	original_relative	2	1
mock-22	Mock 12	Actinomyces_odontolyticus	Actinomyces odontolyticus	zOTU	UNOISE3	-0.03408481486598018	0.03408481486598018	-0.03408481486598018	0.03408481486598018	original_relative	3	1
mock-22	Mock 12	Actinomyces_odontolyticus	Actinomyces odontolyticus	TIC	TIC	-0.03408481486598019	0.03408481486598019	-0.03408481486598019	0.03408481486598019	original_relative	3	1
mock-22	Mock 12	Actinomyces_odontolyticus	Actinomyces odontolyticus	TAC	TAC	-0.03408481486598019	0.03408481486598019	-0.03408481486598019	0.03408481486598019	original_relative	3	1
mock-22	Mock 12	Streptococcus_pneumoniae	Streptococcus pneumoniae	zOTU	UNOISE3	-0.030592187992589674	0.030592187992589674	-0.030592187992589674	0.030592187992589674	original_relative	4	1
mock-22	Mock 12	Streptococcus_pneumoniae	Streptococcus pneumoniae	TIC	TIC	-0.030592187992589684	0.030592187992589684	-0.030592187992589684	0.030592187992589684	original_relative	4	1
mock-22	Mock 12	Streptococcus_pneumoniae	Streptococcus pneumoniae	TAC	TAC	-0.030592187992589684	0.030592187992589684	-0.030592187992589684	0.030592187992589684	original_relative	4	1
mock-22	Mock 12	Lactobacillus_gasseri	Lactobacillus gasseri	zOTU	UNOISE3	0.024521180692078558	0.024521180692078558	0.024521180692078558	0.024521180692078558	original_relative	5	1
mock-22	Mock 12	Lactobacillus_gasseri	Lactobacillus gasseri	TIC	TIC	0.024521180692078516	0.024521180692078516	0.024521180692078516	0.024521180692078516	original_relative	5	1
mock-22	Mock 12	Lactobacillus_gasseri	Lactobacillus gasseri	TAC	TAC	0.024521180692078516	0.024521180692078516	0.024521180692078516	0.024521180692078516	original_relative	5	1
mock-22	Mock 12	Propionibacterium_acnes	Propionibacterium acnes	zOTU	UNOISE3	-0.023206663620359242	0.023206663620359242	-0.023206663620359242	0.023206663620359242	original_relative	6	1
mock-22	Mock 12	Propionibacterium_acnes	Propionibacterium acnes	TIC	TIC	-0.023206663620359256	0.023206663620359256	-0.023206663620359256	0.023206663620359256	original_relative	6	1
mock-22	Mock 12	Propionibacterium_acnes	Propionibacterium acnes	TAC	TAC	-0.023206663620359256	0.023206663620359256	-0.023206663620359256	0.023206663620359256	original_relative	6	1
mock-22	Mock 12	Clostridium_beijerinckii	Clostridium beijerinckii	zOTU	UNOISE3	0.02221873904126332	0.02221873904126332	0.02221873904126332	0.02221873904126332	original_relative	7	1
mock-22	Mock 12	Clostridium_beijerinckii	Clostridium beijerinckii	TIC	TIC	0.02221873904126328	0.02221873904126328	0.02221873904126328	0.02221873904126328	original_relative	7	1
mock-22	Mock 12	Clostridium_beijerinckii	Clostridium beijerinckii	TAC	TAC	0.02221873904126328	0.02221873904126328	0.02221873904126328	0.02221873904126328	original_relative	7	1
mock-22	Mock 12	Rhodobacter_sphaeroides	Rhodobacter sphaeroides	zOTU	UNOISE3	-0.021846451937416085	0.021846451937416085	-0.021846451937416085	0.021846451937416085	original_relative	8	1
mock-22	Mock 12	Rhodobacter_sphaeroides	Rhodobacter sphaeroides	TIC	TIC	-0.0218464519374161	0.0218464519374161	-0.0218464519374161	0.0218464519374161	original_relative	8	1
mock-22	Mock 12	Rhodobacter_sphaeroides	Rhodobacter sphaeroides	TAC	TAC	-0.0218464519374161	0.0218464519374161	-0.0218464519374161	0.0218464519374161	original_relative	8	1
mock-22	Mock 12	Streptococcus_agalactiae	Streptococcus agalactiae	zOTU	UNOISE3	0.021350895649802186	0.021350895649802186	0.021350895649802186	0.021350895649802186	original_relative	9	1
mock-22	Mock 12	Streptococcus_agalactiae	Streptococcus agalactiae	TIC	TIC	0.021350895649802144	0.021350895649802144	0.021350895649802144	0.021350895649802144	original_relative	9	1
mock-22	Mock 12	Streptococcus_agalactiae	Streptococcus agalactiae	TAC	TAC	0.021350895649802144	0.021350895649802144	0.021350895649802144	0.021350895649802144	original_relative	9	1
mock-22	Mock 12	Acinetobacter_baumannii	Acinetobacter baumannii	zOTU	UNOISE3	0.015470813895412487	0.015470813895412487	0.015470813895412487	0.015470813895412487	original_relative	10	1
mock-22	Mock 12	Acinetobacter_baumannii	Acinetobacter baumannii	TIC	TIC	0.015470813895412446	0.015470813895412446	0.015470813895412446	0.015470813895412446	original_relative	10	1
mock-22	Mock 12	Acinetobacter_baumannii	Acinetobacter baumannii	TAC	TAC	0.015470813895412446	0.015470813895412446	0.015470813895412446	0.015470813895412446	original_relative	10	1
mock-22	Mock 12	Helicobacter_pylori	Helicobacter pylori	zOTU	UNOISE3	0.01462776602942168	0.01462776602942168	0.01462776602942168	0.01462776602942168	original_relative	11	1
mock-22	Mock 12	Helicobacter_pylori	Helicobacter pylori	TIC	TIC	0.014627766029421639	0.014627766029421639	0.014627766029421639	0.014627766029421639	original_relative	11	1
mock-22	Mock 12	Helicobacter_pylori	Helicobacter pylori	TAC	TAC	0.014627766029421639	0.014627766029421639	0.014627766029421639	0.014627766029421639	original_relative	11	1
mock-22	Mock 12	Deinococcus_radiodurans	Deinococcus radiodurans	zOTU	UNOISE3	-0.011850312954953597	0.011850312954953597	-0.011850312954953597	0.011850312954953597	original_relative	12	1
mock-22	Mock 12	Deinococcus_radiodurans	Deinococcus radiodurans	TIC	TIC	-0.011850312954953618	0.011850312954953618	-0.011850312954953618	0.011850312954953618	original_relative	12	1
mock-22	Mock 12	Deinococcus_radiodurans	Deinococcus radiodurans	TAC	TAC	-0.011850312954953618	0.011850312954953618	-0.011850312954953618	0.011850312954953618	original_relative	12	1
mock-22	Mock 12	Bacteroides_vulgatus	Bacteroides vulgatus	zOTU	UNOISE3	0.010950943823965956	0.010950943823965956	0.010950943823965956	0.010950943823965956	original_relative	13	1
mock-22	Mock 12	Bacteroides_vulgatus	Bacteroides vulgatus	TIC	TIC	0.010950943823965921	0.010950943823965921	0.010950943823965921	0.010950943823965921	original_relative	13	1
mock-22	Mock 12	Bacteroides_vulgatus	Bacteroides vulgatus	TAC	TAC	0.010950943823965921	0.010950943823965921	0.010950943823965921	0.010950943823965921	original_relative	13	1
mock-22	Mock 12	Enterococcus_faecalis	Enterococcus faecalis	zOTU	UNOISE3	-0.009895008660722814	0.009895008660722814	-0.009895008660722814	0.009895008660722814	original_relative	14	1
mock-22	Mock 12	Enterococcus_faecalis	Enterococcus faecalis	TIC	TIC	-0.009895008660722834	0.009895008660722834	-0.009895008660722834	0.009895008660722834	original_relative	14	1
mock-22	Mock 12	Enterococcus_faecalis	Enterococcus faecalis	TAC	TAC	-0.009895008660722834	0.009895008660722834	-0.009895008660722834	0.009895008660722834	original_relative	14	1
mock-22	Mock 12	Listeria_monocytogenes	Listeria monocytogenes	zOTU	UNOISE3	0.007752321038294929	0.007752321038294929	0.007752321038294929	0.007752321038294929	original_relative	15	1
mock-22	Mock 12	Listeria_monocytogenes	Listeria monocytogenes	TIC	TIC	0.0077523210382949015	0.0077523210382949015	0.0077523210382949015	0.0077523210382949015	original_relative	15	1
mock-22	Mock 12	Listeria_monocytogenes	Listeria monocytogenes	TAC	TAC	0.0077523210382949015	0.0077523210382949015	0.0077523210382949015	0.0077523210382949015	original_relative	15	1
mock-23	Mock 13	Staphylococcus_aureus	Staphylococcus aureus	zOTU	UNOISE3	0.28482909991324606	0.28482909991324606	0.28482909991324606	0.28482909991324606	original_relative	1	1
mock-23	Mock 13	Staphylococcus_aureus	Staphylococcus aureus	TIC	TIC	0.284829099913246	0.284829099913246	0.284829099913246	0.284829099913246	original_relative	1	1
mock-23	Mock 13	Staphylococcus_aureus	Staphylococcus aureus	TAC	TAC	0.284829099913246	0.284829099913246	0.284829099913246	0.284829099913246	original_relative	1	1
mock-23	Mock 13	Staphylococcus_epidermidis	Staphylococcus epidermidis	zOTU	UNOISE3	-0.2190580503780942	0.2190580503780942	-0.2190580503780942	0.2190580503780942	original_relative	2	1
mock-23	Mock 13	Staphylococcus_epidermidis	Staphylococcus epidermidis	TIC	TIC	-0.2190580503780942	0.2190580503780942	-0.2190580503780942	0.2190580503780942	original_relative	2	1
mock-23	Mock 13	Staphylococcus_epidermidis	Staphylococcus epidermidis	TAC	TAC	-0.2190580503780942	0.2190580503780942	-0.2190580503780942	0.2190580503780942	original_relative	2	1
mock-23	Mock 13	Rhodobacter_sphaeroides	Rhodobacter sphaeroides	zOTU	UNOISE3	-0.08332588798505988	0.08332588798505988	-0.08332588798505988	0.08332588798505988	original_relative	3	1
mock-23	Mock 13	Rhodobacter_sphaeroides	Rhodobacter sphaeroides	TIC	TIC	-0.08332588798505991	0.08332588798505991	-0.08332588798505991	0.08332588798505991	original_relative	3	1
mock-23	Mock 13	Rhodobacter_sphaeroides	Rhodobacter sphaeroides	TAC	TAC	-0.08332588798505991	0.08332588798505991	-0.08332588798505991	0.08332588798505991	original_relative	3	1
mock-23	Mock 13	Escherichia_coli	Escherichia coli	zOTU	UNOISE3	-0.01393119018656755	0.01393119018656755	-0.01393119018656755	0.01393119018656755	original_relative	4	1
mock-23	Mock 13	Escherichia_coli	Escherichia coli	TIC	TIC	-0.013931190186567577	0.013931190186567577	-0.013931190186567577	0.013931190186567577	original_relative	4	1
mock-23	Mock 13	Escherichia_coli	Escherichia coli	TAC	TAC	-0.013931190186567577	0.013931190186567577	-0.013931190186567577	0.013931190186567577	original_relative	4	1
mock-23	Mock 13	Bacillus_cereus	Bacillus cereus	zOTU	UNOISE3	0.00980924288385767	0.00980924288385767	0.00980924288385767	0.00980924288385767	original_relative	5	1
mock-23	Mock 13	Bacillus_cereus	Bacillus cereus	TIC	TIC	0.009809242883857663	0.009809242883857663	0.009809242883857663	0.009809242883857663	original_relative	5	1
mock-23	Mock 13	Bacillus_cereus	Bacillus cereus	TAC	TAC	0.009809242883857663	0.009809242883857663	0.009809242883857663	0.009809242883857663	original_relative	5	1
mock-23	Mock 13	Streptococcus_agalactiae	Streptococcus agalactiae	zOTU	UNOISE3	0.009352156546992535	0.009352156546992535	0.009352156546992535	0.009352156546992535	original_relative	6	1
mock-23	Mock 13	Streptococcus_agalactiae	Streptococcus agalactiae	TIC	TIC	0.009352156546992528	0.009352156546992528	0.009352156546992528	0.009352156546992528	original_relative	6	1
mock-23	Mock 13	Streptococcus_agalactiae	Streptococcus agalactiae	TAC	TAC	0.009352156546992528	0.009352156546992528	0.009352156546992528	0.009352156546992528	original_relative	6	1
mock-23	Mock 13	Clostridium_beijerinckii	Clostridium beijerinckii	zOTU	UNOISE3	0.007152896876993883	0.007152896876993883	0.007152896876993883	0.007152896876993883	original_relative	7	1
mock-23	Mock 13	Clostridium_beijerinckii	Clostridium beijerinckii	TIC	TIC	0.007152896876993876	0.007152896876993876	0.007152896876993876	0.007152896876993876	original_relative	7	1
mock-23	Mock 13	Clostridium_beijerinckii	Clostridium beijerinckii	TAC	TAC	0.007152896876993876	0.007152896876993876	0.007152896876993876	0.007152896876993876	original_relative	7	1
mock-23	Mock 13	Lactobacillus_gasseri	Lactobacillus gasseri	zOTU	UNOISE3	0.0020206083742880265	0.0020206083742880265	0.0020206083742880265	0.0020206083742880265	original_relative	8	1
mock-23	Mock 13	Lactobacillus_gasseri	Lactobacillus gasseri	TIC	TIC	0.0020206083742880256	0.0020206083742880256	0.0020206083742880256	0.0020206083742880256	original_relative	8	1
mock-23	Mock 13	Lactobacillus_gasseri	Lactobacillus gasseri	TAC	TAC	0.0020206083742880256	0.0020206083742880256	0.0020206083742880256	0.0020206083742880256	original_relative	8	1
mock-23	Mock 13	Acinetobacter_baumannii	Acinetobacter baumannii	zOTU	UNOISE3	0.0012263271987518862	0.0012263271987518862	0.0012263271987518862	0.0012263271987518862	original_relative	9	1
mock-23	Mock 13	Acinetobacter_baumannii	Acinetobacter baumannii	TIC	TIC	0.0012263271987518858	0.0012263271987518858	0.0012263271987518858	0.0012263271987518858	original_relative	9	1
mock-23	Mock 13	Acinetobacter_baumannii	Acinetobacter baumannii	TAC	TAC	0.0012263271987518858	0.0012263271987518858	0.0012263271987518858	0.0012263271987518858	original_relative	9	1
mock-23	Mock 13	Helicobacter_pylori	Helicobacter pylori	zOTU	UNOISE3	0.001162634840336253	0.001162634840336253	0.001162634840336253	0.001162634840336253	original_relative	10	1
mock-23	Mock 13	Helicobacter_pylori	Helicobacter pylori	TIC	TIC	0.001162634840336252	0.001162634840336252	0.001162634840336252	0.001162634840336252	original_relative	10	1
mock-23	Mock 13	Helicobacter_pylori	Helicobacter pylori	TAC	TAC	0.001162634840336252	0.001162634840336252	0.001162634840336252	0.001162634840336252	original_relative	10	1
mock-23	Mock 13	Propionibacterium_acnes	Propionibacterium acnes	zOTU	UNOISE3	-0.000781855395999863	0.000781855395999863	-0.000781855395999863	0.000781855395999863	original_relative	11	1
mock-23	Mock 13	Propionibacterium_acnes	Propionibacterium acnes	TIC	TIC	-0.0007818553959998635	0.0007818553959998635	-0.0007818553959998635	0.0007818553959998635	original_relative	11	1
mock-23	Mock 13	Propionibacterium_acnes	Propionibacterium acnes	TAC	TAC	-0.0007818553959998635	0.0007818553959998635	-0.0007818553959998635	0.0007818553959998635	original_relative	11	1
mock-23	Mock 13	Neisseria_meningitidis	Neisseria meningitidis	zOTU	UNOISE3	0.0005968968332326816	0.0005968968332326816	0.0005968968332326816	0.0005968968332326816	original_relative	12	1
mock-23	Mock 13	Neisseria_meningitidis	Neisseria meningitidis	TIC	TIC	0.0005968968332326812	0.0005968968332326812	0.0005968968332326812	0.0005968968332326812	original_relative	12	1
mock-23	Mock 13	Neisseria_meningitidis	Neisseria meningitidis	TAC	TAC	0.0005968968332326812	0.0005968968332326812	0.0005968968332326812	0.0005968968332326812	original_relative	12	1
mock-23	Mock 13	Listeria_monocytogenes	Listeria monocytogenes	zOTU	UNOISE3	0.00042080619526004654	0.00042080619526004654	0.00042080619526004654	0.00042080619526004654	original_relative	13	1
mock-23	Mock 13	Listeria_monocytogenes	Listeria monocytogenes	TIC	TIC	0.0004208061952600461	0.0004208061952600461	0.0004208061952600461	0.0004208061952600461	original_relative	13	1
mock-23	Mock 13	Listeria_monocytogenes	Listeria monocytogenes	TAC	TAC	0.0004208061952600461	0.0004208061952600461	0.0004208061952600461	0.0004208061952600461	original_relative	13	1
mock-23	Mock 13	Streptococcus_mutans	Streptococcus mutans	zOTU	UNOISE3	0.0004033370662686331	0.0004033370662686331	0.0004033370662686331	0.0004033370662686331	original_relative	14	1
mock-23	Mock 13	Streptococcus_mutans	Streptococcus mutans	TIC	TIC	0.0004033370662686053	0.0004033370662686053	0.0004033370662686053	0.0004033370662686053	original_relative	14	1
mock-23	Mock 13	Streptococcus_mutans	Streptococcus mutans	TAC	TAC	0.0004033370662686053	0.0004033370662686053	0.0004033370662686053	0.0004033370662686053	original_relative	14	1
mock-23	Mock 13	Streptococcus_pneumoniae	Streptococcus pneumoniae	zOTU	UNOISE3	-0.00012913947633249343	0.00012913947633249343	-0.00012913947633249343	0.00012913947633249343	original_relative	15	1
mock-23	Mock 13	Streptococcus_pneumoniae	Streptococcus pneumoniae	TIC	TIC	-2.79810247311926e-05	2.79810247311926e-05	-2.79810247311926e-05	2.79810247311926e-05	original_relative	15	1
mock-23	Mock 13	Streptococcus_pneumoniae	Streptococcus pneumoniae	TAC	TAC	-2.79810247311926e-05	2.79810247311926e-05	-2.79810247311926e-05	2.79810247311926e-05	original_relative	15	1
mock-4	Mock 1	Staphylococcus_aureus	Staphylococcus aureus	zOTU	UNOISE3	0.486042154863968	0.486042154863968	0.486042154863968	0.486042154863968	original_relative	1	4
mock-4	Mock 1	Staphylococcus_aureus	Staphylococcus aureus	TIC	TIC	0.4860421548639679	0.4860421548639679	0.4860421548639679	0.4860421548639679	original_relative	1	4
mock-4	Mock 1	Staphylococcus_aureus	Staphylococcus aureus	TAC	TAC	0.486042154863968	0.486042154863968	0.486042154863968	0.486042154863968	original_relative	1	4
mock-4	Mock 1	Methanobrevibacter_smithii	Methanobrevibacter smithii	zOTU	UNOISE3	-0.1142149883892435	0.1142149883892435	-0.1142149883892435	0.1142149883892435	original_relative	2	4
mock-4	Mock 1	Methanobrevibacter_smithii	Methanobrevibacter smithii	TIC	TIC	-0.1309906595	0.1309906595	-0.1309906595	0.1309906595	original_relative	2	4
mock-4	Mock 1	Methanobrevibacter_smithii	Methanobrevibacter smithii	TAC	TAC	-0.1142149883892435	0.1142149883892435	-0.1142149883892435	0.1142149883892435	original_relative	2	4
mock-4	Mock 1	Streptococcus_agalactiae	Streptococcus agalactiae	zOTU	UNOISE3	-0.11423859638995731	0.11423859638995731	-0.11423859638995731	0.11423859638995731	original_relative	3	4
mock-4	Mock 1	Streptococcus_agalactiae	Streptococcus agalactiae	TIC	TIC	-0.11423859638995731	0.11423859638995731	-0.11423859638995731	0.11423859638995731	original_relative	3	4
mock-4	Mock 1	Streptococcus_agalactiae	Streptococcus agalactiae	TAC	TAC	-0.11423859638995731	0.11423859638995731	-0.11423859638995731	0.11423859638995731	original_relative	3	4
mock-4	Mock 1	Escherichia_coli	Escherichia coli	zOTU	UNOISE3	-0.10620599613136371	0.10620599613136371	-0.10620599613136371	0.10620599613136371	original_relative	4	4
mock-4	Mock 1	Escherichia_coli	Escherichia coli	TIC	TIC	-0.10620599613136371	0.10620599613136371	-0.10620599613136371	0.10620599613136371	original_relative	4	4
mock-4	Mock 1	Escherichia_coli	Escherichia coli	TAC	TAC	-0.10620599613136371	0.10620599613136371	-0.10620599613136371	0.10620599613136371	original_relative	4	4
mock-4	Mock 1	Acinetobacter_baumannii	Acinetobacter baumannii	zOTU	UNOISE3	0.06176291315920474	0.06176291315920474	0.06176291315920474	0.06176291315920474	original_relative	5	4
mock-4	Mock 1	Acinetobacter_baumannii	Acinetobacter baumannii	TIC	TIC	0.06176291315920474	0.06176291315920474	0.06176291315920474	0.06176291315920474	original_relative	5	4
mock-4	Mock 1	Acinetobacter_baumannii	Acinetobacter baumannii	TAC	TAC	0.06176291315920474	0.06176291315920474	0.06176291315920474	0.06176291315920474	original_relative	5	4
mock-4	Mock 1	Staphylococcus_epidermidis	Staphylococcus epidermidis	zOTU	UNOISE3	-0.034527637550000004	0.034527637550000004	-0.034527637550000004	0.034527637550000004	original_relative	6	4
mock-4	Mock 1	Staphylococcus_epidermidis	Staphylococcus epidermidis	TIC	TIC	-0.034527637550000004	0.034527637550000004	-0.034527637550000004	0.034527637550000004	original_relative	6	4
mock-4	Mock 1	Staphylococcus_epidermidis	Staphylococcus epidermidis	TAC	TAC	-0.034527637550000004	0.034527637550000004	-0.034527637550000004	0.034527637550000004	original_relative	6	4
mock-4	Mock 1	Propionibacterium_acnes	Propionibacterium acnes	zOTU	UNOISE3	-0.024833377763157978	0.024833377763157978	-0.024833377763157978	0.024833377763157978	original_relative	7	4
mock-4	Mock 1	Propionibacterium_acnes	Propionibacterium acnes	TIC	TIC	-0.024833377763157978	0.024833377763157978	-0.024833377763157978	0.024833377763157978	original_relative	7	4
mock-4	Mock 1	Propionibacterium_acnes	Propionibacterium acnes	TAC	TAC	-0.024833377763157978	0.024833377763157978	-0.024833377763157978	0.024833377763157978	original_relative	7	4
mock-4	Mock 1	Lactobacillus_gasseri	Lactobacillus gasseri	zOTU	UNOISE3	-0.023165652012760874	0.023165652012760874	-0.023165652012760874	0.023165652012760874	original_relative	8	4
mock-4	Mock 1	Lactobacillus_gasseri	Lactobacillus gasseri	TIC	TIC	-0.023165652012760874	0.023165652012760874	-0.023165652012760874	0.023165652012760874	original_relative	8	4
mock-4	Mock 1	Lactobacillus_gasseri	Lactobacillus gasseri	TAC	TAC	-0.023165652012760874	0.023165652012760874	-0.023165652012760874	0.023165652012760874	original_relative	8	4
mock-4	Mock 1	Streptococcus_mutans	Streptococcus mutans	zOTU	UNOISE3	0.02287667430877541	0.02287667430877541	0.02287667430877541	0.02287667430877541	original_relative	9	4
mock-4	Mock 1	Streptococcus_mutans	Streptococcus mutans	TIC	TIC	0.022876674308775404	0.022876674308775404	0.022876674308775404	0.022876674308775404	original_relative	9	4
mock-4	Mock 1	Streptococcus_mutans	Streptococcus mutans	TAC	TAC	0.022876674308775415	0.022876674308775415	0.022876674308775415	0.022876674308775415	original_relative	9	4
mock-4	Mock 1	Bacillus_cereus	Bacillus cereus	zOTU	UNOISE3	-0.022037009605818343	0.022037009605818343	-0.022037009605818343	0.022037009605818343	original_relative	10	4
mock-4	Mock 1	Bacillus_cereus	Bacillus cereus	TIC	TIC	-0.022037009605818343	0.022037009605818343	-0.022037009605818343	0.022037009605818343	original_relative	10	4
mock-4	Mock 1	Bacillus_cereus	Bacillus cereus	TAC	TAC	-0.022037009605818343	0.022037009605818343	-0.022037009605818343	0.022037009605818343	original_relative	10	4
mock-4	Mock 1	Helicobacter_pylori	Helicobacter pylori	zOTU	UNOISE3	-0.020450436547273083	0.020450436547273083	-0.020450436547273083	0.020450436547273083	original_relative	11	4
mock-4	Mock 1	Helicobacter_pylori	Helicobacter pylori	TIC	TIC	-0.020450436547273083	0.020450436547273083	-0.020450436547273083	0.020450436547273083	original_relative	11	4
mock-4	Mock 1	Helicobacter_pylori	Helicobacter pylori	TAC	TAC	-0.020450436547273083	0.020450436547273083	-0.020450436547273083	0.020450436547273083	original_relative	11	4
mock-4	Mock 1	Actinomyces_odontolyticus	Actinomyces odontolyticus	zOTU	UNOISE3	-0.01933851109128717	0.01933851109128717	-0.01933851109128717	0.01933851109128717	original_relative	12	4
mock-4	Mock 1	Actinomyces_odontolyticus	Actinomyces odontolyticus	TIC	TIC	-0.01933851109128717	0.01933851109128717	-0.01933851109128717	0.01933851109128717	original_relative	12	4
mock-4	Mock 1	Actinomyces_odontolyticus	Actinomyces odontolyticus	TAC	TAC	-0.01933851109128717	0.01933851109128717	-0.01933851109128717	0.01933851109128717	original_relative	12	4
mock-4	Mock 1	Enterococcus_faecalis	Enterococcus faecalis	zOTU	UNOISE3	-0.01885748214378769	0.01885748214378769	-0.01885748214378769	0.01885748214378769	original_relative	13	4
mock-4	Mock 1	Enterococcus_faecalis	Enterococcus faecalis	TIC	TIC	-0.01885748214378769	0.01885748214378769	-0.01885748214378769	0.01885748214378769	original_relative	13	4
mock-4	Mock 1	Enterococcus_faecalis	Enterococcus faecalis	TAC	TAC	-0.01885748214378769	0.01885748214378769	-0.01885748214378769	0.01885748214378769	original_relative	13	4
mock-4	Mock 1	Streptococcus_pneumoniae	Streptococcus pneumoniae	zOTU	UNOISE3	-0.018813085418693948	0.018813085418693948	-0.018813085418693948	0.018813085418693948	original_relative	14	4
mock-4	Mock 1	Streptococcus_pneumoniae	Streptococcus pneumoniae	TIC	TIC	-0.018813085418693948	0.018813085418693948	-0.018813085418693948	0.018813085418693948	original_relative	14	4
mock-4	Mock 1	Streptococcus_pneumoniae	Streptococcus pneumoniae	TAC	TAC	-0.018813085418693948	0.018813085418693948	-0.018813085418693948	0.018813085418693948	original_relative	14	4
mock-4	Mock 1	Neisseria_meningitidis	Neisseria meningitidis	zOTU	UNOISE3	-0.015640344323128337	0.015640344323128337	-0.015640344323128337	0.015640344323128337	original_relative	15	4
mock-4	Mock 1	Neisseria_meningitidis	Neisseria meningitidis	TIC	TIC	-0.015640344323128337	0.015640344323128337	-0.015640344323128337	0.015640344323128337	original_relative	15	4
mock-4	Mock 1	Neisseria_meningitidis	Neisseria meningitidis	TAC	TAC	-0.015640344323128337	0.015640344323128337	-0.015640344323128337	0.015640344323128337	original_relative	15	4
mock-5	Mock 2	Staphylococcus_aureus	Staphylococcus aureus	zOTU	UNOISE3	0.47201550416634447	0.47201550416634447	0.47201550416634447	0.47201550416634447	original_relative	1	4
mock-5	Mock 2	Staphylococcus_aureus	Staphylococcus aureus	TIC	TIC	0.4720155041663444	0.4720155041663444	0.4720155041663444	0.4720155041663444	original_relative	1	4
mock-5	Mock 2	Staphylococcus_aureus	Staphylococcus aureus	TAC	TAC	0.4720155041663444	0.4720155041663444	0.4720155041663444	0.4720155041663444	original_relative	1	4
mock-5	Mock 2	Streptococcus_agalactiae	Streptococcus agalactiae	zOTU	UNOISE3	-0.11996966282962838	0.11996966282962838	-0.11996966282962838	0.11996966282962838	original_relative	2	4
mock-5	Mock 2	Streptococcus_agalactiae	Streptococcus agalactiae	TIC	TIC	-0.11996966282962838	0.11996966282962838	-0.11996966282962838	0.11996966282962838	original_relative	2	4
mock-5	Mock 2	Streptococcus_agalactiae	Streptococcus agalactiae	TAC	TAC	-0.11996966282962838	0.11996966282962838	-0.11996966282962838	0.11996966282962838	original_relative	2	4
mock-5	Mock 2	Escherichia_coli	Escherichia coli	zOTU	UNOISE3	-0.10793964425813377	0.10793964425813377	-0.10793964425813377	0.10793964425813377	original_relative	3	4
mock-5	Mock 2	Escherichia_coli	Escherichia coli	TIC	TIC	-0.10793964425813377	0.10793964425813377	-0.10793964425813377	0.10793964425813377	original_relative	3	4
mock-5	Mock 2	Escherichia_coli	Escherichia coli	TAC	TAC	-0.10793964425813377	0.10793964425813377	-0.10793964425813377	0.10793964425813377	original_relative	3	4
mock-5	Mock 2	Methanobrevibacter_smithii	Methanobrevibacter smithii	zOTU	UNOISE3	-0.09924155571716198	0.09924155571716198	-0.09924155571716198	0.09924155571716198	original_relative	4	4
mock-5	Mock 2	Methanobrevibacter_smithii	Methanobrevibacter smithii	TIC	TIC	-0.09924155571716198	0.09924155571716198	-0.09924155571716198	0.09924155571716198	original_relative	4	4
mock-5	Mock 2	Methanobrevibacter_smithii	Methanobrevibacter smithii	TAC	TAC	-0.09924155571716198	0.09924155571716198	-0.09924155571716198	0.09924155571716198	original_relative	4	4
mock-5	Mock 2	Acinetobacter_baumannii	Acinetobacter baumannii	zOTU	UNOISE3	0.07634829385180328	0.07634829385180328	0.07634829385180328	0.07634829385180328	original_relative	5	4
mock-5	Mock 2	Acinetobacter_baumannii	Acinetobacter baumannii	TIC	TIC	0.07634829385180328	0.07634829385180328	0.07634829385180328	0.07634829385180328	original_relative	5	4
mock-5	Mock 2	Acinetobacter_baumannii	Acinetobacter baumannii	TAC	TAC	0.07634829385180326	0.07634829385180326	0.07634829385180326	0.07634829385180326	original_relative	5	4
mock-5	Mock 2	Staphylococcus_epidermidis	Staphylococcus epidermidis	zOTU	UNOISE3	-0.034527637550000004	0.034527637550000004	-0.034527637550000004	0.034527637550000004	original_relative	6	4
mock-5	Mock 2	Staphylococcus_epidermidis	Staphylococcus epidermidis	TIC	TIC	-0.034527637550000004	0.034527637550000004	-0.034527637550000004	0.034527637550000004	original_relative	6	4
mock-5	Mock 2	Staphylococcus_epidermidis	Staphylococcus epidermidis	TAC	TAC	-0.034527637550000004	0.034527637550000004	-0.034527637550000004	0.034527637550000004	original_relative	6	4
mock-5	Mock 2	Propionibacterium_acnes	Propionibacterium acnes	zOTU	UNOISE3	-0.024833720923358248	0.024833720923358248	-0.024833720923358248	0.024833720923358248	original_relative	7	4
mock-5	Mock 2	Propionibacterium_acnes	Propionibacterium acnes	TIC	TIC	-0.024833720923358248	0.024833720923358248	-0.024833720923358248	0.024833720923358248	original_relative	7	4
mock-5	Mock 2	Propionibacterium_acnes	Propionibacterium acnes	TAC	TAC	-0.024833720923358248	0.024833720923358248	-0.024833720923358248	0.024833720923358248	original_relative	7	4
mock-5	Mock 2	Lactobacillus_gasseri	Lactobacillus gasseri	zOTU	UNOISE3	-0.0235479104064362	0.0235479104064362	-0.0235479104064362	0.0235479104064362	original_relative	8	4
mock-5	Mock 2	Lactobacillus_gasseri	Lactobacillus gasseri	TIC	TIC	-0.0235479104064362	0.0235479104064362	-0.0235479104064362	0.0235479104064362	original_relative	8	4
mock-5	Mock 2	Lactobacillus_gasseri	Lactobacillus gasseri	TAC	TAC	-0.0235479104064362	0.0235479104064362	-0.0235479104064362	0.0235479104064362	original_relative	8	4
mock-5	Mock 2	Bacillus_cereus	Bacillus cereus	zOTU	UNOISE3	-0.0231911574830232	0.0231911574830232	-0.0231911574830232	0.0231911574830232	original_relative	9	4
mock-5	Mock 2	Bacillus_cereus	Bacillus cereus	TIC	TIC	-0.0231911574830232	0.0231911574830232	-0.0231911574830232	0.0231911574830232	original_relative	9	4
mock-5	Mock 2	Bacillus_cereus	Bacillus cereus	TAC	TAC	-0.0231911574830232	0.0231911574830232	-0.0231911574830232	0.0231911574830232	original_relative	9	4
mock-5	Mock 2	Streptococcus_pneumoniae	Streptococcus pneumoniae	zOTU	UNOISE3	-0.023085349375959418	0.023085349375959418	-0.023085349375959418	0.023085349375959418	original_relative	10	4
mock-5	Mock 2	Streptococcus_pneumoniae	Streptococcus pneumoniae	TIC	TIC	-0.023085349375959418	0.023085349375959418	-0.023085349375959418	0.023085349375959418	original_relative	10	4
mock-5	Mock 2	Streptococcus_pneumoniae	Streptococcus pneumoniae	TAC	TAC	-0.023085349375959418	0.023085349375959418	-0.023085349375959418	0.023085349375959418	original_relative	10	4
mock-5	Mock 2	Streptococcus_mutans	Streptococcus mutans	zOTU	UNOISE3	0.02083985063527861	0.02083985063527861	0.02083985063527861	0.02083985063527861	original_relative	11	4
mock-5	Mock 2	Streptococcus_mutans	Streptococcus mutans	TIC	TIC	0.020839850635278604	0.020839850635278604	0.020839850635278604	0.020839850635278604	original_relative	11	4
mock-5	Mock 2	Streptococcus_mutans	Streptococcus mutans	TAC	TAC	0.020839850635278608	0.020839850635278608	0.020839850635278608	0.020839850635278608	original_relative	11	4
mock-5	Mock 2	Actinomyces_odontolyticus	Actinomyces odontolyticus	zOTU	UNOISE3	-0.019217726155445636	0.019217726155445636	-0.019217726155445636	0.019217726155445636	original_relative	12	4
mock-5	Mock 2	Actinomyces_odontolyticus	Actinomyces odontolyticus	TIC	TIC	-0.01921772615544564	0.01921772615544564	-0.01921772615544564	0.01921772615544564	original_relative	12	4
mock-5	Mock 2	Actinomyces_odontolyticus	Actinomyces odontolyticus	TAC	TAC	-0.019217726155445643	0.019217726155445643	-0.019217726155445643	0.019217726155445643	original_relative	12	4
mock-5	Mock 2	Enterococcus_faecalis	Enterococcus faecalis	zOTU	UNOISE3	-0.018982169079617466	0.018982169079617466	-0.018982169079617466	0.018982169079617466	original_relative	13	4
mock-5	Mock 2	Enterococcus_faecalis	Enterococcus faecalis	TIC	TIC	-0.018982169079617466	0.018982169079617466	-0.018982169079617466	0.018982169079617466	original_relative	13	4
mock-5	Mock 2	Enterococcus_faecalis	Enterococcus faecalis	TAC	TAC	-0.018982169079617466	0.018982169079617466	-0.018982169079617466	0.018982169079617466	original_relative	13	4
mock-5	Mock 2	Clostridium_beijerinckii	Clostridium beijerinckii	zOTU	UNOISE3	-0.016634160741119692	0.016634160741119692	-0.016634160741119692	0.016634160741119692	original_relative	14	4
mock-5	Mock 2	Clostridium_beijerinckii	Clostridium beijerinckii	TIC	TIC	-0.016634160741119692	0.016634160741119692	-0.016634160741119692	0.016634160741119692	original_relative	14	4
mock-5	Mock 2	Clostridium_beijerinckii	Clostridium beijerinckii	TAC	TAC	-0.016634160741119692	0.016634160741119692	-0.016634160741119692	0.016634160741119692	original_relative	14	4
mock-5	Mock 2	Neisseria_meningitidis	Neisseria meningitidis	zOTU	UNOISE3	-0.01593335155500283	0.01593335155500283	-0.01593335155500283	0.01593335155500283	original_relative	15	4
mock-5	Mock 2	Neisseria_meningitidis	Neisseria meningitidis	TIC	TIC	-0.01593335155500283	0.01593335155500283	-0.01593335155500283	0.01593335155500283	original_relative	15	4
mock-5	Mock 2	Neisseria_meningitidis	Neisseria meningitidis	TAC	TAC	-0.01593335155500283	0.01593335155500283	-0.01593335155500283	0.01593335155500283	original_relative	15	4
mock-ZIEL_1	ZIEL I	Clostridium_ramosum	Clostridium ramosum	zOTU	UNOISE3	-0.10436679199571627	0.10436679199571627	-0.10436679199571627	0.10436679199571627	original_relative	1	2
mock-ZIEL_1	ZIEL I	Clostridium_ramosum	Clostridium ramosum	TIC	TIC	-0.10436679199571627	0.10436679199571627	-0.10436679199571627	0.10436679199571627	original_relative	1	2
mock-ZIEL_1	ZIEL I	Clostridium_ramosum	Clostridium ramosum	TAC	TAC	-0.10436679199571626	0.10436679199571626	-0.10436679199571626	0.10436679199571626	original_relative	1	2
mock-ZIEL_1	ZIEL I	Enterorhabdus_mucosicola	Enterorhabdus mucosicola	zOTU	UNOISE3	0.057402912038396293	0.057402912038396293	0.057402912038396293	0.057402912038396293	original_relative	2	2
mock-ZIEL_1	ZIEL I	Enterorhabdus_mucosicola	Enterorhabdus mucosicola	TIC	TIC	0.05740291203839629	0.05740291203839629	0.05740291203839629	0.05740291203839629	original_relative	2	2
mock-ZIEL_1	ZIEL I	Enterorhabdus_mucosicola	Enterorhabdus mucosicola	TAC	TAC	0.05740291203839631	0.05740291203839631	0.05740291203839631	0.05740291203839631	original_relative	2	2
mock-ZIEL_1	ZIEL I	Cellulosimicrobium_cellulans	Cellulosimicrobium cellulans	zOTU	UNOISE3	-0.05105105105105106	0.05105105105105106	-0.05105105105105106	0.05105105105105106	original_relative	3	2
mock-ZIEL_1	ZIEL I	Cellulosimicrobium_cellulans	Cellulosimicrobium cellulans	TIC	TIC	-0.011622552773432566	0.011622552773432566	-0.011622552773432566	0.011622552773432566	original_relative	3	2
mock-ZIEL_1	ZIEL I	Cellulosimicrobium_cellulans	Cellulosimicrobium cellulans	TAC	TAC	-0.011622552773432559	0.011622552773432559	-0.011622552773432559	0.011622552773432559	original_relative	3	2
mock-ZIEL_1	ZIEL I	Staphylococcus_warneri	Staphylococcus warneri	zOTU	UNOISE3	0.018817867126299764	0.018817867126299764	0.018817867126299764	0.018817867126299764	original_relative	4	2
mock-ZIEL_1	ZIEL I	Staphylococcus_warneri	Staphylococcus warneri	TIC	TIC	0.049184408541550984	0.049184408541550984	0.049184408541550984	0.049184408541550984	original_relative	4	2
mock-ZIEL_1	ZIEL I	Staphylococcus_warneri	Staphylococcus warneri	TAC	TAC	0.04918440854155101	0.04918440854155101	0.04918440854155101	0.04918440854155101	original_relative	4	2
mock-ZIEL_1	ZIEL I	Bacteroides_sartorii	Bacteroides sartorii	zOTU	UNOISE3	-0.04437118892028384	0.04437118892028384	-0.04437118892028384	0.04437118892028384	original_relative	5	2
mock-ZIEL_1	ZIEL I	Bacteroides_sartorii	Bacteroides sartorii	TIC	TIC	0.010985523280927514	0.010985523280927514	0.010985523280927514	0.010985523280927514	original_relative	5	2
mock-ZIEL_1	ZIEL I	Bacteroides_sartorii	Bacteroides sartorii	TAC	TAC	0.010985523280927528	0.010985523280927528	0.010985523280927528	0.010985523280927528	original_relative	5	2
mock-ZIEL_1	ZIEL I	Pseudomonas_sp	Pseudomonas sp	zOTU	UNOISE3	-0.041041041041041046	0.041041041041041046	-0.041041041041041046	0.041041041041041046	original_relative	6	2
mock-ZIEL_1	ZIEL I	Pseudomonas_sp	Pseudomonas sp	TIC	TIC	-0.041041041041041046	0.041041041041041046	-0.041041041041041046	0.041041041041041046	original_relative	6	2
mock-ZIEL_1	ZIEL I	Pseudomonas_sp	Pseudomonas sp	TAC	TAC	-0.041041041041041046	0.041041041041041046	-0.041041041041041046	0.041041041041041046	original_relative	6	2
mock-ZIEL_1	ZIEL I	Alistipes_sp	Alistipes sp	zOTU	UNOISE3	-0.03503503503503505	0.03503503503503505	-0.03503503503503505	0.03503503503503505	original_relative	7	2
mock-ZIEL_1	ZIEL I	Alistipes_sp	Alistipes sp	TIC	TIC	-0.03503503503503505	0.03503503503503505	-0.03503503503503505	0.03503503503503505	original_relative	7	2
mock-ZIEL_1	ZIEL I	Alistipes_sp	Alistipes sp	TAC	TAC	-0.03503503503503505	0.03503503503503505	-0.03503503503503505	0.03503503503503505	original_relative	7	2
mock-ZIEL_1	ZIEL I	Enterococcus_hirae	Enterococcus hirae	zOTU	UNOISE3	-0.025679586766670946	0.025679586766670946	-0.025679586766670946	0.025679586766670946	original_relative	8	2
mock-ZIEL_1	ZIEL I	Enterococcus_hirae	Enterococcus hirae	TIC	TIC	-0.025679586766670953	0.025679586766670953	-0.025679586766670953	0.025679586766670953	original_relative	8	2
mock-ZIEL_1	ZIEL I	Enterococcus_hirae	Enterococcus hirae	TAC	TAC	-0.025679586766670932	0.025679586766670932	-0.025679586766670932	0.025679586766670932	original_relative	8	2
mock-ZIEL_1	ZIEL I	Actinomyces_bowdenii	Actinomyces bowdenii	zOTU	UNOISE3	-0.019525758826995965	0.019525758826995965	-0.019525758826995965	0.019525758826995965	original_relative	9	2
mock-ZIEL_1	ZIEL I	Actinomyces_bowdenii	Actinomyces bowdenii	TIC	TIC	-0.01952575882699597	0.01952575882699597	-0.01952575882699597	0.01952575882699597	original_relative	9	2
mock-ZIEL_1	ZIEL I	Actinomyces_bowdenii	Actinomyces bowdenii	TAC	TAC	-0.01952575882699596	0.01952575882699596	-0.01952575882699596	0.01952575882699596	original_relative	9	2
mock-ZIEL_1	ZIEL I	Bacillus_subtilis	Bacillus subtilis	zOTU	UNOISE3	-0.01740231554917214	0.01740231554917214	-0.01740231554917214	0.01740231554917214	original_relative	10	2
mock-ZIEL_1	ZIEL I	Bacillus_subtilis	Bacillus subtilis	TIC	TIC	-0.0011899271289537439	0.0011899271289537439	-0.0011899271289537439	0.0011899271289537439	original_relative	10	2
mock-ZIEL_1	ZIEL I	Bacillus_subtilis	Bacillus subtilis	TAC	TAC	-0.00118992712895373	0.00118992712895373	-0.00118992712895373	0.00118992712895373	original_relative	10	2
mock-ZIEL_1	ZIEL I	Acetatifactor_muris	Acetatifactor muris	zOTU	UNOISE3	-0.014588602719086217	0.014588602719086217	-0.014588602719086217	0.014588602719086217	original_relative	11	2
mock-ZIEL_1	ZIEL I	Acetatifactor_muris	Acetatifactor muris	TIC	TIC	-0.01458860271908622	0.01458860271908622	-0.01458860271908622	0.01458860271908622	original_relative	11	2
mock-ZIEL_1	ZIEL I	Acetatifactor_muris	Acetatifactor muris	TAC	TAC	-0.014588602719086213	0.014588602719086213	-0.014588602719086213	0.014588602719086213	original_relative	11	2
mock-ZIEL_1	ZIEL I	Parabacteroides_goldsteinii	Parabacteroides goldsteinii	zOTU	UNOISE3	-0.013250122466559072	0.013250122466559072	-0.013250122466559072	0.013250122466559072	original_relative	12	2
mock-ZIEL_1	ZIEL I	Parabacteroides_goldsteinii	Parabacteroides goldsteinii	TIC	TIC	-0.0019138919337388788	0.0019138919337388788	-0.0019138919337388788	0.0019138919337388788	original_relative	12	2
mock-ZIEL_1	ZIEL I	Parabacteroides_goldsteinii	Parabacteroides goldsteinii	TAC	TAC	-0.001913891933738865	0.001913891933738865	-0.001913891933738865	0.001913891933738865	original_relative	12	2
mock-ZIEL_1	ZIEL I	Flavonifractor_plautii	Flavonifractor plautii	zOTU	UNOISE3	0.005600132800799573	0.005600132800799573	0.005600132800799573	0.005600132800799573	original_relative	13	2
mock-ZIEL_1	ZIEL I	Flavonifractor_plautii	Flavonifractor plautii	TIC	TIC	0.00560013280079957	0.00560013280079957	0.00560013280079957	0.00560013280079957	original_relative	13	2
mock-ZIEL_1	ZIEL I	Flavonifractor_plautii	Flavonifractor plautii	TAC	TAC	0.005600132800799577	0.005600132800799577	0.005600132800799577	0.005600132800799577	original_relative	13	2
mock-ZIEL_2	ZIEL II	Enterobacter_cloacae	Enterobacter cloacae	zOTU	UNOISE3	-0.04144692791536987	0.04144692791536987	-0.04144692791536987	0.04144692791536987	original_relative	1	3
mock-ZIEL_2	ZIEL II	Enterobacter_cloacae	Enterobacter cloacae	TIC	TIC	-0.04702351828070115	0.04702351828070115	-0.04702351828070115	0.04702351828070115	original_relative	1	3
mock-ZIEL_2	ZIEL II	Enterobacter_cloacae	Enterobacter cloacae	TAC	TAC	0.1066350348668445	0.1066350348668445	0.1066350348668445	0.1066350348668445	original_relative	1	3
mock-ZIEL_2	ZIEL II	Escherichia_coli	Escherichia coli	zOTU	UNOISE3	0.08711627693307127	0.08711627693307127	0.08711627693307127	0.08711627693307127	original_relative	2	3
mock-ZIEL_2	ZIEL II	Escherichia_coli	Escherichia coli	TIC	TIC	0.08711627693307127	0.08711627693307127	0.08711627693307127	0.08711627693307127	original_relative	2	3
mock-ZIEL_2	ZIEL II	Escherichia_coli	Escherichia coli	TAC	TAC	0.08711627693307127	0.08711627693307127	0.08711627693307127	0.08711627693307127	original_relative	2	3
mock-ZIEL_2	ZIEL II	Shigella_flexneri	Shigella flexneri	zOTU	UNOISE3	-0.060939060939060936	0.060939060939060936	-0.060939060939060936	0.060939060939060936	original_relative	3	3
mock-ZIEL_2	ZIEL II	Shigella_flexneri	Shigella flexneri	TIC	TIC	-0.060939060939060936	0.060939060939060936	-0.060939060939060936	0.060939060939060936	original_relative	3	3
mock-ZIEL_2	ZIEL II	Shigella_flexneri	Shigella flexneri	TAC	TAC	-0.060939060939060936	0.060939060939060936	-0.060939060939060936	0.060939060939060936	original_relative	3	3
mock-ZIEL_2	ZIEL II	Clostridium_ramosum	Clostridium ramosum	zOTU	UNOISE3	-0.05949303906674854	0.05949303906674854	-0.05949303906674854	0.05949303906674854	original_relative	4	3
mock-ZIEL_2	ZIEL II	Clostridium_ramosum	Clostridium ramosum	TIC	TIC	-0.05949303906674854	0.05949303906674854	-0.05949303906674854	0.05949303906674854	original_relative	4	3
mock-ZIEL_2	ZIEL II	Clostridium_ramosum	Clostridium ramosum	TAC	TAC	-0.05949303906674854	0.05949303906674854	-0.05949303906674854	0.05949303906674854	original_relative	4	3
mock-ZIEL_2	ZIEL II	Citrobacter_freundii	Citrobacter freundii	zOTU	UNOISE3	-0.006492752570138087	0.006492752570138087	-0.006492752570138087	0.006492752570138087	original_relative	5	3
mock-ZIEL_2	ZIEL II	Citrobacter_freundii	Citrobacter freundii	TIC	TIC	-0.006492752570138091	0.006492752570138091	-0.006492752570138091	0.006492752570138091	original_relative	5	3
mock-ZIEL_2	ZIEL II	Citrobacter_freundii	Citrobacter freundii	TAC	TAC	-0.058941058941058944	0.058941058941058944	-0.058941058941058944	0.058941058941058944	original_relative	5	3
mock-ZIEL_2	ZIEL II	Klebsiella_pneumoniae	Klebsiella pneumoniae	zOTU	UNOISE3	0.02377605581087579	0.02377605581087579	0.02377605581087579	0.02377605581087579	original_relative	6	3
mock-ZIEL_2	ZIEL II	Klebsiella_pneumoniae	Klebsiella pneumoniae	TIC	TIC	0.04526619083256885	0.04526619083256885	0.04526619083256885	0.04526619083256885	original_relative	6	3
mock-ZIEL_2	ZIEL II	Klebsiella_pneumoniae	Klebsiella pneumoniae	TAC	TAC	-0.055944055944055944	0.055944055944055944	-0.055944055944055944	0.055944055944055944	original_relative	6	3
mock-ZIEL_2	ZIEL II	Collinsella_aerofaciens	Collinsella aerofaciens	zOTU	UNOISE3	0.051561735866074106	0.051561735866074106	0.051561735866074106	0.051561735866074106	original_relative	7	3
mock-ZIEL_2	ZIEL II	Collinsella_aerofaciens	Collinsella aerofaciens	TIC	TIC	0.0515617358660741	0.0515617358660741	0.0515617358660741	0.0515617358660741	original_relative	7	3
mock-ZIEL_2	ZIEL II	Collinsella_aerofaciens	Collinsella aerofaciens	TAC	TAC	0.0515617358660741	0.0515617358660741	0.0515617358660741	0.0515617358660741	original_relative	7	3
mock-ZIEL_2	ZIEL II	Staphylococcus_epidermidis	Staphylococcus epidermidis	zOTU	UNOISE3	-0.02968190692411436	0.02968190692411436	-0.02968190692411436	0.02968190692411436	original_relative	8	3
mock-ZIEL_2	ZIEL II	Staphylococcus_epidermidis	Staphylococcus epidermidis	TIC	TIC	0.003800719912460504	0.003800719912460504	0.003800719912460504	0.003800719912460504	original_relative	8	3
mock-ZIEL_2	ZIEL II	Staphylococcus_epidermidis	Staphylococcus epidermidis	TAC	TAC	0.003800719912460504	0.003800719912460504	0.003800719912460504	0.003800719912460504	original_relative	8	3
mock-ZIEL_2	ZIEL II	Atopobium_parvulum	Atopobium parvulum	zOTU	UNOISE3	0.02656576986406763	0.02656576986406763	0.02656576986406763	0.02656576986406763	original_relative	9	3
mock-ZIEL_2	ZIEL II	Atopobium_parvulum	Atopobium parvulum	TIC	TIC	0.02656576986406763	0.02656576986406763	0.02656576986406763	0.02656576986406763	original_relative	9	3
mock-ZIEL_2	ZIEL II	Atopobium_parvulum	Atopobium parvulum	TAC	TAC	0.026565769864067626	0.026565769864067626	0.026565769864067626	0.026565769864067626	original_relative	9	3
mock-ZIEL_2	ZIEL II	Bacteroides_vulgatus	Bacteroides vulgatus	zOTU	UNOISE3	-0.024092667921101263	0.024092667921101263	-0.024092667921101263	0.024092667921101263	original_relative	10	3
mock-ZIEL_2	ZIEL II	Bacteroides_vulgatus	Bacteroides vulgatus	TIC	TIC	-0.014331479030524489	0.014331479030524489	-0.014331479030524489	0.014331479030524489	original_relative	10	3
mock-ZIEL_2	ZIEL II	Bacteroides_vulgatus	Bacteroides vulgatus	TAC	TAC	-0.014331479030524489	0.014331479030524489	-0.014331479030524489	0.014331479030524489	original_relative	10	3
mock-ZIEL_2	ZIEL II	Prevotella_copri	Prevotella copri	zOTU	UNOISE3	-0.021184690319663146	0.021184690319663146	-0.021184690319663146	0.021184690319663146	original_relative	11	3
mock-ZIEL_2	ZIEL II	Prevotella_copri	Prevotella copri	TIC	TIC	-0.0018663513898690028	0.0018663513898690028	-0.0018663513898690028	0.0018663513898690028	original_relative	11	3
mock-ZIEL_2	ZIEL II	Prevotella_copri	Prevotella copri	TAC	TAC	-0.0018663513898690028	0.0018663513898690028	-0.0018663513898690028	0.0018663513898690028	original_relative	11	3
mock-ZIEL_2	ZIEL II	Listeria_welshimeri	Listeria welshimeri	zOTU	UNOISE3	-0.014268321849743845	0.014268321849743845	-0.014268321849743845	0.014268321849743845	original_relative	12	3
mock-ZIEL_2	ZIEL II	Listeria_welshimeri	Listeria welshimeri	TIC	TIC	-0.01426832184974385	0.01426832184974385	-0.01426832184974385	0.01426832184974385	original_relative	12	3
mock-ZIEL_2	ZIEL II	Listeria_welshimeri	Listeria welshimeri	TAC	TAC	-0.01426832184974385	0.01426832184974385	-0.01426832184974385	0.01426832184974385	original_relative	12	3
mock-ZIEL_2	ZIEL II	Ruminococcus_gnavus	Ruminococcus gnavus	zOTU	UNOISE3	-0.013771657672824974	0.013771657672824974	-0.013771657672824974	0.013771657672824974	original_relative	13	3
mock-ZIEL_2	ZIEL II	Ruminococcus_gnavus	Ruminococcus gnavus	TIC	TIC	-0.013771657672824976	0.013771657672824976	-0.013771657672824976	0.013771657672824976	original_relative	13	3
mock-ZIEL_2	ZIEL II	Ruminococcus_gnavus	Ruminococcus gnavus	TAC	TAC	-0.013771657672824976	0.013771657672824976	-0.013771657672824976	0.013771657672824976	original_relative	13	3
mock-ZIEL_2	ZIEL II	Akkermansia_muciniphila	Akkermansia muciniphila	zOTU	UNOISE3	-0.012140330396449702	0.012140330396449702	-0.012140330396449702	0.012140330396449702	original_relative	14	3
mock-ZIEL_2	ZIEL II	Akkermansia_muciniphila	Akkermansia muciniphila	TIC	TIC	-0.012140330396449704	0.012140330396449704	-0.012140330396449704	0.012140330396449704	original_relative	14	3
mock-ZIEL_2	ZIEL II	Akkermansia_muciniphila	Akkermansia muciniphila	TAC	TAC	-0.012140330396449706	0.012140330396449706	-0.012140330396449706	0.012140330396449706	original_relative	14	3
mock-ZIEL_2	ZIEL II	Bifidobacterium_longum	Bifidobacterium longum	zOTU	UNOISE3	0.009328941928459254	0.009328941928459254	0.009328941928459254	0.009328941928459254	original_relative	15	3
mock-ZIEL_2	ZIEL II	Bifidobacterium_longum	Bifidobacterium longum	TIC	TIC	0.009328941928459249	0.009328941928459249	0.009328941928459249	0.009328941928459249	original_relative	15	3
mock-ZIEL_2	ZIEL II	Bifidobacterium_longum	Bifidobacterium longum	TAC	TAC	0.009328941928459253	0.009328941928459253	0.009328941928459253	0.009328941928459253	original_relative	15	3
mock-ZYMO	ZYMO	Bacillus_subtilis	Bacillus subtilis	zOTU	UNOISE3	-0.125	0.125	-0.125	0.125	original_relative	1	3
mock-ZYMO	ZYMO	Bacillus_subtilis	Bacillus subtilis	TIC	TIC	0.05828100584942783	0.05828100584942783	0.05828100584942783	0.05828100584942783	original_relative	1	3
mock-ZYMO	ZYMO	Bacillus_subtilis	Bacillus subtilis	TAC	TAC	0.058281005849427824	0.058281005849427824	0.058281005849427824	0.058281005849427824	original_relative	1	3
mock-ZYMO	ZYMO	Lactobacillus_fermentum	Lactobacillus fermentum	zOTU	UNOISE3	-0.125	0.125	-0.125	0.125	original_relative	2	3
mock-ZYMO	ZYMO	Lactobacillus_fermentum	Lactobacillus fermentum	TIC	TIC	-0.125	0.125	-0.125	0.125	original_relative	2	3
mock-ZYMO	ZYMO	Lactobacillus_fermentum	Lactobacillus fermentum	TAC	TAC	-0.125	0.125	-0.125	0.125	original_relative	2	3
mock-ZYMO	ZYMO	Pseudomonas_aeruginosa	Pseudomonas aeruginosa	zOTU	UNOISE3	-0.06619210167048543	0.06619210167048543	-0.06619210167048543	0.06619210167048543	original_relative	3	3
mock-ZYMO	ZYMO	Pseudomonas_aeruginosa	Pseudomonas aeruginosa	TIC	TIC	-0.06619210167048543	0.06619210167048543	-0.06619210167048543	0.06619210167048543	original_relative	3	3
mock-ZYMO	ZYMO	Pseudomonas_aeruginosa	Pseudomonas aeruginosa	TAC	TAC	-0.06619210167048543	0.06619210167048543	-0.06619210167048543	0.06619210167048543	original_relative	3	3
mock-ZYMO	ZYMO	Enterococcus_faecalis	Enterococcus faecalis	zOTU	UNOISE3	-0.02452871438261468	0.02452871438261468	-0.02452871438261468	0.02452871438261468	original_relative	4	3
mock-ZYMO	ZYMO	Enterococcus_faecalis	Enterococcus faecalis	TIC	TIC	-0.024528714382614683	0.024528714382614683	-0.024528714382614683	0.024528714382614683	original_relative	4	3
mock-ZYMO	ZYMO	Enterococcus_faecalis	Enterococcus faecalis	TAC	TAC	-0.024528714382614687	0.024528714382614687	-0.024528714382614687	0.024528714382614687	original_relative	4	3
mock-ZYMO	ZYMO	Staphylococcus_aureus	Staphylococcus aureus	zOTU	UNOISE3	0.01486647569954947	0.01486647569954947	0.01486647569954947	0.01486647569954947	original_relative	5	3
mock-ZYMO	ZYMO	Staphylococcus_aureus	Staphylococcus aureus	TIC	TIC	0.01486647569954947	0.01486647569954947	0.01486647569954947	0.01486647569954947	original_relative	5	3
mock-ZYMO	ZYMO	Staphylococcus_aureus	Staphylococcus aureus	TAC	TAC	0.014866475699549459	0.014866475699549459	0.014866475699549459	0.014866475699549459	original_relative	5	3
mock-ZYMO	ZYMO	Salmonella_enterica	Salmonella enterica	zOTU	UNOISE3	-0.013298010366718077	0.013298010366718077	-0.013298010366718077	0.013298010366718077	original_relative	6	3
mock-ZYMO	ZYMO	Salmonella_enterica	Salmonella enterica	TIC	TIC	0.004369641555116974	0.004369641555116974	0.004369641555116974	0.004369641555116974	original_relative	6	3
mock-ZYMO	ZYMO	Salmonella_enterica	Salmonella enterica	TAC	TAC	0.004369641555116969	0.004369641555116969	0.004369641555116969	0.004369641555116969	original_relative	6	3
mock-ZYMO	ZYMO	Escherichia_coli	Escherichia coli	zOTU	UNOISE3	0.007762907675617802	0.007762907675617802	0.007762907675617802	0.007762907675617802	original_relative	7	3
mock-ZYMO	ZYMO	Escherichia_coli	Escherichia coli	TIC	TIC	0.007762907675617797	0.007762907675617797	0.007762907675617797	0.007762907675617797	original_relative	7	3
mock-ZYMO	ZYMO	Escherichia_coli	Escherichia coli	TAC	TAC	0.007762907675617793	0.007762907675617793	0.007762907675617793	0.007762907675617793	original_relative	7	3
mock-ZYMO	ZYMO	Listeria_monocytogenes	Listeria monocytogenes	zOTU	UNOISE3	-0.003907777542597792	0.003907777542597792	-0.003907777542597792	0.003907777542597792	original_relative	8	3
mock-ZYMO	ZYMO	Listeria_monocytogenes	Listeria monocytogenes	TIC	TIC	-0.003907777542597792	0.003907777542597792	-0.003907777542597792	0.003907777542597792	original_relative	8	3
mock-ZYMO	ZYMO	Listeria_monocytogenes	Listeria monocytogenes	TAC	TAC	-0.003907777542597801	0.003907777542597801	-0.003907777542597801	0.003907777542597801	original_relative	8	3
