community_id	community_display	tip	tip_display	species	species_display	method	method_display	deviation_relative_abundance	abs_deviation_relative_abundance	deviation_abundance	abs_deviation_abundance	projection_abundance_mode	actual_copy_number	reset_copy_number	rank_by_max_abs_deviation	n_samples_aggregated
mock-12	Mock 3	Bacteroides_cellulosilyticus_DSM_14838	Bacteroides cellulosilyticus | Copy1	Bacteroides_cellulosilyticus	Bacteroides cellulosilyticus	zOTU	UNOISE3	0.0031230631901427996	0.0031230631901427996	0.0031230631901427996	0.0031230631901427996	original_relative	0	1	8	1
mock-12	Mock 3	Bacteroides_cellulosilyticus_DSM_14838	Bacteroides cellulosilyticus | Copy1	Bacteroides_cellulosilyticus	Bacteroides cellulosilyticus	TIC	TIC	0.0031230631901428066	0.0031230631901428066	0.0031230631901428066	0.0031230631901428066	original_relative	0	1	8	1
mock-12	Mock 3	Bacteroides_cellulosilyticus_DSM_14838	Bacteroides cellulosilyticus | Copy1	Bacteroides_cellulosilyticus	Bacteroides cellulosilyticus	TAC	TAC	0.0031230631901428066	0.0031230631901428066	0.0031230631901428066	0.0031230631901428066	original_relative	0	1	8	1
mock-12	Mock 3	Bacteroides_ovatus	Bacteroides ovatus | Copy1	Bacteroides_ovatus	Bacteroides ovatus	zOTU	UNOISE3	0.240712223821975	0.240712223821975	0.240712223821975	0.240712223821975	original_relative	0	1	1	1
mock-12	Mock 3	Bacteroides_ovatus	Bacteroides ovatus | Copy1	Bacteroides_ovatus	Bacteroides ovatus	TIC	TIC	0.017217569714134212	0.017217569714134212	0.017217569714134212	0.017217569714134212	original_relative	0	1	1	1
mock-12	Mock 3	Bacteroides_ovatus	Bacteroides ovatus | Copy1	Bacteroides_ovatus	Bacteroides ovatus	TAC	TAC	0.017217569714134212	0.017217569714134212	0.017217569714134212	0.017217569714134212	original_relative	0	1	1	1
mock-12	Mock 3	Bacteroides_ovatus__Copy1	Bacteroides ovatus | Copy2	Bacteroides_ovatus	Bacteroides ovatus	zOTU	UNOISE3	-0.04688278900956465	0.04688278900956465	-0.04688278900956465	0.04688278900956465	original_relative	1	2	6	1
mock-12	Mock 3	Bacteroides_ovatus__Copy1	Bacteroides ovatus | Copy2	Bacteroides_ovatus	Bacteroides ovatus	TIC	TIC	0.017217569714134212	0.017217569714134212	0.017217569714134212	0.017217569714134212	original_relative	1	2	6	1
mock-12	Mock 3	Bacteroides_ovatus__Copy1	Bacteroides ovatus | Copy2	Bacteroides_ovatus	Bacteroides ovatus	TAC	TAC	0.017217569714134212	0.017217569714134212	0.017217569714134212	0.017217569714134212	original_relative	1	2	6	1
mock-12	Mock 3	Bacteroides_ovatus__Copy5	Bacteroides ovatus | Copy3	Bacteroides_ovatus	Bacteroides ovatus	zOTU	UNOISE3	-0.14217672567000783	0.14217672567000783	-0.14217672567000783	0.14217672567000783	original_relative	5	3	2	1
mock-12	Mock 3	Bacteroides_ovatus__Copy5	Bacteroides ovatus | Copy3	Bacteroides_ovatus	Bacteroides ovatus	TIC	TIC	0.017217569714134212	0.017217569714134212	0.017217569714134212	0.017217569714134212	original_relative	5	3	2	1
mock-12	Mock 3	Bacteroides_ovatus__Copy5	Bacteroides ovatus | Copy3	Bacteroides_ovatus	Bacteroides ovatus	TAC	TAC	0.017217569714134212	0.017217569714134212	0.017217569714134212	0.017217569714134212	original_relative	5	3	2	1
mock-12	Mock 3	Bacteroides_thetaiotaomicron__Copy1	Bacteroides thetaiotaomicron | Copy2	Bacteroides_thetaiotaomicron	Bacteroides thetaiotaomicron	zOTU	UNOISE3	0.00024335591606121002	0.00024335591606121002	0.00024335591606121002	0.00024335591606121002	original_relative	1	2	15	1
mock-12	Mock 3	Bacteroides_thetaiotaomicron__Copy1	Bacteroides thetaiotaomicron | Copy2	Bacteroides_thetaiotaomicron	Bacteroides thetaiotaomicron	TIC	TIC	1.5045413778105084e-05	1.5045413778105084e-05	1.5045413778105084e-05	1.5045413778105084e-05	original_relative	1	2	15	1
mock-12	Mock 3	Bacteroides_thetaiotaomicron__Copy1	Bacteroides thetaiotaomicron | Copy2	Bacteroides_thetaiotaomicron	Bacteroides thetaiotaomicron	TAC	TAC	1.5045413778105084e-05	1.5045413778105084e-05	1.5045413778105084e-05	1.5045413778105084e-05	original_relative	1	2	15	1
mock-12	Mock 3	Bacteroides_uniformis	Bacteroides uniformis | Copy1	Bacteroides_uniformis	Bacteroides uniformis	zOTU	UNOISE3	0.00027083981737453886	0.00027083981737453886	0.00027083981737453886	0.00027083981737453886	original_relative	0	1	14	1
mock-12	Mock 3	Bacteroides_uniformis	Bacteroides uniformis | Copy1	Bacteroides_uniformis	Bacteroides uniformis	TIC	TIC	0.00027083981737453973	0.00027083981737453973	0.00027083981737453973	0.00027083981737453973	original_relative	0	1	14	1
mock-12	Mock 3	Bacteroides_uniformis	Bacteroides uniformis | Copy1	Bacteroides_uniformis	Bacteroides uniformis	TAC	TAC	0.00027083981737453973	0.00027083981737453973	0.00027083981737453973	0.00027083981737453973	original_relative	0	1	14	1
mock-12	Mock 3	Bacteroides_vulgatus	Bacteroides vulgatus | Copy1	Bacteroides_vulgatus	Bacteroides vulgatus	zOTU	UNOISE3	0.13717533401937793	0.13717533401937793	0.13717533401937793	0.13717533401937793	original_relative	0	1	3	1
mock-12	Mock 3	Bacteroides_vulgatus	Bacteroides vulgatus | Copy1	Bacteroides_vulgatus	Bacteroides vulgatus	TIC	TIC	-0.01555798206538242	0.01555798206538242	-0.01555798206538242	0.01555798206538242	original_relative	0	1	3	1
mock-12	Mock 3	Bacteroides_vulgatus	Bacteroides vulgatus | Copy1	Bacteroides_vulgatus	Bacteroides vulgatus	TAC	TAC	-0.01555798206538242	0.01555798206538242	-0.01555798206538242	0.01555798206538242	original_relative	0	1	3	1
mock-12	Mock 3	Bacteroides_vulgatus__Copy3	Bacteroides vulgatus | Copy2	Bacteroides_vulgatus	Bacteroides vulgatus	zOTU	UNOISE3	-0.09639225358122896	0.09639225358122896	-0.09639225358122896	0.09639225358122896	original_relative	3	2	4	1
mock-12	Mock 3	Bacteroides_vulgatus__Copy3	Bacteroides vulgatus | Copy2	Bacteroides_vulgatus	Bacteroides vulgatus	TIC	TIC	-0.01555798206538242	0.01555798206538242	-0.01555798206538242	0.01555798206538242	original_relative	3	2	4	1
mock-12	Mock 3	Bacteroides_vulgatus__Copy3	Bacteroides vulgatus | Copy2	Bacteroides_vulgatus	Bacteroides vulgatus	TAC	TAC	-0.01555798206538242	0.01555798206538242	-0.01555798206538242	0.01555798206538242	original_relative	3	2	4	1
mock-12	Mock 3	Bacteroides_vulgatus__Copy4	Bacteroides vulgatus | Copy3	Bacteroides_vulgatus	Bacteroides vulgatus	zOTU	UNOISE3	-0.0874570266342963	0.0874570266342963	-0.0874570266342963	0.0874570266342963	original_relative	4	3	5	1
mock-12	Mock 3	Bacteroides_vulgatus__Copy4	Bacteroides vulgatus | Copy3	Bacteroides_vulgatus	Bacteroides vulgatus	TIC	TIC	-0.01555798206538242	0.01555798206538242	-0.01555798206538242	0.01555798206538242	original_relative	4	3	5	1
mock-12	Mock 3	Bacteroides_vulgatus__Copy4	Bacteroides vulgatus | Copy3	Bacteroides_vulgatus	Bacteroides vulgatus	TAC	TAC	-0.01555798206538242	0.01555798206538242	-0.01555798206538242	0.01555798206538242	original_relative	4	3	5	1
mock-12	Mock 3	Clostridium_cocleatum	Clostridium cocleatum | Copy1	Clostridium_cocleatum	Clostridium cocleatum	zOTU	UNOISE3	-0.0008430916684967816	0.0008430916684967816	-0.0008430916684967816	0.0008430916684967816	original_relative	0	1	12	1
mock-12	Mock 3	Clostridium_cocleatum	Clostridium cocleatum | Copy1	Clostridium_cocleatum	Clostridium cocleatum	TIC	TIC	-0.0008430916684967807	0.0008430916684967807	-0.0008430916684967807	0.0008430916684967807	original_relative	0	1	12	1
mock-12	Mock 3	Clostridium_cocleatum	Clostridium cocleatum | Copy1	Clostridium_cocleatum	Clostridium cocleatum	TAC	TAC	-0.0008430916684967807	0.0008430916684967807	-0.0008430916684967807	0.0008430916684967807	original_relative	0	1	12	1
mock-12	Mock 3	Clostridium_xylanovorans	Clostridium xylanovorans | Copy1	Clostridium_xylanovorans	Clostridium xylanovorans	zOTU	UNOISE3	-0.0033780171765525405	0.0033780171765525405	-0.0033780171765525405	0.0033780171765525405	original_relative	0	1	7	1
mock-12	Mock 3	Clostridium_xylanovorans	Clostridium xylanovorans | Copy1	Clostridium_xylanovorans	Clostridium xylanovorans	TIC	TIC	-0.0033780171765525335	0.0033780171765525335	-0.0033780171765525335	0.0033780171765525335	original_relative	0	1	7	1
mock-12	Mock 3	Clostridium_xylanovorans	Clostridium xylanovorans | Copy1	Clostridium_xylanovorans	Clostridium xylanovorans	TAC	TAC	-0.0033780171765525335	0.0033780171765525335	-0.0033780171765525335	0.0033780171765525335	original_relative	0	1	7	1
mock-12	Mock 3	Coprococcus_comes_ATCC_27758	Coprococcus comes | Copy1	Coprococcus_comes	Coprococcus comes	zOTU	UNOISE3	-0.0012241918943598513	0.0012241918943598513	-0.0012241918943598513	0.0012241918943598513	original_relative	0	1	11	1
mock-12	Mock 3	Coprococcus_comes_ATCC_27758	Coprococcus comes | Copy1	Coprococcus_comes	Coprococcus comes	TIC	TIC	-0.0012241918943598504	0.0012241918943598504	-0.0012241918943598504	0.0012241918943598504	original_relative	0	1	11	1
mock-12	Mock 3	Coprococcus_comes_ATCC_27758	Coprococcus comes | Copy1	Coprococcus_comes	Coprococcus comes	TAC	TAC	-0.0012241918943598504	0.0012241918943598504	-0.0012241918943598504	0.0012241918943598504	original_relative	0	1	11	1
mock-12	Mock 3	Parabacteroides_distasonis_JCM_13401	Parabacteroides distasonis | Copy1	Parabacteroides_distasonis	Parabacteroides distasonis	zOTU	UNOISE3	-0.0030959675763336247	0.0030959675763336247	-0.0030959675763336247	0.0030959675763336247	original_relative	0	1	9	1
mock-12	Mock 3	Parabacteroides_distasonis_JCM_13401	Parabacteroides distasonis | Copy1	Parabacteroides_distasonis	Parabacteroides distasonis	TIC	TIC	-0.0019271436726086277	0.0019271436726086277	-0.0019271436726086277	0.0019271436726086277	original_relative	0	1	9	1
mock-12	Mock 3	Parabacteroides_distasonis_JCM_13401	Parabacteroides distasonis | Copy1	Parabacteroides_distasonis	Parabacteroides distasonis	TAC	TAC	-0.0019271436726086277	0.0019271436726086277	-0.0019271436726086277	0.0019271436726086277	original_relative	0	1	9	1
mock-12	Mock 3	Parabacteroides_distasonis_JCM_13400	Parabacteroides distasonis | Copy2	Parabacteroides_distasonis	Parabacteroides distasonis	zOTU	UNOISE3	-0.0007583197688836342	0.0007583197688836342	-0.0007583197688836342	0.0007583197688836342	original_relative	0	2	10	1
mock-12	Mock 3	Parabacteroides_distasonis_JCM_13400	Parabacteroides distasonis | Copy2	Parabacteroides_distasonis	Parabacteroides distasonis	TIC	TIC	-0.0019271436726086277	0.0019271436726086277	-0.0019271436726086277	0.0019271436726086277	original_relative	0	2	10	1
mock-12	Mock 3	Parabacteroides_distasonis_JCM_13400	Parabacteroides distasonis | Copy2	Parabacteroides_distasonis	Parabacteroides distasonis	TAC	TAC	-0.0019271436726086277	0.0019271436726086277	-0.0019271436726086277	0.0019271436726086277	original_relative	0	2	10	1
mock-12	Mock 3	Parabacteroides_merdae	Parabacteroides merdae | Copy1	Parabacteroides_merdae	Parabacteroides merdae	zOTU	UNOISE3	0.0007771087412733694	0.0007771087412733694	0.0007771087412733694	0.0007771087412733694	original_relative	0	1	13	1
mock-12	Mock 3	Parabacteroides_merdae	Parabacteroides merdae | Copy1	Parabacteroides_merdae	Parabacteroides merdae	TIC	TIC	0.0007771087412733703	0.0007771087412733703	0.0007771087412733703	0.0007771087412733703	original_relative	0	1	13	1
mock-12	Mock 3	Parabacteroides_merdae	Parabacteroides merdae | Copy1	Parabacteroides_merdae	Parabacteroides merdae	TAC	TAC	0.0007771087412733703	0.0007771087412733703	0.0007771087412733703	0.0007771087412733703	original_relative	0	1	13	1
mock-13	Mock 4	Acinetobacter_baumannii_ATCC_17978	Acinetobacter baumannii | Copy1	Acinetobacter_baumannii	Acinetobacter baumannii	zOTU	UNOISE3	0.04178242986117891	0.04178242986117891	0.04178242986117891	0.04178242986117891	original_relative	0	1	7	1
mock-13	Mock 4	Acinetobacter_baumannii_ATCC_17978	Acinetobacter baumannii | Copy1	Acinetobacter_baumannii	Acinetobacter baumannii	TIC	TIC	0.04178242986117895	0.04178242986117895	0.04178242986117895	0.04178242986117895	original_relative	0	1	7	1
mock-13	Mock 4	Acinetobacter_baumannii_ATCC_17978	Acinetobacter baumannii | Copy1	Acinetobacter_baumannii	Acinetobacter baumannii	TAC	TAC	0.04178242986117895	0.04178242986117895	0.04178242986117895	0.04178242986117895	original_relative	0	1	7	1
mock-13	Mock 4	Bacillus_cereus_ATCC_10987	Bacillus cereus | Copy1	Bacillus_cereus	Bacillus cereus	zOTU	UNOISE3	0.060994450565736914	0.060994450565736914	0.060994450565736914	0.060994450565736914	original_relative	0	1	2	1
mock-13	Mock 4	Bacillus_cereus_ATCC_10987	Bacillus cereus | Copy1	Bacillus_cereus	Bacillus cereus	TIC	TIC	0.060994450565736956	0.060994450565736956	0.060994450565736956	0.060994450565736956	original_relative	0	1	2	1
mock-13	Mock 4	Bacillus_cereus_ATCC_10987	Bacillus cereus | Copy1	Bacillus_cereus	Bacillus cereus	TAC	TAC	0.060994450565736956	0.060994450565736956	0.060994450565736956	0.060994450565736956	original_relative	0	1	2	1
mock-13	Mock 4	Bacteroides_vulgatus_ATCC_8482	Bacteroides vulgatus | Copy1	Bacteroides_vulgatus	Bacteroides vulgatus	zOTU	UNOISE3	0.026043663363445393	0.026043663363445393	0.026043663363445393	0.026043663363445393	original_relative	0	1	10	1
mock-13	Mock 4	Bacteroides_vulgatus_ATCC_8482	Bacteroides vulgatus | Copy1	Bacteroides_vulgatus	Bacteroides vulgatus	TIC	TIC	0.002910172568263064	0.002910172568263064	0.002910172568263064	0.002910172568263064	original_relative	0	1	10	1
mock-13	Mock 4	Bacteroides_vulgatus_ATCC_8482	Bacteroides vulgatus | Copy1	Bacteroides_vulgatus	Bacteroides vulgatus	TAC	TAC	0.002910172568263064	0.002910172568263064	0.002910172568263064	0.002910172568263064	original_relative	0	1	10	1
mock-13	Mock 4	Clostridium_beijerinckii_ATCC_51743	Clostridium beijerinckii | Copy1	Clostridium_beijerinckii	Clostridium beijerinckii	zOTU	UNOISE3	0.04817901833779585	0.04817901833779585	0.04817901833779585	0.04817901833779585	original_relative	0	1	3	1
mock-13	Mock 4	Clostridium_beijerinckii_ATCC_51743	Clostridium beijerinckii | Copy1	Clostridium_beijerinckii	Clostridium beijerinckii	TIC	TIC	0.012184747268897938	0.012184747268897938	0.012184747268897938	0.012184747268897938	original_relative	0	1	3	1
mock-13	Mock 4	Clostridium_beijerinckii_ATCC_51743	Clostridium beijerinckii | Copy1	Clostridium_beijerinckii	Clostridium beijerinckii	TAC	TAC	0.012184747268897938	0.012184747268897938	0.012184747268897938	0.012184747268897938	original_relative	0	1	3	1
mock-13	Mock 4	Clostridium_beijerinckii_ATCC_51743__Copy3	Clostridium beijerinckii | Copy2	Clostridium_beijerinckii	Clostridium beijerinckii	zOTU	UNOISE3	-0.0238095238	0.0238095238	-0.0238095238	0.0238095238	original_relative	3	2	14	1
mock-13	Mock 4	Clostridium_beijerinckii_ATCC_51743__Copy3	Clostridium beijerinckii | Copy2	Clostridium_beijerinckii	Clostridium beijerinckii	TIC	TIC	0.012184747268897938	0.012184747268897938	0.012184747268897938	0.012184747268897938	original_relative	3	2	14	1
mock-13	Mock 4	Clostridium_beijerinckii_ATCC_51743__Copy3	Clostridium beijerinckii | Copy2	Clostridium_beijerinckii	Clostridium beijerinckii	TAC	TAC	0.012184747268897938	0.012184747268897938	0.012184747268897938	0.012184747268897938	original_relative	3	2	14	1
mock-13	Mock 4	Deinococcus_radiodurans_DSM_20539_	Deinococcus radiodurans | Copy1	Deinococcus_radiodurans	Deinococcus radiodurans	zOTU	UNOISE3	0.019344116378089325	0.019344116378089325	0.019344116378089325	0.019344116378089325	original_relative	0	1	15	1
mock-13	Mock 4	Deinococcus_radiodurans_DSM_20539_	Deinococcus radiodurans | Copy1	Deinococcus_radiodurans	Deinococcus radiodurans	TIC	TIC	0.019344116378089353	0.019344116378089353	0.019344116378089353	0.019344116378089353	original_relative	0	1	15	1
mock-13	Mock 4	Deinococcus_radiodurans_DSM_20539_	Deinococcus radiodurans | Copy1	Deinococcus_radiodurans	Deinococcus radiodurans	TAC	TAC	0.019344116378089353	0.019344116378089353	0.019344116378089353	0.019344116378089353	original_relative	0	1	15	1
mock-13	Mock 4	Lactobacillus_gasseri_DSM_20243	Lactobacillus gasseri | Copy1	Lactobacillus_gasseri	Lactobacillus gasseri	zOTU	UNOISE3	-0.033517836483863514	0.033517836483863514	-0.033517836483863514	0.033517836483863514	original_relative	0	1	8	1
mock-13	Mock 4	Lactobacillus_gasseri_DSM_20243	Lactobacillus gasseri | Copy1	Lactobacillus_gasseri	Lactobacillus gasseri	TIC	TIC	-0.03351783648386351	0.03351783648386351	-0.03351783648386351	0.03351783648386351	original_relative	0	1	8	1
mock-13	Mock 4	Lactobacillus_gasseri_DSM_20243	Lactobacillus gasseri | Copy1	Lactobacillus_gasseri	Lactobacillus gasseri	TAC	TAC	-0.03351783648386351	0.03351783648386351	-0.03351783648386351	0.03351783648386351	original_relative	0	1	8	1
mock-13	Mock 4	Neisseria_meningitidis_ATCC_BAA-335	Neisseria meningitidis | Copy1	Neisseria_meningitidis	Neisseria meningitidis	zOTU	UNOISE3	0.02463081420210058	0.02463081420210058	0.02463081420210058	0.02463081420210058	original_relative	0	1	13	1
mock-13	Mock 4	Neisseria_meningitidis_ATCC_BAA-335	Neisseria meningitidis | Copy1	Neisseria_meningitidis	Neisseria meningitidis	TIC	TIC	0.024630814202100608	0.024630814202100608	0.024630814202100608	0.024630814202100608	original_relative	0	1	13	1
mock-13	Mock 4	Neisseria_meningitidis_ATCC_BAA-335	Neisseria meningitidis | Copy1	Neisseria_meningitidis	Neisseria meningitidis	TAC	TAC	0.024630814202100608	0.024630814202100608	0.024630814202100608	0.024630814202100608	original_relative	0	1	13	1
mock-13	Mock 4	Porphyromonas_gingivalis_ATCC_33277	Porphyromonas gingivalis | Copy1	Porphyromonas_gingivalis	Porphyromonas gingivalis	zOTU	UNOISE3	-0.025743576470797534	0.025743576470797534	-0.025743576470797534	0.025743576470797534	original_relative	0	1	11	1
mock-13	Mock 4	Porphyromonas_gingivalis_ATCC_33277	Porphyromonas gingivalis | Copy1	Porphyromonas_gingivalis	Porphyromonas gingivalis	TIC	TIC	-0.025743576470797527	0.025743576470797527	-0.025743576470797527	0.025743576470797527	original_relative	0	1	11	1
mock-13	Mock 4	Porphyromonas_gingivalis_ATCC_33277	Porphyromonas gingivalis | Copy1	Porphyromonas_gingivalis	Porphyromonas gingivalis	TAC	TAC	-0.025743576470797527	0.025743576470797527	-0.025743576470797527	0.025743576470797527	original_relative	0	1	11	1
mock-13	Mock 4	Propionibacterium_acnes_DSM16379	Propionibacterium acnes | Copy1	Propionibacterium_acnes	Propionibacterium acnes	zOTU	UNOISE3	-0.047387880204653496	0.047387880204653496	-0.047387880204653496	0.047387880204653496	original_relative	0	1	5	1
mock-13	Mock 4	Propionibacterium_acnes_DSM16379	Propionibacterium acnes | Copy1	Propionibacterium_acnes	Propionibacterium acnes	TIC	TIC	-0.047387880204653496	0.047387880204653496	-0.047387880204653496	0.047387880204653496	original_relative	0	1	5	1
mock-13	Mock 4	Propionibacterium_acnes_DSM16379	Propionibacterium acnes | Copy1	Propionibacterium_acnes	Propionibacterium acnes	TAC	TAC	-0.047387880204653496	0.047387880204653496	-0.047387880204653496	0.047387880204653496	original_relative	0	1	5	1
mock-13	Mock 4	Rhodobacter_sphaeroides_ATCC_17023	Rhodobacter sphaeroides | Copy1	Rhodobacter_sphaeroides	Rhodobacter sphaeroides	zOTU	UNOISE3	-0.025220937142188055	0.025220937142188055	-0.025220937142188055	0.025220937142188055	original_relative	0	1	12	1
mock-13	Mock 4	Rhodobacter_sphaeroides_ATCC_17023	Rhodobacter sphaeroides | Copy1	Rhodobacter_sphaeroides	Rhodobacter sphaeroides	TIC	TIC	-0.02522093714218805	0.02522093714218805	-0.02522093714218805	0.02522093714218805	original_relative	0	1	12	1
mock-13	Mock 4	Rhodobacter_sphaeroides_ATCC_17023	Rhodobacter sphaeroides | Copy1	Rhodobacter_sphaeroides	Rhodobacter sphaeroides	TAC	TAC	-0.02522093714218805	0.02522093714218805	-0.02522093714218805	0.02522093714218805	original_relative	0	1	12	1
mock-13	Mock 4	Staphylococcus_aureus_ATCC_BAA-1718	Staphylococcus aureus | Copy1	Staphylococcus_aureus	Staphylococcus aureus	zOTU	UNOISE3	0.0945237736472988	0.0945237736472988	0.0945237736472988	0.0945237736472988	original_relative	0	1	1	1
mock-13	Mock 4	Staphylococcus_aureus_ATCC_BAA-1718	Staphylococcus aureus | Copy1	Staphylococcus_aureus	Staphylococcus aureus	TIC	TIC	0.09452377364729886	0.09452377364729886	0.09452377364729886	0.09452377364729886	original_relative	0	1	1	1
mock-13	Mock 4	Staphylococcus_aureus_ATCC_BAA-1718	Staphylococcus aureus | Copy1	Staphylococcus_aureus	Staphylococcus aureus	TAC	TAC	0.09452377364729886	0.09452377364729886	0.09452377364729886	0.09452377364729886	original_relative	0	1	1	1
mock-13	Mock 4	Staphylococcus_epidermidis_ATCC_12228__Copy4	Staphylococcus epidermidis | Copy1	Staphylococcus_epidermidis	Staphylococcus epidermidis	zOTU	UNOISE3	-0.0476190477	0.0476190477	-0.0476190477	0.0476190477	original_relative	4	1	4	1
mock-13	Mock 4	Staphylococcus_epidermidis_ATCC_12228__Copy4	Staphylococcus epidermidis | Copy1	Staphylococcus_epidermidis	Staphylococcus epidermidis	TIC	TIC	-0.0476190477	0.0476190477	-0.0476190477	0.0476190477	original_relative	4	1	4	1
mock-13	Mock 4	Staphylococcus_epidermidis_ATCC_12228__Copy4	Staphylococcus epidermidis | Copy1	Staphylococcus_epidermidis	Staphylococcus epidermidis	TAC	TAC	-0.0476190477	0.0476190477	-0.0476190477	0.0476190477	original_relative	4	1	4	1
mock-13	Mock 4	Streptococcus_agalactiae_ATCC_BAA-611	Streptococcus agalactiae | Copy1	Streptococcus_agalactiae	Streptococcus agalactiae	zOTU	UNOISE3	-0.027417027497979803	0.027417027497979803	-0.027417027497979803	0.027417027497979803	original_relative	0	1	9	1
mock-13	Mock 4	Streptococcus_agalactiae_ATCC_BAA-611	Streptococcus agalactiae | Copy1	Streptococcus_agalactiae	Streptococcus agalactiae	TIC	TIC	-0.027417027497979796	0.027417027497979796	-0.027417027497979796	0.027417027497979796	original_relative	0	1	9	1
mock-13	Mock 4	Streptococcus_agalactiae_ATCC_BAA-611	Streptococcus agalactiae | Copy1	Streptococcus_agalactiae	Streptococcus agalactiae	TAC	TAC	-0.027417027497979796	0.027417027497979796	-0.027417027497979796	0.027417027497979796	original_relative	0	1	9	1
mock-13	Mock 4	Streptococcus_pneumoniae_ATCC_BAA-334	Streptococcus pneumoniae | Copy1	Streptococcus_pneumoniae	Streptococcus pneumoniae	zOTU	UNOISE3	-0.04377463340782452	0.04377463340782452	-0.04377463340782452	0.04377463340782452	original_relative	0	1	6	1
mock-13	Mock 4	Streptococcus_pneumoniae_ATCC_BAA-334	Streptococcus pneumoniae | Copy1	Streptococcus_pneumoniae	Streptococcus pneumoniae	TIC	TIC	-0.04377463340782452	0.04377463340782452	-0.04377463340782452	0.04377463340782452	original_relative	0	1	6	1
mock-13	Mock 4	Streptococcus_pneumoniae_ATCC_BAA-334	Streptococcus pneumoniae | Copy1	Streptococcus_pneumoniae	Streptococcus pneumoniae	TAC	TAC	-0.04377463340782452	0.04377463340782452	-0.04377463340782452	0.04377463340782452	original_relative	0	1	6	1
mock-14	Mock 5	Acinetobacter_baumannii_ATCC_17978	Acinetobacter baumannii | Copy1	Acinetobacter_baumannii	Acinetobacter baumannii	zOTU	UNOISE3	0.03393938460567846	0.03393938460567846	0.03393938460567846	0.03393938460567846	original_relative	0	1	8	1
mock-14	Mock 5	Acinetobacter_baumannii_ATCC_17978	Acinetobacter baumannii | Copy1	Acinetobacter_baumannii	Acinetobacter baumannii	TIC	TIC	0.03393938460567849	0.03393938460567849	0.03393938460567849	0.03393938460567849	original_relative	0	1	8	1
mock-14	Mock 5	Acinetobacter_baumannii_ATCC_17978	Acinetobacter baumannii | Copy1	Acinetobacter_baumannii	Acinetobacter baumannii	TAC	TAC	0.033939384605678476	0.033939384605678476	0.033939384605678476	0.033939384605678476	original_relative	0	1	8	1
mock-14	Mock 5	Actinomyces_odontolyticus_ATCC_17982	Actinomyces odontolyticus | Copy1	Actinomyces_odontolyticus	Actinomyces odontolyticus	zOTU	UNOISE3	-0.02097302559902779	0.02097302559902779	-0.02097302559902779	0.02097302559902779	original_relative	0	1	15	1
mock-14	Mock 5	Actinomyces_odontolyticus_ATCC_17982	Actinomyces odontolyticus | Copy1	Actinomyces_odontolyticus	Actinomyces odontolyticus	TIC	TIC	-0.020973025599027778	0.020973025599027778	-0.020973025599027778	0.020973025599027778	original_relative	0	1	15	1
mock-14	Mock 5	Actinomyces_odontolyticus_ATCC_17982	Actinomyces odontolyticus | Copy1	Actinomyces_odontolyticus	Actinomyces odontolyticus	TAC	TAC	-0.02097302559902778	0.02097302559902778	-0.02097302559902778	0.02097302559902778	original_relative	0	1	15	1
mock-14	Mock 5	Bacillus_cereus_ATCC_10987	Bacillus cereus | Copy1	Bacillus_cereus	Bacillus cereus	zOTU	UNOISE3	0.06638871815506059	0.06638871815506059	0.06638871815506059	0.06638871815506059	original_relative	0	1	2	1
mock-14	Mock 5	Bacillus_cereus_ATCC_10987	Bacillus cereus | Copy1	Bacillus_cereus	Bacillus cereus	TIC	TIC	0.06638871815506064	0.06638871815506064	0.06638871815506064	0.06638871815506064	original_relative	0	1	2	1
mock-14	Mock 5	Bacillus_cereus_ATCC_10987	Bacillus cereus | Copy1	Bacillus_cereus	Bacillus cereus	TAC	TAC	0.06638871815506062	0.06638871815506062	0.06638871815506062	0.06638871815506062	original_relative	0	1	2	1
mock-14	Mock 5	Bacteroides_vulgatus_ATCC_8482	Bacteroides vulgatus | Copy1	Bacteroides_vulgatus	Bacteroides vulgatus	zOTU	UNOISE3	0.02479817582265511	0.02479817582265511	0.02479817582265511	0.02479817582265511	original_relative	0	1	12	1
mock-14	Mock 5	Bacteroides_vulgatus_ATCC_8482	Bacteroides vulgatus | Copy1	Bacteroides_vulgatus	Bacteroides vulgatus	TIC	TIC	0.0023971131824984428	0.0023971131824984428	0.0023971131824984428	0.0023971131824984428	original_relative	0	1	12	1
mock-14	Mock 5	Bacteroides_vulgatus_ATCC_8482	Bacteroides vulgatus | Copy1	Bacteroides_vulgatus	Bacteroides vulgatus	TAC	TAC	0.0023971131824984393	0.0023971131824984393	0.0023971131824984393	0.0023971131824984393	original_relative	0	1	12	1
mock-14	Mock 5	Clostridium_beijerinckii_ATCC_51743	Clostridium beijerinckii | Copy1	Clostridium_beijerinckii	Clostridium beijerinckii	zOTU	UNOISE3	0.05092536628515923	0.05092536628515923	0.05092536628515923	0.05092536628515923	original_relative	0	1	3	1
mock-14	Mock 5	Clostridium_beijerinckii_ATCC_51743	Clostridium beijerinckii | Copy1	Clostridium_beijerinckii	Clostridium beijerinckii	TIC	TIC	0.013557921242579627	0.013557921242579627	0.013557921242579627	0.013557921242579627	original_relative	0	1	3	1
mock-14	Mock 5	Clostridium_beijerinckii_ATCC_51743	Clostridium beijerinckii | Copy1	Clostridium_beijerinckii	Clostridium beijerinckii	TAC	TAC	0.01355792124257962	0.01355792124257962	0.01355792124257962	0.01355792124257962	original_relative	0	1	3	1
mock-14	Mock 5	Clostridium_beijerinckii_ATCC_51743__Copy3	Clostridium beijerinckii | Copy2	Clostridium_beijerinckii	Clostridium beijerinckii	zOTU	UNOISE3	-0.0238095238	0.0238095238	-0.0238095238	0.0238095238	original_relative	3	2	13	1
mock-14	Mock 5	Clostridium_beijerinckii_ATCC_51743__Copy3	Clostridium beijerinckii | Copy2	Clostridium_beijerinckii	Clostridium beijerinckii	TIC	TIC	0.013557921242579627	0.013557921242579627	0.013557921242579627	0.013557921242579627	original_relative	3	2	13	1
mock-14	Mock 5	Clostridium_beijerinckii_ATCC_51743__Copy3	Clostridium beijerinckii | Copy2	Clostridium_beijerinckii	Clostridium beijerinckii	TAC	TAC	0.01355792124257962	0.01355792124257962	0.01355792124257962	0.01355792124257962	original_relative	3	2	13	1
mock-14	Mock 5	Deinococcus_radiodurans_DSM_20539_	Deinococcus radiodurans | Copy1	Deinococcus_radiodurans	Deinococcus radiodurans	zOTU	UNOISE3	0.028352121884303423	0.028352121884303423	0.028352121884303423	0.028352121884303423	original_relative	0	1	10	1
mock-14	Mock 5	Deinococcus_radiodurans_DSM_20539_	Deinococcus radiodurans | Copy1	Deinococcus_radiodurans	Deinococcus radiodurans	TIC	TIC	0.02835212188430345	0.02835212188430345	0.02835212188430345	0.02835212188430345	original_relative	0	1	10	1
mock-14	Mock 5	Deinococcus_radiodurans_DSM_20539_	Deinococcus radiodurans | Copy1	Deinococcus_radiodurans	Deinococcus radiodurans	TAC	TAC	0.028352121884303437	0.028352121884303437	0.028352121884303437	0.028352121884303437	original_relative	0	1	10	1
mock-14	Mock 5	Lactobacillus_gasseri_DSM_20243	Lactobacillus gasseri | Copy1	Lactobacillus_gasseri	Lactobacillus gasseri	zOTU	UNOISE3	-0.03447607728870965	0.03447607728870965	-0.03447607728870965	0.03447607728870965	original_relative	0	1	7	1
mock-14	Mock 5	Lactobacillus_gasseri_DSM_20243	Lactobacillus gasseri | Copy1	Lactobacillus_gasseri	Lactobacillus gasseri	TIC	TIC	-0.03447607728870965	0.03447607728870965	-0.03447607728870965	0.03447607728870965	original_relative	0	1	7	1
mock-14	Mock 5	Lactobacillus_gasseri_DSM_20243	Lactobacillus gasseri | Copy1	Lactobacillus_gasseri	Lactobacillus gasseri	TAC	TAC	-0.03447607728870965	0.03447607728870965	-0.03447607728870965	0.03447607728870965	original_relative	0	1	7	1
mock-14	Mock 5	Porphyromonas_gingivalis_ATCC_33277	Porphyromonas gingivalis | Copy1	Porphyromonas_gingivalis	Porphyromonas gingivalis	zOTU	UNOISE3	-0.026074178459574274	0.026074178459574274	-0.026074178459574274	0.026074178459574274	original_relative	0	1	11	1
mock-14	Mock 5	Porphyromonas_gingivalis_ATCC_33277	Porphyromonas gingivalis | Copy1	Porphyromonas_gingivalis	Porphyromonas gingivalis	TIC	TIC	-0.026074178459574267	0.026074178459574267	-0.026074178459574267	0.026074178459574267	original_relative	0	1	11	1
mock-14	Mock 5	Porphyromonas_gingivalis_ATCC_33277	Porphyromonas gingivalis | Copy1	Porphyromonas_gingivalis	Porphyromonas gingivalis	TAC	TAC	-0.02607417845957427	0.02607417845957427	-0.02607417845957427	0.02607417845957427	original_relative	0	1	11	1
mock-14	Mock 5	Propionibacterium_acnes_DSM16379	Propionibacterium acnes | Copy1	Propionibacterium_acnes	Propionibacterium acnes	zOTU	UNOISE3	-0.04730097571575416	0.04730097571575416	-0.04730097571575416	0.04730097571575416	original_relative	0	1	5	1
mock-14	Mock 5	Propionibacterium_acnes_DSM16379	Propionibacterium acnes | Copy1	Propionibacterium_acnes	Propionibacterium acnes	TIC	TIC	-0.04730097571575416	0.04730097571575416	-0.04730097571575416	0.04730097571575416	original_relative	0	1	5	1
mock-14	Mock 5	Propionibacterium_acnes_DSM16379	Propionibacterium acnes | Copy1	Propionibacterium_acnes	Propionibacterium acnes	TAC	TAC	-0.04730097571575416	0.04730097571575416	-0.04730097571575416	0.04730097571575416	original_relative	0	1	5	1
mock-14	Mock 5	Rhodobacter_sphaeroides_ATCC_17023	Rhodobacter sphaeroides | Copy1	Rhodobacter_sphaeroides	Rhodobacter sphaeroides	zOTU	UNOISE3	-0.021921239895458782	0.021921239895458782	-0.021921239895458782	0.021921239895458782	original_relative	0	1	14	1
mock-14	Mock 5	Rhodobacter_sphaeroides_ATCC_17023	Rhodobacter sphaeroides | Copy1	Rhodobacter_sphaeroides	Rhodobacter sphaeroides	TIC	TIC	-0.021921239895458775	0.021921239895458775	-0.021921239895458775	0.021921239895458775	original_relative	0	1	14	1
mock-14	Mock 5	Rhodobacter_sphaeroides_ATCC_17023	Rhodobacter sphaeroides | Copy1	Rhodobacter_sphaeroides	Rhodobacter sphaeroides	TAC	TAC	-0.02192123989545878	0.02192123989545878	-0.02192123989545878	0.02192123989545878	original_relative	0	1	14	1
mock-14	Mock 5	Staphylococcus_aureus_ATCC_BAA-1718	Staphylococcus aureus | Copy1	Staphylococcus_aureus	Staphylococcus aureus	zOTU	UNOISE3	0.09877203678507099	0.09877203678507099	0.09877203678507099	0.09877203678507099	original_relative	0	1	1	1
mock-14	Mock 5	Staphylococcus_aureus_ATCC_BAA-1718	Staphylococcus aureus | Copy1	Staphylococcus_aureus	Staphylococcus aureus	TIC	TIC	0.09877203678507104	0.09877203678507104	0.09877203678507104	0.09877203678507104	original_relative	0	1	1	1
mock-14	Mock 5	Staphylococcus_aureus_ATCC_BAA-1718	Staphylococcus aureus | Copy1	Staphylococcus_aureus	Staphylococcus aureus	TAC	TAC	0.09877203678507102	0.09877203678507102	0.09877203678507102	0.09877203678507102	original_relative	0	1	1	1
mock-14	Mock 5	Staphylococcus_epidermidis_ATCC_12228__Copy4	Staphylococcus epidermidis | Copy1	Staphylococcus_epidermidis	Staphylococcus epidermidis	zOTU	UNOISE3	-0.0476190477	0.0476190477	-0.0476190477	0.0476190477	original_relative	4	1	4	1
mock-14	Mock 5	Staphylococcus_epidermidis_ATCC_12228__Copy4	Staphylococcus epidermidis | Copy1	Staphylococcus_epidermidis	Staphylococcus epidermidis	TIC	TIC	-0.0476190477	0.0476190477	-0.0476190477	0.0476190477	original_relative	4	1	4	1
mock-14	Mock 5	Staphylococcus_epidermidis_ATCC_12228__Copy4	Staphylococcus epidermidis | Copy1	Staphylococcus_epidermidis	Staphylococcus epidermidis	TAC	TAC	-0.0476190477	0.0476190477	-0.0476190477	0.0476190477	original_relative	4	1	4	1
mock-14	Mock 5	Streptococcus_agalactiae_ATCC_BAA-611	Streptococcus agalactiae | Copy1	Streptococcus_agalactiae	Streptococcus agalactiae	zOTU	UNOISE3	-0.031049302937683723	0.031049302937683723	-0.031049302937683723	0.031049302937683723	original_relative	0	1	9	1
mock-14	Mock 5	Streptococcus_agalactiae_ATCC_BAA-611	Streptococcus agalactiae | Copy1	Streptococcus_agalactiae	Streptococcus agalactiae	TIC	TIC	-0.031049302937683716	0.031049302937683716	-0.031049302937683716	0.031049302937683716	original_relative	0	1	9	1
mock-14	Mock 5	Streptococcus_agalactiae_ATCC_BAA-611	Streptococcus agalactiae | Copy1	Streptococcus_agalactiae	Streptococcus agalactiae	TAC	TAC	-0.03104930293768372	0.03104930293768372	-0.03104930293768372	0.03104930293768372	original_relative	0	1	9	1
mock-14	Mock 5	Streptococcus_pneumoniae_ATCC_BAA-334	Streptococcus pneumoniae | Copy1	Streptococcus_pneumoniae	Streptococcus pneumoniae	zOTU	UNOISE3	-0.04415626511113492	0.04415626511113492	-0.04415626511113492	0.04415626511113492	original_relative	0	1	6	1
mock-14	Mock 5	Streptococcus_pneumoniae_ATCC_BAA-334	Streptococcus pneumoniae | Copy1	Streptococcus_pneumoniae	Streptococcus pneumoniae	TIC	TIC	-0.044156265111134914	0.044156265111134914	-0.044156265111134914	0.044156265111134914	original_relative	0	1	6	1
mock-14	Mock 5	Streptococcus_pneumoniae_ATCC_BAA-334	Streptococcus pneumoniae | Copy1	Streptococcus_pneumoniae	Streptococcus pneumoniae	TAC	TAC	-0.044156265111134914	0.044156265111134914	-0.044156265111134914	0.044156265111134914	original_relative	0	1	6	1
mock-15	Mock 6	Acinetobacter_baumannii_ATCC_17978	Acinetobacter baumannii | Copy1	Acinetobacter_baumannii	Acinetobacter baumannii	zOTU	UNOISE3	0.054053963636916245	0.054053963636916245	0.054053963636916245	0.054053963636916245	original_relative	0	1	2	1
mock-15	Mock 6	Acinetobacter_baumannii_ATCC_17978	Acinetobacter baumannii | Copy1	Acinetobacter_baumannii	Acinetobacter baumannii	TIC	TIC	0.054053963636916245	0.054053963636916245	0.054053963636916245	0.054053963636916245	original_relative	0	1	2	1
mock-15	Mock 6	Acinetobacter_baumannii_ATCC_17978	Acinetobacter baumannii | Copy1	Acinetobacter_baumannii	Acinetobacter baumannii	TAC	TAC	0.05405396363691626	0.05405396363691626	0.05405396363691626	0.05405396363691626	original_relative	0	1	2	1
mock-15	Mock 6	Bacillus_cereus_ATCC_10987	Bacillus cereus | Copy1	Bacillus_cereus	Bacillus cereus	zOTU	UNOISE3	0.05384315688865616	0.05384315688865616	0.05384315688865616	0.05384315688865616	original_relative	0	1	3	1
mock-15	Mock 6	Bacillus_cereus_ATCC_10987	Bacillus cereus | Copy1	Bacillus_cereus	Bacillus cereus	TIC	TIC	0.05384315688865616	0.05384315688865616	0.05384315688865616	0.05384315688865616	original_relative	0	1	3	1
mock-15	Mock 6	Bacillus_cereus_ATCC_10987	Bacillus cereus | Copy1	Bacillus_cereus	Bacillus cereus	TAC	TAC	0.053843156888656186	0.053843156888656186	0.053843156888656186	0.053843156888656186	original_relative	0	1	3	1
mock-15	Mock 6	Bacteroides_vulgatus_ATCC_8482	Bacteroides vulgatus | Copy1	Bacteroides_vulgatus	Bacteroides vulgatus	zOTU	UNOISE3	0.01933476626303142	0.01933476626303142	0.01933476626303142	0.01933476626303142	original_relative	0	1	15	1
mock-15	Mock 6	Bacteroides_vulgatus_ATCC_8482	Bacteroides vulgatus | Copy1	Bacteroides_vulgatus	Bacteroides vulgatus	TIC	TIC	2.6090190513899242e-05	2.6090190513899242e-05	2.6090190513899242e-05	2.6090190513899242e-05	original_relative	0	1	15	1
mock-15	Mock 6	Bacteroides_vulgatus_ATCC_8482	Bacteroides vulgatus | Copy1	Bacteroides_vulgatus	Bacteroides vulgatus	TAC	TAC	2.609019051390271e-05	2.609019051390271e-05	2.609019051390271e-05	2.609019051390271e-05	original_relative	0	1	15	1
mock-15	Mock 6	Clostridium_beijerinckii_ATCC_51743	Clostridium beijerinckii | Copy1	Clostridium_beijerinckii	Clostridium beijerinckii	zOTU	UNOISE3	0.047192633150206845	0.047192633150206845	0.047192633150206845	0.047192633150206845	original_relative	0	1	6	1
mock-15	Mock 6	Clostridium_beijerinckii_ATCC_51743	Clostridium beijerinckii | Copy1	Clostridium_beijerinckii	Clostridium beijerinckii	TIC	TIC	0.011691554675103421	0.011691554675103421	0.011691554675103421	0.011691554675103421	original_relative	0	1	6	1
mock-15	Mock 6	Clostridium_beijerinckii_ATCC_51743	Clostridium beijerinckii | Copy1	Clostridium_beijerinckii	Clostridium beijerinckii	TAC	TAC	0.011691554675103428	0.011691554675103428	0.011691554675103428	0.011691554675103428	original_relative	0	1	6	1
mock-15	Mock 6	Clostridium_beijerinckii_ATCC_51743__Copy3	Clostridium beijerinckii | Copy2	Clostridium_beijerinckii	Clostridium beijerinckii	zOTU	UNOISE3	-0.0238095238	0.0238095238	-0.0238095238	0.0238095238	original_relative	3	2	14	1
mock-15	Mock 6	Clostridium_beijerinckii_ATCC_51743__Copy3	Clostridium beijerinckii | Copy2	Clostridium_beijerinckii	Clostridium beijerinckii	TIC	TIC	0.011691554675103421	0.011691554675103421	0.011691554675103421	0.011691554675103421	original_relative	3	2	14	1
mock-15	Mock 6	Clostridium_beijerinckii_ATCC_51743__Copy3	Clostridium beijerinckii | Copy2	Clostridium_beijerinckii	Clostridium beijerinckii	TAC	TAC	0.011691554675103428	0.011691554675103428	0.011691554675103428	0.011691554675103428	original_relative	3	2	14	1
mock-15	Mock 6	Deinococcus_radiodurans_DSM_20539_	Deinococcus radiodurans | Copy1	Deinococcus_radiodurans	Deinococcus radiodurans	zOTU	UNOISE3	0.040192656146249776	0.040192656146249776	0.040192656146249776	0.040192656146249776	original_relative	0	1	8	1
mock-15	Mock 6	Deinococcus_radiodurans_DSM_20539_	Deinococcus radiodurans | Copy1	Deinococcus_radiodurans	Deinococcus radiodurans	TIC	TIC	0.040192656146249776	0.040192656146249776	0.040192656146249776	0.040192656146249776	original_relative	0	1	8	1
mock-15	Mock 6	Deinococcus_radiodurans_DSM_20539_	Deinococcus radiodurans | Copy1	Deinococcus_radiodurans	Deinococcus radiodurans	TAC	TAC	0.04019265614624979	0.04019265614624979	0.04019265614624979	0.04019265614624979	original_relative	0	1	8	1
mock-15	Mock 6	Lactobacillus_gasseri_DSM_20243	Lactobacillus gasseri | Copy1	Lactobacillus_gasseri	Lactobacillus gasseri	zOTU	UNOISE3	-0.03262427194115253	0.03262427194115253	-0.03262427194115253	0.03262427194115253	original_relative	0	1	10	1
mock-15	Mock 6	Lactobacillus_gasseri_DSM_20243	Lactobacillus gasseri | Copy1	Lactobacillus_gasseri	Lactobacillus gasseri	TIC	TIC	-0.03262427194115253	0.03262427194115253	-0.03262427194115253	0.03262427194115253	original_relative	0	1	10	1
mock-15	Mock 6	Lactobacillus_gasseri_DSM_20243	Lactobacillus gasseri | Copy1	Lactobacillus_gasseri	Lactobacillus gasseri	TAC	TAC	-0.03262427194115253	0.03262427194115253	-0.03262427194115253	0.03262427194115253	original_relative	0	1	10	1
mock-15	Mock 6	Neisseria_meningitidis_ATCC_BAA-335	Neisseria meningitidis | Copy1	Neisseria_meningitidis	Neisseria meningitidis	zOTU	UNOISE3	0.033761522739185	0.033761522739185	0.033761522739185	0.033761522739185	original_relative	0	1	9	1
mock-15	Mock 6	Neisseria_meningitidis_ATCC_BAA-335	Neisseria meningitidis | Copy1	Neisseria_meningitidis	Neisseria meningitidis	TIC	TIC	0.033761522739185	0.033761522739185	0.033761522739185	0.033761522739185	original_relative	0	1	9	1
mock-15	Mock 6	Neisseria_meningitidis_ATCC_BAA-335	Neisseria meningitidis | Copy1	Neisseria_meningitidis	Neisseria meningitidis	TAC	TAC	0.033761522739185014	0.033761522739185014	0.033761522739185014	0.033761522739185014	original_relative	0	1	9	1
mock-15	Mock 6	Porphyromonas_gingivalis_ATCC_33277	Porphyromonas gingivalis | Copy1	Porphyromonas_gingivalis	Porphyromonas gingivalis	zOTU	UNOISE3	-0.030910321422690137	0.030910321422690137	-0.030910321422690137	0.030910321422690137	original_relative	0	1	12	1
mock-15	Mock 6	Porphyromonas_gingivalis_ATCC_33277	Porphyromonas gingivalis | Copy1	Porphyromonas_gingivalis	Porphyromonas gingivalis	TIC	TIC	-0.030910321422690137	0.030910321422690137	-0.030910321422690137	0.030910321422690137	original_relative	0	1	12	1
mock-15	Mock 6	Porphyromonas_gingivalis_ATCC_33277	Porphyromonas gingivalis | Copy1	Porphyromonas_gingivalis	Porphyromonas gingivalis	TAC	TAC	-0.030910321422690134	0.030910321422690134	-0.030910321422690134	0.030910321422690134	original_relative	0	1	12	1
mock-15	Mock 6	Propionibacterium_acnes_DSM16379	Propionibacterium acnes | Copy1	Propionibacterium_acnes	Propionibacterium acnes	zOTU	UNOISE3	-0.04746628908676805	0.04746628908676805	-0.04746628908676805	0.04746628908676805	original_relative	0	1	5	1
mock-15	Mock 6	Propionibacterium_acnes_DSM16379	Propionibacterium acnes | Copy1	Propionibacterium_acnes	Propionibacterium acnes	TIC	TIC	-0.047420461532798476	0.047420461532798476	-0.047420461532798476	0.047420461532798476	original_relative	0	1	5	1
mock-15	Mock 6	Propionibacterium_acnes_DSM16379	Propionibacterium acnes | Copy1	Propionibacterium_acnes	Propionibacterium acnes	TAC	TAC	-0.047420461532798476	0.047420461532798476	-0.047420461532798476	0.047420461532798476	original_relative	0	1	5	1
mock-15	Mock 6	Rhodobacter_sphaeroides_ATCC_17023	Rhodobacter sphaeroides | Copy1	Rhodobacter_sphaeroides	Rhodobacter sphaeroides	zOTU	UNOISE3	-0.02641616596340639	0.02641616596340639	-0.02641616596340639	0.02641616596340639	original_relative	0	1	13	1
mock-15	Mock 6	Rhodobacter_sphaeroides_ATCC_17023	Rhodobacter sphaeroides | Copy1	Rhodobacter_sphaeroides	Rhodobacter sphaeroides	TIC	TIC	-0.02641616596340639	0.02641616596340639	-0.02641616596340639	0.02641616596340639	original_relative	0	1	13	1
mock-15	Mock 6	Rhodobacter_sphaeroides_ATCC_17023	Rhodobacter sphaeroides | Copy1	Rhodobacter_sphaeroides	Rhodobacter sphaeroides	TAC	TAC	-0.026416165963406388	0.026416165963406388	-0.026416165963406388	0.026416165963406388	original_relative	0	1	13	1
mock-15	Mock 6	Staphylococcus_aureus_ATCC_BAA-1718	Staphylococcus aureus | Copy1	Staphylococcus_aureus	Staphylococcus aureus	zOTU	UNOISE3	0.07990681441629019	0.07990681441629019	0.07990681441629019	0.07990681441629019	original_relative	0	1	1	1
mock-15	Mock 6	Staphylococcus_aureus_ATCC_BAA-1718	Staphylococcus aureus | Copy1	Staphylococcus_aureus	Staphylococcus aureus	TIC	TIC	0.07990681441629019	0.07990681441629019	0.07990681441629019	0.07990681441629019	original_relative	0	1	1	1
mock-15	Mock 6	Staphylococcus_aureus_ATCC_BAA-1718	Staphylococcus aureus | Copy1	Staphylococcus_aureus	Staphylococcus aureus	TAC	TAC	0.07990681441629019	0.07990681441629019	0.07990681441629019	0.07990681441629019	original_relative	0	1	1	1
mock-15	Mock 6	Staphylococcus_epidermidis_ATCC_12228__Copy4	Staphylococcus epidermidis | Copy1	Staphylococcus_epidermidis	Staphylococcus epidermidis	zOTU	UNOISE3	-0.0476190477	0.0476190477	-0.0476190477	0.0476190477	original_relative	4	1	4	1
mock-15	Mock 6	Staphylococcus_epidermidis_ATCC_12228__Copy4	Staphylococcus epidermidis | Copy1	Staphylococcus_epidermidis	Staphylococcus epidermidis	TIC	TIC	-0.0476190477	0.0476190477	-0.0476190477	0.0476190477	original_relative	4	1	4	1
mock-15	Mock 6	Staphylococcus_epidermidis_ATCC_12228__Copy4	Staphylococcus epidermidis | Copy1	Staphylococcus_epidermidis	Staphylococcus epidermidis	TAC	TAC	-0.0476190477	0.0476190477	-0.0476190477	0.0476190477	original_relative	4	1	4	1
mock-15	Mock 6	Streptococcus_agalactiae_ATCC_BAA-611	Streptococcus agalactiae | Copy1	Streptococcus_agalactiae	Streptococcus agalactiae	zOTU	UNOISE3	-0.03228514814177762	0.03228514814177762	-0.03228514814177762	0.03228514814177762	original_relative	0	1	11	1
mock-15	Mock 6	Streptococcus_agalactiae_ATCC_BAA-611	Streptococcus agalactiae | Copy1	Streptococcus_agalactiae	Streptococcus agalactiae	TIC	TIC	-0.03228514814177762	0.03228514814177762	-0.03228514814177762	0.03228514814177762	original_relative	0	1	11	1
mock-15	Mock 6	Streptococcus_agalactiae_ATCC_BAA-611	Streptococcus agalactiae | Copy1	Streptococcus_agalactiae	Streptococcus agalactiae	TAC	TAC	-0.03228514814177762	0.03228514814177762	-0.03228514814177762	0.03228514814177762	original_relative	0	1	11	1
mock-15	Mock 6	Streptococcus_pneumoniae_ATCC_BAA-334	Streptococcus pneumoniae | Copy1	Streptococcus_pneumoniae	Streptococcus pneumoniae	zOTU	UNOISE3	-0.04427363626022046	0.04427363626022046	-0.04427363626022046	0.04427363626022046	original_relative	0	1	7	1
mock-15	Mock 6	Streptococcus_pneumoniae_ATCC_BAA-334	Streptococcus pneumoniae | Copy1	Streptococcus_pneumoniae	Streptococcus pneumoniae	TIC	TIC	-0.04427363626022046	0.04427363626022046	-0.04427363626022046	0.04427363626022046	original_relative	0	1	7	1
mock-15	Mock 6	Streptococcus_pneumoniae_ATCC_BAA-334	Streptococcus pneumoniae | Copy1	Streptococcus_pneumoniae	Streptococcus pneumoniae	TAC	TAC	-0.04427363626022046	0.04427363626022046	-0.04427363626022046	0.04427363626022046	original_relative	0	1	7	1
mock-16	Mock 7	Akkermansia_muciniphila_ATCC_BAA-835	Akkermansia muciniphila | Copy1	Akkermansia_muciniphila	Akkermansia muciniphila	zOTU	UNOISE3	0.041423500505660946	0.041423500505660946	0.041423500505660946	0.041423500505660946	original_relative	0	1	2	1
mock-16	Mock 7	Akkermansia_muciniphila_ATCC_BAA-835	Akkermansia muciniphila | Copy1	Akkermansia_muciniphila	Akkermansia muciniphila	TIC	TIC	0.041423500505660925	0.041423500505660925	0.041423500505660925	0.041423500505660925	original_relative	0	1	2	1
mock-16	Mock 7	Akkermansia_muciniphila_ATCC_BAA-835	Akkermansia muciniphila | Copy1	Akkermansia_muciniphila	Akkermansia muciniphila	TAC	TAC	0.041423500505660946	0.041423500505660946	0.041423500505660946	0.041423500505660946	original_relative	0	1	2	1
mock-16	Mock 7	Archaeoglobus_fulgidus_DSM_4304	Archaeoglobus fulgidus | Copy1	Archaeoglobus_fulgidus	Archaeoglobus fulgidus	zOTU	UNOISE3	-0.015480310796068252	0.015480310796068252	-0.015480310796068252	0.015480310796068252	original_relative	0	1	12	1
mock-16	Mock 7	Archaeoglobus_fulgidus_DSM_4304	Archaeoglobus fulgidus | Copy1	Archaeoglobus_fulgidus	Archaeoglobus fulgidus	TIC	TIC	-0.015480310796068254	0.015480310796068254	-0.015480310796068254	0.015480310796068254	original_relative	0	1	12	1
mock-16	Mock 7	Archaeoglobus_fulgidus_DSM_4304	Archaeoglobus fulgidus | Copy1	Archaeoglobus_fulgidus	Archaeoglobus fulgidus	TAC	TAC	-0.015480310796068252	0.015480310796068252	-0.015480310796068252	0.015480310796068252	original_relative	0	1	12	1
mock-16	Mock 7	Bacteroides_thetaiotaomicron_VPI-5482	Bacteroides thetaiotaomicron | Copy1	Bacteroides_thetaiotaomicron	Bacteroides thetaiotaomicron	zOTU	UNOISE3	0.01587401626458282	0.01587401626458282	0.01587401626458282	0.01587401626458282	original_relative	0	1	10	1
mock-16	Mock 7	Bacteroides_thetaiotaomicron_VPI-5482	Bacteroides thetaiotaomicron | Copy1	Bacteroides_thetaiotaomicron	Bacteroides thetaiotaomicron	TIC	TIC	0.015874016264582805	0.015874016264582805	0.015874016264582805	0.015874016264582805	original_relative	0	1	10	1
mock-16	Mock 7	Bacteroides_thetaiotaomicron_VPI-5482	Bacteroides thetaiotaomicron | Copy1	Bacteroides_thetaiotaomicron	Bacteroides thetaiotaomicron	TAC	TAC	0.01587401626458282	0.01587401626458282	0.01587401626458282	0.01587401626458282	original_relative	0	1	10	1
mock-16	Mock 7	Burkholderia_xenovorans_LB400	Burkholderia xenovorans | Copy1	Burkholderia_xenovorans	Burkholderia xenovorans	zOTU	UNOISE3	-0.014703606475139477	0.014703606475139477	-0.014703606475139477	0.014703606475139477	original_relative	0	1	13	1
mock-16	Mock 7	Burkholderia_xenovorans_LB400	Burkholderia xenovorans | Copy1	Burkholderia_xenovorans	Burkholderia xenovorans	TIC	TIC	-0.014703606475139479	0.014703606475139479	-0.014703606475139479	0.014703606475139479	original_relative	0	1	13	1
mock-16	Mock 7	Burkholderia_xenovorans_LB400	Burkholderia xenovorans | Copy1	Burkholderia_xenovorans	Burkholderia xenovorans	TAC	TAC	-0.014703606475139477	0.014703606475139477	-0.014703606475139477	0.014703606475139477	original_relative	0	1	13	1
mock-16	Mock 7	Chloroflexus_aurantiacus_J-10-fl	Chloroflexus aurantiacus | Copy1	Chloroflexus_aurantiacus	Chloroflexus aurantiacus	zOTU	UNOISE3	0.014020015885298599	0.014020015885298599	0.014020015885298599	0.014020015885298599	original_relative	0	1	15	1
mock-16	Mock 7	Chloroflexus_aurantiacus_J-10-fl	Chloroflexus aurantiacus | Copy1	Chloroflexus_aurantiacus	Chloroflexus aurantiacus	TIC	TIC	0.004397836791687232	0.004397836791687232	0.004397836791687232	0.004397836791687232	original_relative	0	1	15	1
mock-16	Mock 7	Chloroflexus_aurantiacus_J-10-fl	Chloroflexus aurantiacus | Copy1	Chloroflexus_aurantiacus	Chloroflexus aurantiacus	TAC	TAC	0.004397836791687235	0.004397836791687235	0.004397836791687235	0.004397836791687235	original_relative	0	1	15	1
mock-16	Mock 7	Desulfovibrio_piger_ATCC_29098	Desulfovibrio piger | Copy1	Desulfovibrio_piger	Desulfovibrio piger	zOTU	UNOISE3	0.023317919330326266	0.023317919330326266	0.023317919330326266	0.023317919330326266	original_relative	0	1	3	1
mock-16	Mock 7	Desulfovibrio_piger_ATCC_29098	Desulfovibrio piger | Copy1	Desulfovibrio_piger	Desulfovibrio piger	TIC	TIC	0.023317919330326252	0.023317919330326252	0.023317919330326252	0.023317919330326252	original_relative	0	1	3	1
mock-16	Mock 7	Desulfovibrio_piger_ATCC_29098	Desulfovibrio piger | Copy1	Desulfovibrio_piger	Desulfovibrio piger	TAC	TAC	0.023317919330326266	0.023317919330326266	0.023317919330326266	0.023317919330326266	original_relative	0	1	3	1
mock-16	Mock 7	Erwinia_chrysanthemi	Erwinia chrysanthemi | Copy1	Erwinia_chrysanthemi	Erwinia chrysanthemi	zOTU	UNOISE3	0.022770308697397334	0.022770308697397334	0.022770308697397334	0.022770308697397334	original_relative	0	1	5	1
mock-16	Mock 7	Erwinia_chrysanthemi	Erwinia chrysanthemi | Copy1	Erwinia_chrysanthemi	Erwinia chrysanthemi	TIC	TIC	0.009552708850012914	0.009552708850012914	0.009552708850012914	0.009552708850012914	original_relative	0	1	5	1
mock-16	Mock 7	Erwinia_chrysanthemi	Erwinia chrysanthemi | Copy1	Erwinia_chrysanthemi	Erwinia chrysanthemi	TAC	TAC	0.009552708850012921	0.009552708850012921	0.009552708850012921	0.009552708850012921	original_relative	0	1	5	1
mock-16	Mock 7	Nanoarchaeum_equitans_Kin4-M	Nanoarchaeum equitans | Copy1	Nanoarchaeum_equitans	Nanoarchaeum equitans	zOTU	UNOISE3	-0.017767597956698102	0.017767597956698102	-0.017767597956698102	0.017767597956698102	original_relative	0	1	9	1
mock-16	Mock 7	Nanoarchaeum_equitans_Kin4-M	Nanoarchaeum equitans | Copy1	Nanoarchaeum_equitans	Nanoarchaeum equitans	TIC	TIC	-0.017767597956698102	0.017767597956698102	-0.017767597956698102	0.017767597956698102	original_relative	0	1	9	1
mock-16	Mock 7	Nanoarchaeum_equitans_Kin4-M	Nanoarchaeum equitans | Copy1	Nanoarchaeum_equitans	Nanoarchaeum equitans	TAC	TAC	-0.017767597956698102	0.017767597956698102	-0.017767597956698102	0.017767597956698102	original_relative	0	1	9	1
mock-16	Mock 7	Pyrobaculum_calidifontis_JCM_11548	Pyrobaculum calidifontis | Copy1	Pyrobaculum_calidifontis	Pyrobaculum calidifontis	zOTU	UNOISE3	-0.004304723165956481	0.004304723165956481	-0.004304723165956481	0.004304723165956481	original_relative	0	1	7	1
mock-16	Mock 7	Pyrobaculum_calidifontis_JCM_11548	Pyrobaculum calidifontis | Copy1	Pyrobaculum_calidifontis	Pyrobaculum calidifontis	TIC	TIC	-0.004304723165956486	0.004304723165956486	-0.004304723165956486	0.004304723165956486	original_relative	0	1	7	1
mock-16	Mock 7	Pyrobaculum_calidifontis_JCM_11548	Pyrobaculum calidifontis | Copy1	Pyrobaculum_calidifontis	Pyrobaculum calidifontis	TAC	TAC	-0.01785714292110969	0.01785714292110969	-0.01785714292110969	0.01785714292110969	original_relative	0	1	7	1
mock-16	Mock 7	Rhodospirillum_rubrum_ATCC_11170	Rhodospirillum rubrum | Copy1	Rhodospirillum_rubrum	Rhodospirillum rubrum	zOTU	UNOISE3	-0.01785714292110969	0.01785714292110969	-0.01785714292110969	0.01785714292110969	original_relative	0	1	8	1
mock-16	Mock 7	Rhodospirillum_rubrum_ATCC_11170	Rhodospirillum rubrum | Copy1	Rhodospirillum_rubrum	Rhodospirillum rubrum	TIC	TIC	-0.01785714292110969	0.01785714292110969	-0.01785714292110969	0.01785714292110969	original_relative	0	1	8	1
mock-16	Mock 7	Rhodospirillum_rubrum_ATCC_11170	Rhodospirillum rubrum | Copy1	Rhodospirillum_rubrum	Rhodospirillum rubrum	TAC	TAC	-0.01785714292110969	0.01785714292110969	-0.01785714292110969	0.01785714292110969	original_relative	0	1	8	1
mock-16	Mock 7	Salinispora_arenicola_CNS-205	Salinispora arenicola | Copy1	Salinispora_arenicola	Salinispora arenicola	zOTU	UNOISE3	0.015677406794780042	0.015677406794780042	0.015677406794780042	0.015677406794780042	original_relative	0	1	11	1
mock-16	Mock 7	Salinispora_arenicola_CNS-205	Salinispora arenicola | Copy1	Salinispora_arenicola	Salinispora arenicola	TIC	TIC	0.015677406794780028	0.015677406794780028	0.015677406794780028	0.015677406794780028	original_relative	0	1	11	1
mock-16	Mock 7	Salinispora_arenicola_CNS-205	Salinispora arenicola | Copy1	Salinispora_arenicola	Salinispora arenicola	TAC	TAC	0.015677406794780042	0.015677406794780042	0.015677406794780042	0.015677406794780042	original_relative	0	1	11	1
mock-16	Mock 7	Shewanella_baltica_OS185	Shewanella baltica | Copy1	Shewanella_baltica	Shewanella baltica	zOTU	UNOISE3	0.07575738391634042	0.07575738391634042	0.07575738391634042	0.07575738391634042	original_relative	0	1	1	1
mock-16	Mock 7	Shewanella_baltica_OS185	Shewanella baltica | Copy1	Shewanella_baltica	Shewanella baltica	TIC	TIC	0.07575738391634038	0.07575738391634038	0.07575738391634038	0.07575738391634038	original_relative	0	1	1	1
mock-16	Mock 7	Shewanella_baltica_OS185	Shewanella baltica | Copy1	Shewanella_baltica	Shewanella baltica	TAC	TAC	0.07575738391634042	0.07575738391634042	0.07575738391634042	0.07575738391634042	original_relative	0	1	1	1
mock-16	Mock 7	Sulfurihydrogenibium_yellowstonense_SS-5	Sulfurihydrogenibium yellowstonense | Copy1	Sulfurihydrogenibium_yellowstonense	Sulfurihydrogenibium yellowstonense	zOTU	UNOISE3	0.0228585151654724	0.0228585151654724	0.0228585151654724	0.0228585151654724	original_relative	0	1	4	1
mock-16	Mock 7	Sulfurihydrogenibium_yellowstonense_SS-5	Sulfurihydrogenibium yellowstonense | Copy1	Sulfurihydrogenibium_yellowstonense	Sulfurihydrogenibium yellowstonense	TIC	TIC	0.022858515165472385	0.022858515165472385	0.022858515165472385	0.022858515165472385	original_relative	0	1	4	1
mock-16	Mock 7	Sulfurihydrogenibium_yellowstonense_SS-5	Sulfurihydrogenibium yellowstonense | Copy1	Sulfurihydrogenibium_yellowstonense	Sulfurihydrogenibium yellowstonense	TAC	TAC	0.0228585151654724	0.0228585151654724	0.0228585151654724	0.0228585151654724	original_relative	0	1	4	1
mock-16	Mock 7	Thermoanaerobacter_pseudethanolicus_ATCC_33223	Thermoanaerobacter pseudethanolicus | Copy1	Thermoanaerobacter_pseudethanolicus	Thermoanaerobacter pseudethanolicus	zOTU	UNOISE3	0.014639246117100985	0.014639246117100985	0.014639246117100985	0.014639246117100985	original_relative	0	1	14	1
mock-16	Mock 7	Thermoanaerobacter_pseudethanolicus_ATCC_33223	Thermoanaerobacter pseudethanolicus | Copy1	Thermoanaerobacter_pseudethanolicus	Thermoanaerobacter pseudethanolicus	TIC	TIC	0.0028553373282730644	0.0028553373282730644	0.0028553373282730644	0.0028553373282730644	original_relative	0	1	14	1
mock-16	Mock 7	Thermoanaerobacter_pseudethanolicus_ATCC_33223	Thermoanaerobacter pseudethanolicus | Copy1	Thermoanaerobacter_pseudethanolicus	Thermoanaerobacter pseudethanolicus	TAC	TAC	-0.00374080951750927	0.00374080951750927	-0.00374080951750927	0.00374080951750927	original_relative	0	1	14	1
mock-16	Mock 7	Thermotoga_petrophila_RKU-1	Thermotoga petrophila | Copy1	Thermotoga_petrophila	Thermotoga petrophila	zOTU	UNOISE3	-0.010773365918954775	0.010773365918954775	-0.010773365918954775	0.010773365918954775	original_relative	0	1	6	1
mock-16	Mock 7	Thermotoga_petrophila_RKU-1	Thermotoga petrophila | Copy1	Thermotoga_petrophila	Thermotoga petrophila	TIC	TIC	-0.01785714292110969	0.01785714292110969	-0.01785714292110969	0.01785714292110969	original_relative	0	1	6	1
mock-16	Mock 7	Thermotoga_petrophila_RKU-1	Thermotoga petrophila | Copy1	Thermotoga_petrophila	Thermotoga petrophila	TAC	TAC	-0.01785714292110969	0.01785714292110969	-0.01785714292110969	0.01785714292110969	original_relative	0	1	6	1
mock-18	Mock 8	Anaerolinea_thermophila_UNI-1	Anaerolinea thermophila | Copy1	Anaerolinea_thermophila	Anaerolinea thermophila	zOTU	UNOISE3	0.009800098637057109	0.009800098637057109	0.009800098637057109	0.009800098637057109	original_relative	0	1	10	1
mock-18	Mock 8	Anaerolinea_thermophila_UNI-1	Anaerolinea thermophila | Copy1	Anaerolinea_thermophila	Anaerolinea thermophila	TIC	TIC	0.009800098637057109	0.009800098637057109	0.009800098637057109	0.009800098637057109	original_relative	0	1	10	1
mock-18	Mock 8	Anaerolinea_thermophila_UNI-1	Anaerolinea thermophila | Copy1	Anaerolinea_thermophila	Anaerolinea thermophila	TAC	TAC	0.009800098637057109	0.009800098637057109	0.009800098637057109	0.009800098637057109	original_relative	0	1	10	1
mock-18	Mock 8	Bacillus_subtilis_ATCC-6051	Bacillus subtilis | Copy1	Bacillus_subtilis	Bacillus subtilis	zOTU	UNOISE3	-0.008984729692980642	0.008984729692980642	-0.008984729692980642	0.008984729692980642	original_relative	0	1	11	1
mock-18	Mock 8	Bacillus_subtilis_ATCC-6051	Bacillus subtilis | Copy1	Bacillus_subtilis	Bacillus subtilis	TIC	TIC	-0.008984729692980642	0.008984729692980642	-0.008984729692980642	0.008984729692980642	original_relative	0	1	11	1
mock-18	Mock 8	Bacillus_subtilis_ATCC-6051	Bacillus subtilis | Copy1	Bacillus_subtilis	Bacillus subtilis	TAC	TAC	-0.008984729692980642	0.008984729692980642	-0.008984729692980642	0.008984729692980642	original_relative	0	1	11	1
mock-18	Mock 8	Bacteroides_vulgatus_ATCC-8482	Bacteroides vulgatus | Copy1	Bacteroides_vulgatus	Bacteroides vulgatus	zOTU	UNOISE3	0.010581359439889013	0.010581359439889013	0.010581359439889013	0.010581359439889013	original_relative	0	1	9	1
mock-18	Mock 8	Bacteroides_vulgatus_ATCC-8482	Bacteroides vulgatus | Copy1	Bacteroides_vulgatus	Bacteroides vulgatus	TIC	TIC	0.010581359439889013	0.010581359439889013	0.010581359439889013	0.010581359439889013	original_relative	0	1	9	1
mock-18	Mock 8	Bacteroides_vulgatus_ATCC-8482	Bacteroides vulgatus | Copy1	Bacteroides_vulgatus	Bacteroides vulgatus	TAC	TAC	0.010581359439889013	0.010581359439889013	0.010581359439889013	0.010581359439889013	original_relative	0	1	9	1
mock-18	Mock 8	Chloroflexus_aurantiacus_J-10-fl	Chloroflexus aurantiacus | Copy1	Chloroflexus_aurantiacus	Chloroflexus aurantiacus	zOTU	UNOISE3	-0.019597431749148457	0.019597431749148457	-0.019597431749148457	0.019597431749148457	original_relative	0	1	5	1
mock-18	Mock 8	Chloroflexus_aurantiacus_J-10-fl	Chloroflexus aurantiacus | Copy1	Chloroflexus_aurantiacus	Chloroflexus aurantiacus	TIC	TIC	-0.019597431749148457	0.019597431749148457	-0.019597431749148457	0.019597431749148457	original_relative	0	1	5	1
mock-18	Mock 8	Chloroflexus_aurantiacus_J-10-fl	Chloroflexus aurantiacus | Copy1	Chloroflexus_aurantiacus	Chloroflexus aurantiacus	TAC	TAC	-0.019597431749148457	0.019597431749148457	-0.019597431749148457	0.019597431749148457	original_relative	0	1	5	1
mock-18	Mock 8	Clostridium_acetobutylicum_ATCC-824	Clostridium acetobutylicum | Copy1	Clostridium_acetobutylicum	Clostridium acetobutylicum	zOTU	UNOISE3	0.002651216600524531	0.002651216600524531	0.002651216600524531	0.002651216600524531	original_relative	0	1	14	1
mock-18	Mock 8	Clostridium_acetobutylicum_ATCC-824	Clostridium acetobutylicum | Copy1	Clostridium_acetobutylicum	Clostridium acetobutylicum	TIC	TIC	0.002651216600524531	0.002651216600524531	0.002651216600524531	0.002651216600524531	original_relative	0	1	14	1
mock-18	Mock 8	Clostridium_acetobutylicum_ATCC-824	Clostridium acetobutylicum | Copy1	Clostridium_acetobutylicum	Clostridium acetobutylicum	TAC	TAC	0.002651216600524531	0.002651216600524531	0.002651216600524531	0.002651216600524531	original_relative	0	1	14	1
mock-18	Mock 8	Deinococcus_grandis_DSM-3963	Deinococcus grandis | Copy1	Deinococcus_grandis	Deinococcus grandis	zOTU	UNOISE3	-0.008922505381250653	0.008922505381250653	-0.008922505381250653	0.008922505381250653	original_relative	0	1	12	1
mock-18	Mock 8	Deinococcus_grandis_DSM-3963	Deinococcus grandis | Copy1	Deinococcus_grandis	Deinococcus grandis	TIC	TIC	-0.008922505381250653	0.008922505381250653	-0.008922505381250653	0.008922505381250653	original_relative	0	1	12	1
mock-18	Mock 8	Deinococcus_grandis_DSM-3963	Deinococcus grandis | Copy1	Deinococcus_grandis	Deinococcus grandis	TAC	TAC	-0.008922505381250653	0.008922505381250653	-0.008922505381250653	0.008922505381250653	original_relative	0	1	12	1
mock-18	Mock 8	Desulfitobacterium_hafniense_DCB-2	Desulfitobacterium hafniense | Copy1	Desulfitobacterium_hafniense	Desulfitobacterium hafniense	zOTU	UNOISE3	-0.013865881257576387	0.013865881257576387	-0.013865881257576387	0.013865881257576387	original_relative	0	1	7	1
mock-18	Mock 8	Desulfitobacterium_hafniense_DCB-2	Desulfitobacterium hafniense | Copy1	Desulfitobacterium_hafniense	Desulfitobacterium hafniense	TIC	TIC	-0.013865881257576387	0.013865881257576387	-0.013865881257576387	0.013865881257576387	original_relative	0	1	7	1
mock-18	Mock 8	Desulfitobacterium_hafniense_DCB-2	Desulfitobacterium hafniense | Copy1	Desulfitobacterium_hafniense	Desulfitobacterium hafniense	TAC	TAC	-0.013865881257576387	0.013865881257576387	-0.013865881257576387	0.013865881257576387	original_relative	0	1	7	1
mock-18	Mock 8	Desulfovibrio_vulgaris_Hildenborough	Desulfovibrio vulgaris | Copy1	Desulfovibrio_vulgaris	Desulfovibrio vulgaris	zOTU	UNOISE3	0.036929898551325835	0.036929898551325835	0.036929898551325835	0.036929898551325835	original_relative	0	1	4	1
mock-18	Mock 8	Desulfovibrio_vulgaris_Hildenborough	Desulfovibrio vulgaris | Copy1	Desulfovibrio_vulgaris	Desulfovibrio vulgaris	TIC	TIC	0.036929898551325835	0.036929898551325835	0.036929898551325835	0.036929898551325835	original_relative	0	1	4	1
mock-18	Mock 8	Desulfovibrio_vulgaris_Hildenborough	Desulfovibrio vulgaris | Copy1	Desulfovibrio_vulgaris	Desulfovibrio vulgaris	TAC	TAC	0.036929898551325835	0.036929898551325835	0.036929898551325835	0.036929898551325835	original_relative	0	1	4	1
mock-18	Mock 8	Escherichia_coli_DH5a	Escherichia coli | Copy1	Escherichia_coli	Escherichia coli	zOTU	UNOISE3	0.004753015574514768	0.004753015574514768	0.004753015574514768	0.004753015574514768	original_relative	0	1	13	1
mock-18	Mock 8	Escherichia_coli_DH5a	Escherichia coli | Copy1	Escherichia_coli	Escherichia coli	TIC	TIC	0.004753015574514768	0.004753015574514768	0.004753015574514768	0.004753015574514768	original_relative	0	1	13	1
mock-18	Mock 8	Escherichia_coli_DH5a	Escherichia coli | Copy1	Escherichia_coli	Escherichia coli	TAC	TAC	0.004753015574514768	0.004753015574514768	0.004753015574514768	0.004753015574514768	original_relative	0	1	13	1
mock-18	Mock 8	Gemmatimonas_aurantiaca_T-27	Gemmatimonas aurantiaca | Copy1	Gemmatimonas_aurantiaca	Gemmatimonas aurantiaca	zOTU	UNOISE3	-0.011653461284955091	0.011653461284955091	-0.011653461284955091	0.011653461284955091	original_relative	0	1	8	1
mock-18	Mock 8	Gemmatimonas_aurantiaca_T-27	Gemmatimonas aurantiaca | Copy1	Gemmatimonas_aurantiaca	Gemmatimonas aurantiaca	TIC	TIC	-0.011653461284955091	0.011653461284955091	-0.011653461284955091	0.011653461284955091	original_relative	0	1	8	1
mock-18	Mock 8	Gemmatimonas_aurantiaca_T-27	Gemmatimonas aurantiaca | Copy1	Gemmatimonas_aurantiaca	Gemmatimonas aurantiaca	TAC	TAC	-0.011653461284955091	0.011653461284955091	-0.011653461284955091	0.011653461284955091	original_relative	0	1	8	1
mock-18	Mock 8	Microlunatus_phosphovorus_NM-1	Microlunatus phosphovorus | Copy1	Microlunatus_phosphovorus	Microlunatus phosphovorus	zOTU	UNOISE3	-0.06666666666666667	0.06666666666666667	-0.06666666666666667	0.06666666666666667	original_relative	0	1	1	1
mock-18	Mock 8	Microlunatus_phosphovorus_NM-1	Microlunatus phosphovorus | Copy1	Microlunatus_phosphovorus	Microlunatus phosphovorus	TIC	TIC	-0.06666666666666667	0.06666666666666667	-0.06666666666666667	0.06666666666666667	original_relative	0	1	1	1
mock-18	Mock 8	Microlunatus_phosphovorus_NM-1	Microlunatus phosphovorus | Copy1	Microlunatus_phosphovorus	Microlunatus phosphovorus	TAC	TAC	-0.06666666666666667	0.06666666666666667	-0.06666666666666667	0.06666666666666667	original_relative	0	1	1	1
mock-18	Mock 8	Nitrobacter_winogradskyi_ATCC-14123	Nitrobacter winogradskyi | Copy1	Nitrobacter_winogradskyi	Nitrobacter winogradskyi	zOTU	UNOISE3	-0.0008195172315251381	0.0008195172315251381	-0.0008195172315251381	0.0008195172315251381	original_relative	0	1	15	1
mock-18	Mock 8	Nitrobacter_winogradskyi_ATCC-14123	Nitrobacter winogradskyi | Copy1	Nitrobacter_winogradskyi	Nitrobacter winogradskyi	TIC	TIC	-0.0008195172315251381	0.0008195172315251381	-0.0008195172315251381	0.0008195172315251381	original_relative	0	1	15	1
mock-18	Mock 8	Nitrobacter_winogradskyi_ATCC-14123	Nitrobacter winogradskyi | Copy1	Nitrobacter_winogradskyi	Nitrobacter winogradskyi	TAC	TAC	-0.0008195172315251381	0.0008195172315251381	-0.0008195172315251381	0.0008195172315251381	original_relative	0	1	15	1
mock-18	Mock 8	Nitrosomonas_europaea_ATCC-19178	Nitrosomonas europaea | Copy1	Nitrosomonas_europaea	Nitrosomonas europaea	zOTU	UNOISE3	0.04768779066819692	0.04768779066819692	0.04768779066819692	0.04768779066819692	original_relative	0	1	2	1
mock-18	Mock 8	Nitrosomonas_europaea_ATCC-19178	Nitrosomonas europaea | Copy1	Nitrosomonas_europaea	Nitrosomonas europaea	TIC	TIC	0.04768779066819692	0.04768779066819692	0.04768779066819692	0.04768779066819692	original_relative	0	1	2	1
mock-18	Mock 8	Nitrosomonas_europaea_ATCC-19178	Nitrosomonas europaea | Copy1	Nitrosomonas_europaea	Nitrosomonas europaea	TAC	TAC	0.04768779066819692	0.04768779066819692	0.04768779066819692	0.04768779066819692	original_relative	0	1	2	1
mock-18	Mock 8	Pseudomonas_putida_KT2440	Pseudomonas putida | Copy1	Pseudomonas_putida	Pseudomonas putida	zOTU	UNOISE3	0.03700595048788469	0.03700595048788469	0.03700595048788469	0.03700595048788469	original_relative	0	1	3	1
mock-18	Mock 8	Pseudomonas_putida_KT2440	Pseudomonas putida | Copy1	Pseudomonas_putida	Pseudomonas putida	TIC	TIC	0.03700595048788469	0.03700595048788469	0.03700595048788469	0.03700595048788469	original_relative	0	1	3	1
mock-18	Mock 8	Pseudomonas_putida_KT2440	Pseudomonas putida | Copy1	Pseudomonas_putida	Pseudomonas putida	TAC	TAC	0.03700595048788469	0.03700595048788469	0.03700595048788469	0.03700595048788469	original_relative	0	1	3	1
mock-18	Mock 8	Treponema_bryantii_ATCC-33254	Treponema bryantii | Copy1	Treponema_bryantii	Treponema bryantii	zOTU	UNOISE3	-0.01889913669528985	0.01889913669528985	-0.01889913669528985	0.01889913669528985	original_relative	0	1	6	1
mock-18	Mock 8	Treponema_bryantii_ATCC-33254	Treponema bryantii | Copy1	Treponema_bryantii	Treponema bryantii	TIC	TIC	-0.01889913669528985	0.01889913669528985	-0.01889913669528985	0.01889913669528985	original_relative	0	1	6	1
mock-18	Mock 8	Treponema_bryantii_ATCC-33254	Treponema bryantii | Copy1	Treponema_bryantii	Treponema bryantii	TAC	TAC	-0.01889913669528985	0.01889913669528985	-0.01889913669528985	0.01889913669528985	original_relative	0	1	6	1
mock-19	Mock 9	Anaerolinea_thermophila_UNI-1	Anaerolinea thermophila | Copy1	Anaerolinea_thermophila	Anaerolinea thermophila	zOTU	UNOISE3	-0.007448059584476675	0.007448059584476675	-0.007448059584476675	0.007448059584476675	original_relative	0	1	10	1
mock-19	Mock 9	Anaerolinea_thermophila_UNI-1	Anaerolinea thermophila | Copy1	Anaerolinea_thermophila	Anaerolinea thermophila	TIC	TIC	-0.007448059584476668	0.007448059584476668	-0.007448059584476668	0.007448059584476668	original_relative	0	1	10	1
mock-19	Mock 9	Anaerolinea_thermophila_UNI-1	Anaerolinea thermophila | Copy1	Anaerolinea_thermophila	Anaerolinea thermophila	TAC	TAC	-0.007448059584476668	0.007448059584476668	-0.007448059584476668	0.007448059584476668	original_relative	0	1	10	1
mock-19	Mock 9	Bacillus_subtilis_ATCC-6051	Bacillus subtilis | Copy1	Bacillus_subtilis	Bacillus subtilis	zOTU	UNOISE3	0.0023258852737488567	0.0023258852737488567	0.0023258852737488567	0.0023258852737488567	original_relative	0	1	14	1
mock-19	Mock 9	Bacillus_subtilis_ATCC-6051	Bacillus subtilis | Copy1	Bacillus_subtilis	Bacillus subtilis	TIC	TIC	0.0023258852737488706	0.0023258852737488706	0.0023258852737488706	0.0023258852737488706	original_relative	0	1	14	1
mock-19	Mock 9	Bacillus_subtilis_ATCC-6051	Bacillus subtilis | Copy1	Bacillus_subtilis	Bacillus subtilis	TAC	TAC	0.0023258852737488706	0.0023258852737488706	0.0023258852737488706	0.0023258852737488706	original_relative	0	1	14	1
mock-19	Mock 9	Bacteroides_vulgatus_ATCC-8482	Bacteroides vulgatus | Copy1	Bacteroides_vulgatus	Bacteroides vulgatus	zOTU	UNOISE3	0.0038285639618450273	0.0038285639618450273	0.0038285639618450273	0.0038285639618450273	original_relative	0	1	11	1
mock-19	Mock 9	Bacteroides_vulgatus_ATCC-8482	Bacteroides vulgatus | Copy1	Bacteroides_vulgatus	Bacteroides vulgatus	TIC	TIC	0.0038285639618450412	0.0038285639618450412	0.0038285639618450412	0.0038285639618450412	original_relative	0	1	11	1
mock-19	Mock 9	Bacteroides_vulgatus_ATCC-8482	Bacteroides vulgatus | Copy1	Bacteroides_vulgatus	Bacteroides vulgatus	TAC	TAC	0.0038285639618450412	0.0038285639618450412	0.0038285639618450412	0.0038285639618450412	original_relative	0	1	11	1
mock-19	Mock 9	Chloroflexus_aurantiacus_J-10-fl	Chloroflexus aurantiacus | Copy1	Chloroflexus_aurantiacus	Chloroflexus aurantiacus	zOTU	UNOISE3	0.008676336077355282	0.008676336077355282	0.008676336077355282	0.008676336077355282	original_relative	0	1	8	1
mock-19	Mock 9	Chloroflexus_aurantiacus_J-10-fl	Chloroflexus aurantiacus | Copy1	Chloroflexus_aurantiacus	Chloroflexus aurantiacus	TIC	TIC	0.008676336077355296	0.008676336077355296	0.008676336077355296	0.008676336077355296	original_relative	0	1	8	1
mock-19	Mock 9	Chloroflexus_aurantiacus_J-10-fl	Chloroflexus aurantiacus | Copy1	Chloroflexus_aurantiacus	Chloroflexus aurantiacus	TAC	TAC	0.008676336077355296	0.008676336077355296	0.008676336077355296	0.008676336077355296	original_relative	0	1	8	1
mock-19	Mock 9	Clostridium_acetobutylicum_ATCC-824	Clostridium acetobutylicum | Copy1	Clostridium_acetobutylicum	Clostridium acetobutylicum	zOTU	UNOISE3	0.010753952698288258	0.010753952698288258	0.010753952698288258	0.010753952698288258	original_relative	0	1	6	1
mock-19	Mock 9	Clostridium_acetobutylicum_ATCC-824	Clostridium acetobutylicum | Copy1	Clostridium_acetobutylicum	Clostridium acetobutylicum	TIC	TIC	0.010753952698288272	0.010753952698288272	0.010753952698288272	0.010753952698288272	original_relative	0	1	6	1
mock-19	Mock 9	Clostridium_acetobutylicum_ATCC-824	Clostridium acetobutylicum | Copy1	Clostridium_acetobutylicum	Clostridium acetobutylicum	TAC	TAC	0.010753952698288272	0.010753952698288272	0.010753952698288272	0.010753952698288272	original_relative	0	1	6	1
mock-19	Mock 9	Deinococcus_grandis_DSM-3963	Deinococcus grandis | Copy1	Deinococcus_grandis	Deinococcus grandis	zOTU	UNOISE3	0.010361949562263162	0.010361949562263162	0.010361949562263162	0.010361949562263162	original_relative	0	1	7	1
mock-19	Mock 9	Deinococcus_grandis_DSM-3963	Deinococcus grandis | Copy1	Deinococcus_grandis	Deinococcus grandis	TIC	TIC	0.010361949562263176	0.010361949562263176	0.010361949562263176	0.010361949562263176	original_relative	0	1	7	1
mock-19	Mock 9	Deinococcus_grandis_DSM-3963	Deinococcus grandis | Copy1	Deinococcus_grandis	Deinococcus grandis	TAC	TAC	0.010361949562263176	0.010361949562263176	0.010361949562263176	0.010361949562263176	original_relative	0	1	7	1
mock-19	Mock 9	Desulfitobacterium_hafniense_DCB-2	Desulfitobacterium hafniense | Copy1	Desulfitobacterium_hafniense	Desulfitobacterium hafniense	zOTU	UNOISE3	-0.0029530902913890017	0.0029530902913890017	-0.0029530902913890017	0.0029530902913890017	original_relative	0	1	13	1
mock-19	Mock 9	Desulfitobacterium_hafniense_DCB-2	Desulfitobacterium hafniense | Copy1	Desulfitobacterium_hafniense	Desulfitobacterium hafniense	TIC	TIC	-0.002953090291388988	0.002953090291388988	-0.002953090291388988	0.002953090291388988	original_relative	0	1	13	1
mock-19	Mock 9	Desulfitobacterium_hafniense_DCB-2	Desulfitobacterium hafniense | Copy1	Desulfitobacterium_hafniense	Desulfitobacterium hafniense	TAC	TAC	-0.002953090291388988	0.002953090291388988	-0.002953090291388988	0.002953090291388988	original_relative	0	1	13	1
mock-19	Mock 9	Desulfovibrio_vulgaris_Hildenborough	Desulfovibrio vulgaris | Copy1	Desulfovibrio_vulgaris	Desulfovibrio vulgaris	zOTU	UNOISE3	0.015379589703384294	0.015379589703384294	0.015379589703384294	0.015379589703384294	original_relative	0	1	5	1
mock-19	Mock 9	Desulfovibrio_vulgaris_Hildenborough	Desulfovibrio vulgaris | Copy1	Desulfovibrio_vulgaris	Desulfovibrio vulgaris	TIC	TIC	0.015379589703384308	0.015379589703384308	0.015379589703384308	0.015379589703384308	original_relative	0	1	5	1
mock-19	Mock 9	Desulfovibrio_vulgaris_Hildenborough	Desulfovibrio vulgaris | Copy1	Desulfovibrio_vulgaris	Desulfovibrio vulgaris	TAC	TAC	0.015379589703384308	0.015379589703384308	0.015379589703384308	0.015379589703384308	original_relative	0	1	5	1
mock-19	Mock 9	Escherichia_coli_DH5a	Escherichia coli | Copy1	Escherichia_coli	Escherichia coli	zOTU	UNOISE3	0.0008754736704560256	0.0008754736704560256	0.0008754736704560256	0.0008754736704560256	original_relative	0	1	15	1
mock-19	Mock 9	Escherichia_coli_DH5a	Escherichia coli | Copy1	Escherichia_coli	Escherichia coli	TIC	TIC	0.0008754736704560395	0.0008754736704560395	0.0008754736704560395	0.0008754736704560395	original_relative	0	1	15	1
mock-19	Mock 9	Escherichia_coli_DH5a	Escherichia coli | Copy1	Escherichia_coli	Escherichia coli	TAC	TAC	0.0008754736704560395	0.0008754736704560395	0.0008754736704560395	0.0008754736704560395	original_relative	0	1	15	1
mock-19	Mock 9	Gemmatimonas_aurantiaca_T-27	Gemmatimonas aurantiaca | Copy1	Gemmatimonas_aurantiaca	Gemmatimonas aurantiaca	zOTU	UNOISE3	-0.007722461779694233	0.007722461779694233	-0.007722461779694233	0.007722461779694233	original_relative	0	1	9	1
mock-19	Mock 9	Gemmatimonas_aurantiaca_T-27	Gemmatimonas aurantiaca | Copy1	Gemmatimonas_aurantiaca	Gemmatimonas aurantiaca	TIC	TIC	-0.007722461779694226	0.007722461779694226	-0.007722461779694226	0.007722461779694226	original_relative	0	1	9	1
mock-19	Mock 9	Gemmatimonas_aurantiaca_T-27	Gemmatimonas aurantiaca | Copy1	Gemmatimonas_aurantiaca	Gemmatimonas aurantiaca	TAC	TAC	-0.007722461779694226	0.007722461779694226	-0.007722461779694226	0.007722461779694226	original_relative	0	1	9	1
mock-19	Mock 9	Microlunatus_phosphovorus_NM-1	Microlunatus phosphovorus | Copy1	Microlunatus_phosphovorus	Microlunatus phosphovorus	zOTU	UNOISE3	-0.04893505814713184	0.04893505814713184	-0.04893505814713184	0.04893505814713184	original_relative	0	1	1	1
mock-19	Mock 9	Microlunatus_phosphovorus_NM-1	Microlunatus phosphovorus | Copy1	Microlunatus_phosphovorus	Microlunatus phosphovorus	TIC	TIC	-0.04893505814713184	0.04893505814713184	-0.04893505814713184	0.04893505814713184	original_relative	0	1	1	1
mock-19	Mock 9	Microlunatus_phosphovorus_NM-1	Microlunatus phosphovorus | Copy1	Microlunatus_phosphovorus	Microlunatus phosphovorus	TAC	TAC	-0.04893505814713184	0.04893505814713184	-0.04893505814713184	0.04893505814713184	original_relative	0	1	1	1
mock-19	Mock 9	Nitrobacter_winogradskyi_ATCC-14123	Nitrobacter winogradskyi | Copy1	Nitrobacter_winogradskyi	Nitrobacter winogradskyi	zOTU	UNOISE3	-0.0031098915457990345	0.0031098915457990345	-0.0031098915457990345	0.0031098915457990345	original_relative	0	1	12	1
mock-19	Mock 9	Nitrobacter_winogradskyi_ATCC-14123	Nitrobacter winogradskyi | Copy1	Nitrobacter_winogradskyi	Nitrobacter winogradskyi	TIC	TIC	-0.0031098915457990206	0.0031098915457990206	-0.0031098915457990206	0.0031098915457990206	original_relative	0	1	12	1
mock-19	Mock 9	Nitrobacter_winogradskyi_ATCC-14123	Nitrobacter winogradskyi | Copy1	Nitrobacter_winogradskyi	Nitrobacter winogradskyi	TAC	TAC	-0.0031098915457990206	0.0031098915457990206	-0.0031098915457990206	0.0031098915457990206	original_relative	0	1	12	1
mock-19	Mock 9	Nitrosomonas_europaea_ATCC-19178	Nitrosomonas europaea | Copy1	Nitrosomonas_europaea	Nitrosomonas europaea	zOTU	UNOISE3	0.0284202273618189	0.0284202273618189	0.0284202273618189	0.0284202273618189	original_relative	0	1	3	1
mock-19	Mock 9	Nitrosomonas_europaea_ATCC-19178	Nitrosomonas europaea | Copy1	Nitrosomonas_europaea	Nitrosomonas europaea	TIC	TIC	0.028420227361818914	0.028420227361818914	0.028420227361818914	0.028420227361818914	original_relative	0	1	3	1
mock-19	Mock 9	Nitrosomonas_europaea_ATCC-19178	Nitrosomonas europaea | Copy1	Nitrosomonas_europaea	Nitrosomonas europaea	TAC	TAC	0.028420227361818914	0.028420227361818914	0.028420227361818914	0.028420227361818914	original_relative	0	1	3	1
mock-19	Mock 9	Pseudomonas_putida_KT2440	Pseudomonas putida | Copy1	Pseudomonas_putida	Pseudomonas putida	zOTU	UNOISE3	0.023350320135894415	0.023350320135894415	0.023350320135894415	0.023350320135894415	original_relative	0	1	4	1
mock-19	Mock 9	Pseudomonas_putida_KT2440	Pseudomonas putida | Copy1	Pseudomonas_putida	Pseudomonas putida	TIC	TIC	0.02335032013589443	0.02335032013589443	0.02335032013589443	0.02335032013589443	original_relative	0	1	4	1
mock-19	Mock 9	Pseudomonas_putida_KT2440	Pseudomonas putida | Copy1	Pseudomonas_putida	Pseudomonas putida	TAC	TAC	0.02335032013589443	0.02335032013589443	0.02335032013589443	0.02335032013589443	original_relative	0	1	4	1
mock-19	Mock 9	Treponema_bryantii_ATCC-33254	Treponema bryantii | Copy1	Treponema_bryantii	Treponema bryantii	zOTU	UNOISE3	-0.03380373709656344	0.03380373709656344	-0.03380373709656344	0.03380373709656344	original_relative	0	1	2	1
mock-19	Mock 9	Treponema_bryantii_ATCC-33254	Treponema bryantii | Copy1	Treponema_bryantii	Treponema bryantii	TIC	TIC	-0.03380373709656343	0.03380373709656343	-0.03380373709656343	0.03380373709656343	original_relative	0	1	2	1
mock-19	Mock 9	Treponema_bryantii_ATCC-33254	Treponema bryantii | Copy1	Treponema_bryantii	Treponema bryantii	TAC	TAC	-0.03380373709656343	0.03380373709656343	-0.03380373709656343	0.03380373709656343	original_relative	0	1	2	1
mock-20	Mock 10	Acinetobacter_baumannii_ATCC_17978	Acinetobacter baumannii | Copy1	Acinetobacter_baumannii	Acinetobacter baumannii	zOTU	UNOISE3	0.05091140965246792	0.05091140965246792	0.05091140965246792	0.05091140965246792	original_relative	0	1	2	1
mock-20	Mock 10	Acinetobacter_baumannii_ATCC_17978	Acinetobacter baumannii | Copy1	Acinetobacter_baumannii	Acinetobacter baumannii	TIC	TIC	0.05091140965246792	0.05091140965246792	0.05091140965246792	0.05091140965246792	original_relative	0	1	2	1
mock-20	Mock 10	Acinetobacter_baumannii_ATCC_17978	Acinetobacter baumannii | Copy1	Acinetobacter_baumannii	Acinetobacter baumannii	TAC	TAC	0.05091140965246792	0.05091140965246792	0.05091140965246792	0.05091140965246792	original_relative	0	1	2	1
mock-20	Mock 10	Actinomyces_odontolyticus_ATCC_17982	Actinomyces odontolyticus | Copy1	Actinomyces_odontolyticus	Actinomyces odontolyticus	zOTU	UNOISE3	-0.03890024343029004	0.03890024343029004	-0.03890024343029004	0.03890024343029004	original_relative	0	1	8	1
mock-20	Mock 10	Actinomyces_odontolyticus_ATCC_17982	Actinomyces odontolyticus | Copy1	Actinomyces_odontolyticus	Actinomyces odontolyticus	TIC	TIC	-0.03890024343029004	0.03890024343029004	-0.03890024343029004	0.03890024343029004	original_relative	0	1	8	1
mock-20	Mock 10	Actinomyces_odontolyticus_ATCC_17982	Actinomyces odontolyticus | Copy1	Actinomyces_odontolyticus	Actinomyces odontolyticus	TAC	TAC	-0.03890024343029004	0.03890024343029004	-0.03890024343029004	0.03890024343029004	original_relative	0	1	8	1
mock-20	Mock 10	Bacillus_cereus_ATCC_10987	Bacillus cereus | Copy1	Bacillus_cereus	Bacillus cereus	zOTU	UNOISE3	0.02950117561044506	0.02950117561044506	0.02950117561044506	0.02950117561044506	original_relative	0	1	13	1
mock-20	Mock 10	Bacillus_cereus_ATCC_10987	Bacillus cereus | Copy1	Bacillus_cereus	Bacillus cereus	TIC	TIC	0.02950117561044506	0.02950117561044506	0.02950117561044506	0.02950117561044506	original_relative	0	1	13	1
mock-20	Mock 10	Bacillus_cereus_ATCC_10987	Bacillus cereus | Copy1	Bacillus_cereus	Bacillus cereus	TAC	TAC	0.02950117561044506	0.02950117561044506	0.02950117561044506	0.02950117561044506	original_relative	0	1	13	1
mock-20	Mock 10	Bacteroides_vulgatus_ATCC_8482	Bacteroides vulgatus | Copy1	Bacteroides_vulgatus	Bacteroides vulgatus	zOTU	UNOISE3	0.03050729875460066	0.03050729875460066	0.03050729875460066	0.03050729875460066	original_relative	0	1	10	1
mock-20	Mock 10	Bacteroides_vulgatus_ATCC_8482	Bacteroides vulgatus | Copy1	Bacteroides_vulgatus	Bacteroides vulgatus	TIC	TIC	0.004832188186292018	0.004832188186292018	0.004832188186292018	0.004832188186292018	original_relative	0	1	10	1
mock-20	Mock 10	Bacteroides_vulgatus_ATCC_8482	Bacteroides vulgatus | Copy1	Bacteroides_vulgatus	Bacteroides vulgatus	TAC	TAC	0.004832188186292018	0.004832188186292018	0.004832188186292018	0.004832188186292018	original_relative	0	1	10	1
mock-20	Mock 10	Clostridium_beijerinckii_ATCC_51743	Clostridium beijerinckii | Copy1	Clostridium_beijerinckii	Clostridium beijerinckii	zOTU	UNOISE3	0.0360320447313543	0.0360320447313543	0.0360320447313543	0.0360320447313543	original_relative	0	1	9	1
mock-20	Mock 10	Clostridium_beijerinckii_ATCC_51743	Clostridium beijerinckii | Copy1	Clostridium_beijerinckii	Clostridium beijerinckii	TIC	TIC	0.005516022365677151	0.005516022365677151	0.005516022365677151	0.005516022365677151	original_relative	0	1	9	1
mock-20	Mock 10	Clostridium_beijerinckii_ATCC_51743	Clostridium beijerinckii | Copy1	Clostridium_beijerinckii	Clostridium beijerinckii	TAC	TAC	0.005516022365677151	0.005516022365677151	0.005516022365677151	0.005516022365677151	original_relative	0	1	9	1
mock-20	Mock 10	Clostridium_beijerinckii_ATCC_51743__Copy3	Clostridium beijerinckii | Copy2	Clostridium_beijerinckii	Clostridium beijerinckii	zOTU	UNOISE3	-0.025	0.025	-0.025	0.025	original_relative	3	2	15	1
mock-20	Mock 10	Clostridium_beijerinckii_ATCC_51743__Copy3	Clostridium beijerinckii | Copy2	Clostridium_beijerinckii	Clostridium beijerinckii	TIC	TIC	0.005516022365677151	0.005516022365677151	0.005516022365677151	0.005516022365677151	original_relative	3	2	15	1
mock-20	Mock 10	Clostridium_beijerinckii_ATCC_51743__Copy3	Clostridium beijerinckii | Copy2	Clostridium_beijerinckii	Clostridium beijerinckii	TAC	TAC	0.005516022365677151	0.005516022365677151	0.005516022365677151	0.005516022365677151	original_relative	3	2	15	1
mock-20	Mock 10	Deinococcus_radiodurans_DSM_20539_	Deinococcus radiodurans | Copy1	Deinococcus_radiodurans	Deinococcus radiodurans	zOTU	UNOISE3	-0.04411779367413574	0.04411779367413574	-0.04411779367413574	0.04411779367413574	original_relative	0	1	6	1
mock-20	Mock 10	Deinococcus_radiodurans_DSM_20539_	Deinococcus radiodurans | Copy1	Deinococcus_radiodurans	Deinococcus radiodurans	TIC	TIC	-0.04411779367413574	0.04411779367413574	-0.04411779367413574	0.04411779367413574	original_relative	0	1	6	1
mock-20	Mock 10	Deinococcus_radiodurans_DSM_20539_	Deinococcus radiodurans | Copy1	Deinococcus_radiodurans	Deinococcus radiodurans	TAC	TAC	-0.04411779367413574	0.04411779367413574	-0.04411779367413574	0.04411779367413574	original_relative	0	1	6	1
mock-20	Mock 10	Helicobacter_pylori_ATCC_700392	Helicobacter pylori | Copy1	Helicobacter_pylori	Helicobacter pylori	zOTU	UNOISE3	0.049523940081254186	0.049523940081254186	0.049523940081254186	0.049523940081254186	original_relative	0	1	5	1
mock-20	Mock 10	Helicobacter_pylori_ATCC_700392	Helicobacter pylori | Copy1	Helicobacter_pylori	Helicobacter pylori	TIC	TIC	0.049523940081254186	0.049523940081254186	0.049523940081254186	0.049523940081254186	original_relative	0	1	5	1
mock-20	Mock 10	Helicobacter_pylori_ATCC_700392	Helicobacter pylori | Copy1	Helicobacter_pylori	Helicobacter pylori	TAC	TAC	0.049523940081254186	0.049523940081254186	0.049523940081254186	0.049523940081254186	original_relative	0	1	5	1
mock-20	Mock 10	Listeria_monocytogenes_ATCC_BAA-679	Listeria monocytogenes | Copy1	Listeria_monocytogenes	Listeria monocytogenes	zOTU	UNOISE3	0.025139370072198255	0.025139370072198255	0.025139370072198255	0.025139370072198255	original_relative	0	1	14	1
mock-20	Mock 10	Listeria_monocytogenes_ATCC_BAA-679	Listeria monocytogenes | Copy1	Listeria_monocytogenes	Listeria monocytogenes	TIC	TIC	0.025139370072198255	0.025139370072198255	0.025139370072198255	0.025139370072198255	original_relative	0	1	14	1
mock-20	Mock 10	Listeria_monocytogenes_ATCC_BAA-679	Listeria monocytogenes | Copy1	Listeria_monocytogenes	Listeria monocytogenes	TAC	TAC	0.025139370072198255	0.025139370072198255	0.025139370072198255	0.025139370072198255	original_relative	0	1	14	1
mock-20	Mock 10	Propionibacterium_acnes_DSM16379	Propionibacterium acnes | Copy1	Propionibacterium_acnes	Propionibacterium acnes	zOTU	UNOISE3	-0.05	0.05	-0.05	0.05	original_relative	0	1	3	1
mock-20	Mock 10	Propionibacterium_acnes_DSM16379	Propionibacterium acnes | Copy1	Propionibacterium_acnes	Propionibacterium acnes	TIC	TIC	-0.05	0.05	-0.05	0.05	original_relative	0	1	3	1
mock-20	Mock 10	Propionibacterium_acnes_DSM16379	Propionibacterium acnes | Copy1	Propionibacterium_acnes	Propionibacterium acnes	TAC	TAC	-0.05	0.05	-0.05	0.05	original_relative	0	1	3	1
mock-20	Mock 10	Pseudomonas_aeruginosa_ATCC_47085	Pseudomonas aeruginosa | Copy1	Pseudomonas_aeruginosa	Pseudomonas aeruginosa	zOTU	UNOISE3	-0.043835314839277856	0.043835314839277856	-0.043835314839277856	0.043835314839277856	original_relative	0	1	7	1
mock-20	Mock 10	Pseudomonas_aeruginosa_ATCC_47085	Pseudomonas aeruginosa | Copy1	Pseudomonas_aeruginosa	Pseudomonas aeruginosa	TIC	TIC	-0.043835314839277856	0.043835314839277856	-0.043835314839277856	0.043835314839277856	original_relative	0	1	7	1
mock-20	Mock 10	Pseudomonas_aeruginosa_ATCC_47085	Pseudomonas aeruginosa | Copy1	Pseudomonas_aeruginosa	Pseudomonas aeruginosa	TAC	TAC	-0.043835314839277856	0.043835314839277856	-0.043835314839277856	0.043835314839277856	original_relative	0	1	7	1
mock-20	Mock 10	Rhodobacter_sphaeroides_ATCC_17023	Rhodobacter sphaeroides | Copy1	Rhodobacter_sphaeroides	Rhodobacter sphaeroides	zOTU	UNOISE3	-0.029503668070752644	0.029503668070752644	-0.029503668070752644	0.029503668070752644	original_relative	0	1	12	1
mock-20	Mock 10	Rhodobacter_sphaeroides_ATCC_17023	Rhodobacter sphaeroides | Copy1	Rhodobacter_sphaeroides	Rhodobacter sphaeroides	TIC	TIC	-0.029503668070752644	0.029503668070752644	-0.029503668070752644	0.029503668070752644	original_relative	0	1	12	1
mock-20	Mock 10	Rhodobacter_sphaeroides_ATCC_17023	Rhodobacter sphaeroides | Copy1	Rhodobacter_sphaeroides	Rhodobacter sphaeroides	TAC	TAC	-0.029503668070752644	0.029503668070752644	-0.029503668070752644	0.029503668070752644	original_relative	0	1	12	1
mock-20	Mock 10	Staphylococcus_aureus_ATCC_BAA-1718	Staphylococcus aureus | Copy1	Staphylococcus_aureus	Staphylococcus aureus	zOTU	UNOISE3	0.08308907222319149	0.08308907222319149	0.08308907222319149	0.08308907222319149	original_relative	0	1	1	1
mock-20	Mock 10	Staphylococcus_aureus_ATCC_BAA-1718	Staphylococcus aureus | Copy1	Staphylococcus_aureus	Staphylococcus aureus	TIC	TIC	0.08308907222319149	0.08308907222319149	0.08308907222319149	0.08308907222319149	original_relative	0	1	1	1
mock-20	Mock 10	Staphylococcus_aureus_ATCC_BAA-1718	Staphylococcus aureus | Copy1	Staphylococcus_aureus	Staphylococcus aureus	TAC	TAC	0.08308907222319149	0.08308907222319149	0.08308907222319149	0.08308907222319149	original_relative	0	1	1	1
mock-20	Mock 10	Staphylococcus_epidermidis_ATCC_12228__Copy4	Staphylococcus epidermidis | Copy1	Staphylococcus_epidermidis	Staphylococcus epidermidis	zOTU	UNOISE3	-0.05	0.05	-0.05	0.05	original_relative	4	1	4	1
mock-20	Mock 10	Staphylococcus_epidermidis_ATCC_12228__Copy4	Staphylococcus epidermidis | Copy1	Staphylococcus_epidermidis	Staphylococcus epidermidis	TIC	TIC	-0.05	0.05	-0.05	0.05	original_relative	4	1	4	1
mock-20	Mock 10	Staphylococcus_epidermidis_ATCC_12228__Copy4	Staphylococcus epidermidis | Copy1	Staphylococcus_epidermidis	Staphylococcus epidermidis	TAC	TAC	-0.05	0.05	-0.05	0.05	original_relative	4	1	4	1
mock-20	Mock 10	Streptococcus_pneumoniae_ATCC_BAA-334	Streptococcus pneumoniae | Copy1	Streptococcus_pneumoniae	Streptococcus pneumoniae	zOTU	UNOISE3	-0.03013509134867028	0.03013509134867028	-0.03013509134867028	0.03013509134867028	original_relative	0	1	11	1
mock-20	Mock 10	Streptococcus_pneumoniae_ATCC_BAA-334	Streptococcus pneumoniae | Copy1	Streptococcus_pneumoniae	Streptococcus pneumoniae	TIC	TIC	-0.025623738191969298	0.025623738191969298	-0.025623738191969298	0.025623738191969298	original_relative	0	1	11	1
mock-20	Mock 10	Streptococcus_pneumoniae_ATCC_BAA-334	Streptococcus pneumoniae | Copy1	Streptococcus_pneumoniae	Streptococcus pneumoniae	TAC	TAC	-0.03013509134867028	0.03013509134867028	-0.03013509134867028	0.03013509134867028	original_relative	0	1	11	1
mock-21	Mock 11	Acinetobacter_baumannii_ATCC_17978	Acinetobacter baumannii | Copy1	Acinetobacter_baumannii	Acinetobacter baumannii	zOTU	UNOISE3	0.0008280911270702614	0.0008280911270702614	0.0008280911270702614	0.0008280911270702614	original_relative	0	1	13	1
mock-21	Mock 11	Acinetobacter_baumannii_ATCC_17978	Acinetobacter baumannii | Copy1	Acinetobacter_baumannii	Acinetobacter baumannii	TIC	TIC	0.0008280911270702614	0.0008280911270702614	0.0008280911270702614	0.0008280911270702614	original_relative	0	1	13	1
mock-21	Mock 11	Acinetobacter_baumannii_ATCC_17978	Acinetobacter baumannii | Copy1	Acinetobacter_baumannii	Acinetobacter baumannii	TAC	TAC	0.0008280911270702614	0.0008280911270702614	0.0008280911270702614	0.0008280911270702614	original_relative	0	1	13	1
mock-21	Mock 11	Bacillus_cereus_ATCC_10987	Bacillus cereus | Copy1	Bacillus_cereus	Bacillus cereus	zOTU	UNOISE3	0.00963655492558095	0.00963655492558095	0.00963655492558095	0.00963655492558095	original_relative	0	1	8	1
mock-21	Mock 11	Bacillus_cereus_ATCC_10987	Bacillus cereus | Copy1	Bacillus_cereus	Bacillus cereus	TIC	TIC	0.00963655492558095	0.00963655492558095	0.00963655492558095	0.00963655492558095	original_relative	0	1	8	1
mock-21	Mock 11	Bacillus_cereus_ATCC_10987	Bacillus cereus | Copy1	Bacillus_cereus	Bacillus cereus	TAC	TAC	0.00963655492558095	0.00963655492558095	0.00963655492558095	0.00963655492558095	original_relative	0	1	8	1
mock-21	Mock 11	Clostridium_beijerinckii_ATCC_51743	Clostridium beijerinckii | Copy1	Clostridium_beijerinckii	Clostridium beijerinckii	zOTU	UNOISE3	0.007758132598078983	0.007758132598078983	0.007758132598078983	0.007758132598078983	original_relative	0	1	9	1
mock-21	Mock 11	Clostridium_beijerinckii_ATCC_51743	Clostridium beijerinckii | Copy1	Clostridium_beijerinckii	Clostridium beijerinckii	TIC	TIC	-0.0015973849504128633	0.0015973849504128633	-0.0015973849504128633	0.0015973849504128633	original_relative	0	1	9	1
mock-21	Mock 11	Clostridium_beijerinckii_ATCC_51743	Clostridium beijerinckii | Copy1	Clostridium_beijerinckii	Clostridium beijerinckii	TAC	TAC	-0.0015973849504128633	0.0015973849504128633	-0.0015973849504128633	0.0015973849504128633	original_relative	0	1	9	1
mock-21	Mock 11	Clostridium_beijerinckii_ATCC_51743__Copy3	Clostridium beijerinckii | Copy2	Clostridium_beijerinckii	Clostridium beijerinckii	zOTU	UNOISE3	-0.01095290249890471	0.01095290249890471	-0.01095290249890471	0.01095290249890471	original_relative	3	2	7	1
mock-21	Mock 11	Clostridium_beijerinckii_ATCC_51743__Copy3	Clostridium beijerinckii | Copy2	Clostridium_beijerinckii	Clostridium beijerinckii	TIC	TIC	-0.0015973849504128633	0.0015973849504128633	-0.0015973849504128633	0.0015973849504128633	original_relative	3	2	7	1
mock-21	Mock 11	Clostridium_beijerinckii_ATCC_51743__Copy3	Clostridium beijerinckii | Copy2	Clostridium_beijerinckii	Clostridium beijerinckii	TAC	TAC	-0.0015973849504128633	0.0015973849504128633	-0.0015973849504128633	0.0015973849504128633	original_relative	3	2	7	1
mock-21	Mock 11	Escherichia_coli_ATCC_700926	Escherichia coli | Copy1	Escherichia_coli	Escherichia coli	zOTU	UNOISE3	-0.05831181583597861	0.05831181583597861	-0.05831181583597861	0.05831181583597861	original_relative	0	1	4	1
mock-21	Mock 11	Escherichia_coli_ATCC_700926	Escherichia coli | Copy1	Escherichia_coli	Escherichia coli	TIC	TIC	-0.05831181583597861	0.05831181583597861	-0.05831181583597861	0.05831181583597861	original_relative	0	1	4	1
mock-21	Mock 11	Escherichia_coli_ATCC_700926	Escherichia coli | Copy1	Escherichia_coli	Escherichia coli	TAC	TAC	-0.05831181583597861	0.05831181583597861	-0.05831181583597861	0.05831181583597861	original_relative	0	1	4	1
mock-21	Mock 11	Helicobacter_pylori_ATCC_700392	Helicobacter pylori | Copy1	Helicobacter_pylori	Helicobacter pylori	zOTU	UNOISE3	0.0008202094779139919	0.0008202094779139919	0.0008202094779139919	0.0008202094779139919	original_relative	0	1	14	1
mock-21	Mock 11	Helicobacter_pylori_ATCC_700392	Helicobacter pylori | Copy1	Helicobacter_pylori	Helicobacter pylori	TIC	TIC	0.0008202094779139919	0.0008202094779139919	0.0008202094779139919	0.0008202094779139919	original_relative	0	1	14	1
mock-21	Mock 11	Helicobacter_pylori_ATCC_700392	Helicobacter pylori | Copy1	Helicobacter_pylori	Helicobacter pylori	TAC	TAC	0.0008202094779139919	0.0008202094779139919	0.0008202094779139919	0.0008202094779139919	original_relative	0	1	14	1
mock-21	Mock 11	Lactobacillus_gasseri_DSM_20243	Lactobacillus gasseri | Copy1	Lactobacillus_gasseri	Lactobacillus gasseri	zOTU	UNOISE3	-0.0005827240719019715	0.0005827240719019715	-0.0005827240719019715	0.0005827240719019715	original_relative	0	1	15	1
mock-21	Mock 11	Lactobacillus_gasseri_DSM_20243	Lactobacillus gasseri | Copy1	Lactobacillus_gasseri	Lactobacillus gasseri	TIC	TIC	-0.0004172094396203132	0.0004172094396203132	-0.0004172094396203132	0.0004172094396203132	original_relative	0	1	15	1
mock-21	Mock 11	Lactobacillus_gasseri_DSM_20243	Lactobacillus gasseri | Copy1	Lactobacillus_gasseri	Lactobacillus gasseri	TAC	TAC	-0.0004172094396203132	0.0004172094396203132	-0.0004172094396203132	0.0004172094396203132	original_relative	0	1	15	1
mock-21	Mock 11	Neisseria_meningitidis_ATCC_BAA-335	Neisseria meningitidis | Copy1	Neisseria_meningitidis	Neisseria meningitidis	zOTU	UNOISE3	-0.001071386319590678	0.001071386319590678	-0.001071386319590678	0.001071386319590678	original_relative	0	1	12	1
mock-21	Mock 11	Neisseria_meningitidis_ATCC_BAA-335	Neisseria meningitidis | Copy1	Neisseria_meningitidis	Neisseria meningitidis	TIC	TIC	-0.001071386319590678	0.001071386319590678	-0.001071386319590678	0.001071386319590678	original_relative	0	1	12	1
mock-21	Mock 11	Neisseria_meningitidis_ATCC_BAA-335	Neisseria meningitidis | Copy1	Neisseria_meningitidis	Neisseria meningitidis	TAC	TAC	-0.001071386319590678	0.001071386319590678	-0.001071386319590678	0.001071386319590678	original_relative	0	1	12	1
mock-21	Mock 11	Propionibacterium_acnes_DSM16379	Propionibacterium acnes | Copy1	Propionibacterium_acnes	Propionibacterium acnes	zOTU	UNOISE3	-0.002190580499780941	0.002190580499780941	-0.002190580499780941	0.002190580499780941	original_relative	0	1	11	1
mock-21	Mock 11	Propionibacterium_acnes_DSM16379	Propionibacterium acnes | Copy1	Propionibacterium_acnes	Propionibacterium acnes	TIC	TIC	-0.002190580499780941	0.002190580499780941	-0.002190580499780941	0.002190580499780941	original_relative	0	1	11	1
mock-21	Mock 11	Propionibacterium_acnes_DSM16379	Propionibacterium acnes | Copy1	Propionibacterium_acnes	Propionibacterium acnes	TAC	TAC	-0.002190580499780941	0.002190580499780941	-0.002190580499780941	0.002190580499780941	original_relative	0	1	11	1
mock-21	Mock 11	Pseudomonas_aeruginosa_ATCC_47085	Pseudomonas aeruginosa | Copy1	Pseudomonas_aeruginosa	Pseudomonas aeruginosa	zOTU	UNOISE3	-0.0193048607762405	0.0193048607762405	-0.0193048607762405	0.0193048607762405	original_relative	0	1	6	1
mock-21	Mock 11	Pseudomonas_aeruginosa_ATCC_47085	Pseudomonas aeruginosa | Copy1	Pseudomonas_aeruginosa	Pseudomonas aeruginosa	TIC	TIC	-0.0193048607762405	0.0193048607762405	-0.0193048607762405	0.0193048607762405	original_relative	0	1	6	1
mock-21	Mock 11	Pseudomonas_aeruginosa_ATCC_47085	Pseudomonas aeruginosa | Copy1	Pseudomonas_aeruginosa	Pseudomonas aeruginosa	TAC	TAC	-0.0193048607762405	0.0193048607762405	-0.0193048607762405	0.0193048607762405	original_relative	0	1	6	1
mock-21	Mock 11	Rhodobacter_sphaeroides_ATCC_17023	Rhodobacter sphaeroides | Copy1	Rhodobacter_sphaeroides	Rhodobacter sphaeroides	zOTU	UNOISE3	-0.09822448716332714	0.09822448716332714	-0.09822448716332714	0.09822448716332714	original_relative	0	1	3	1
mock-21	Mock 11	Rhodobacter_sphaeroides_ATCC_17023	Rhodobacter sphaeroides | Copy1	Rhodobacter_sphaeroides	Rhodobacter sphaeroides	TIC	TIC	-0.09822448716332714	0.09822448716332714	-0.09822448716332714	0.09822448716332714	original_relative	0	1	3	1
mock-21	Mock 11	Rhodobacter_sphaeroides_ATCC_17023	Rhodobacter sphaeroides | Copy1	Rhodobacter_sphaeroides	Rhodobacter sphaeroides	TAC	TAC	-0.09822448716332714	0.09822448716332714	-0.09822448716332714	0.09822448716332714	original_relative	0	1	3	1
mock-21	Mock 11	Staphylococcus_aureus_ATCC_BAA-1718	Staphylococcus aureus | Copy1	Staphylococcus_aureus	Staphylococcus aureus	zOTU	UNOISE3	0.36371176162183005	0.36371176162183005	0.36371176162183005	0.36371176162183005	original_relative	0	1	1	1
mock-21	Mock 11	Staphylococcus_aureus_ATCC_BAA-1718	Staphylococcus aureus | Copy1	Staphylococcus_aureus	Staphylococcus aureus	TIC	TIC	0.36918950778543735	0.36918950778543735	0.36918950778543735	0.36918950778543735	original_relative	0	1	1	1
mock-21	Mock 11	Staphylococcus_aureus_ATCC_BAA-1718	Staphylococcus aureus | Copy1	Staphylococcus_aureus	Staphylococcus aureus	TAC	TAC	0.3785450253339292	0.3785450253339292	0.3785450253339292	0.3785450253339292	original_relative	0	1	1	1
mock-21	Mock 11	Staphylococcus_epidermidis_ATCC_12228__Copy4	Staphylococcus epidermidis | Copy1	Staphylococcus_epidermidis	Staphylococcus epidermidis	zOTU	UNOISE3	-0.2190580503780942	0.2190580503780942	-0.2190580503780942	0.2190580503780942	original_relative	4	1	2	1
mock-21	Mock 11	Staphylococcus_epidermidis_ATCC_12228__Copy4	Staphylococcus epidermidis | Copy1	Staphylococcus_epidermidis	Staphylococcus epidermidis	TIC	TIC	-0.2190580503780942	0.2190580503780942	-0.2190580503780942	0.2190580503780942	original_relative	4	1	2	1
mock-21	Mock 11	Staphylococcus_epidermidis_ATCC_12228__Copy4	Staphylococcus epidermidis | Copy1	Staphylococcus_epidermidis	Staphylococcus epidermidis	TAC	TAC	-0.2190580503780942	0.2190580503780942	-0.2190580503780942	0.2190580503780942	original_relative	4	1	2	1
mock-21	Mock 11	Streptococcus_agalactiae_ATCC_BAA-611	Streptococcus agalactiae | Copy1	Streptococcus_agalactiae	Streptococcus agalactiae	zOTU	UNOISE3	0.005766665189852645	0.005766665189852645	0.005766665189852645	0.005766665189852645	original_relative	0	1	10	1
mock-21	Mock 11	Streptococcus_agalactiae_ATCC_BAA-611	Streptococcus agalactiae | Copy1	Streptococcus_agalactiae	Streptococcus agalactiae	TIC	TIC	0.005766665189852645	0.005766665189852645	0.005766665189852645	0.005766665189852645	original_relative	0	1	10	1
mock-21	Mock 11	Streptococcus_agalactiae_ATCC_BAA-611	Streptococcus agalactiae | Copy1	Streptococcus_agalactiae	Streptococcus agalactiae	TAC	TAC	0.005766665189852645	0.005766665189852645	0.005766665189852645	0.005766665189852645	original_relative	0	1	10	1
mock-21	Mock 11	Streptococcus_mutans_ATCC_700610	Streptococcus mutans | Copy1	Streptococcus_mutans	Streptococcus mutans	zOTU	UNOISE3	-0.03700771816658224	0.03700771816658224	-0.03700771816658224	0.03700771816658224	original_relative	0	1	5	1
mock-21	Mock 11	Streptococcus_mutans_ATCC_700610	Streptococcus mutans | Copy1	Streptococcus_mutans	Streptococcus mutans	TIC	TIC	-0.03700771816658224	0.03700771816658224	-0.03700771816658224	0.03700771816658224	original_relative	0	1	5	1
mock-21	Mock 11	Streptococcus_mutans_ATCC_700610	Streptococcus mutans | Copy1	Streptococcus_mutans	Streptococcus mutans	TAC	TAC	-0.03700771816658224	0.03700771816658224	-0.03700771816658224	0.03700771816658224	original_relative	0	1	5	1
mock-22	Mock 12	Acinetobacter_baumannii_ATCC_17978	Acinetobacter baumannii | Copy1	Acinetobacter_baumannii	Acinetobacter baumannii	zOTU	UNOISE3	0.01547081389541248	0.01547081389541248	0.01547081389541248	0.01547081389541248	original_relative	0	1	12	1
mock-22	Mock 12	Acinetobacter_baumannii_ATCC_17978	Acinetobacter baumannii | Copy1	Acinetobacter_baumannii	Acinetobacter baumannii	TIC	TIC	0.015470813895412439	0.015470813895412439	0.015470813895412439	0.015470813895412439	original_relative	0	1	12	1
mock-22	Mock 12	Acinetobacter_baumannii_ATCC_17978	Acinetobacter baumannii | Copy1	Acinetobacter_baumannii	Acinetobacter baumannii	TAC	TAC	0.015470813895412439	0.015470813895412439	0.015470813895412439	0.015470813895412439	original_relative	0	1	12	1
mock-22	Mock 12	Actinomyces_odontolyticus_ATCC_17982	Actinomyces odontolyticus | Copy1	Actinomyces_odontolyticus	Actinomyces odontolyticus	zOTU	UNOISE3	-0.03408481486598018	0.03408481486598018	-0.03408481486598018	0.03408481486598018	original_relative	0	1	4	1
mock-22	Mock 12	Actinomyces_odontolyticus_ATCC_17982	Actinomyces odontolyticus | Copy1	Actinomyces_odontolyticus	Actinomyces odontolyticus	TIC	TIC	-0.034084814865980195	0.034084814865980195	-0.034084814865980195	0.034084814865980195	original_relative	0	1	4	1
mock-22	Mock 12	Actinomyces_odontolyticus_ATCC_17982	Actinomyces odontolyticus | Copy1	Actinomyces_odontolyticus	Actinomyces odontolyticus	TAC	TAC	-0.034084814865980195	0.034084814865980195	-0.034084814865980195	0.034084814865980195	original_relative	0	1	4	1
mock-22	Mock 12	Bacteroides_vulgatus_ATCC_8482	Bacteroides vulgatus | Copy1	Bacteroides_vulgatus	Bacteroides vulgatus	zOTU	UNOISE3	0.02712931574976357	0.02712931574976357	0.02712931574976357	0.02712931574976357	original_relative	0	1	6	1
mock-22	Mock 12	Bacteroides_vulgatus_ATCC_8482	Bacteroides vulgatus | Copy1	Bacteroides_vulgatus	Bacteroides vulgatus	TIC	TIC	0.0036503146079886403	0.0036503146079886403	0.0036503146079886403	0.0036503146079886403	original_relative	0	1	6	1
mock-22	Mock 12	Bacteroides_vulgatus_ATCC_8482	Bacteroides vulgatus | Copy1	Bacteroides_vulgatus	Bacteroides vulgatus	TAC	TAC	0.0036503146079886403	0.0036503146079886403	0.0036503146079886403	0.0036503146079886403	original_relative	0	1	6	1
mock-22	Mock 12	Clostridium_beijerinckii_ATCC_51743	Clostridium beijerinckii | Copy1	Clostridium_beijerinckii	Clostridium beijerinckii	zOTU	UNOISE3	0.047218739041263315	0.047218739041263315	0.047218739041263315	0.047218739041263315	original_relative	0	1	3	1
mock-22	Mock 12	Clostridium_beijerinckii_ATCC_51743	Clostridium beijerinckii | Copy1	Clostridium_beijerinckii	Clostridium beijerinckii	TIC	TIC	0.011109369520631636	0.011109369520631636	0.011109369520631636	0.011109369520631636	original_relative	0	1	3	1
mock-22	Mock 12	Clostridium_beijerinckii_ATCC_51743	Clostridium beijerinckii | Copy1	Clostridium_beijerinckii	Clostridium beijerinckii	TAC	TAC	0.011109369520631636	0.011109369520631636	0.011109369520631636	0.011109369520631636	original_relative	0	1	3	1
mock-22	Mock 12	Clostridium_beijerinckii_ATCC_51743__Copy3	Clostridium beijerinckii | Copy2	Clostridium_beijerinckii	Clostridium beijerinckii	zOTU	UNOISE3	-0.025	0.025	-0.025	0.025	original_relative	3	2	7	1
mock-22	Mock 12	Clostridium_beijerinckii_ATCC_51743__Copy3	Clostridium beijerinckii | Copy2	Clostridium_beijerinckii	Clostridium beijerinckii	TIC	TIC	0.011109369520631636	0.011109369520631636	0.011109369520631636	0.011109369520631636	original_relative	3	2	7	1
mock-22	Mock 12	Clostridium_beijerinckii_ATCC_51743__Copy3	Clostridium beijerinckii | Copy2	Clostridium_beijerinckii	Clostridium beijerinckii	TAC	TAC	0.011109369520631636	0.011109369520631636	0.011109369520631636	0.011109369520631636	original_relative	3	2	7	1
mock-22	Mock 12	Deinococcus_radiodurans_DSM_20539_	Deinococcus radiodurans | Copy1	Deinococcus_radiodurans	Deinococcus radiodurans	zOTU	UNOISE3	-0.011850312954953604	0.011850312954953604	-0.011850312954953604	0.011850312954953604	original_relative	0	1	14	1
mock-22	Mock 12	Deinococcus_radiodurans_DSM_20539_	Deinococcus radiodurans | Copy1	Deinococcus_radiodurans	Deinococcus radiodurans	TIC	TIC	-0.011850312954953625	0.011850312954953625	-0.011850312954953625	0.011850312954953625	original_relative	0	1	14	1
mock-22	Mock 12	Deinococcus_radiodurans_DSM_20539_	Deinococcus radiodurans | Copy1	Deinococcus_radiodurans	Deinococcus radiodurans	TAC	TAC	-0.011850312954953625	0.011850312954953625	-0.011850312954953625	0.011850312954953625	original_relative	0	1	14	1
mock-22	Mock 12	Enterococcus_faecalis_ATCC_47077	Enterococcus faecalis | Copy1	Enterococcus_faecalis	Enterococcus faecalis	zOTU	UNOISE3	-0.00989500866072282	0.00989500866072282	-0.00989500866072282	0.00989500866072282	original_relative	0	1	15	1
mock-22	Mock 12	Enterococcus_faecalis_ATCC_47077	Enterococcus faecalis | Copy1	Enterococcus_faecalis	Enterococcus faecalis	TIC	TIC	-0.009895008660722841	0.009895008660722841	-0.009895008660722841	0.009895008660722841	original_relative	0	1	15	1
mock-22	Mock 12	Enterococcus_faecalis_ATCC_47077	Enterococcus faecalis | Copy1	Enterococcus_faecalis	Enterococcus faecalis	TAC	TAC	-0.009895008660722841	0.009895008660722841	-0.009895008660722841	0.009895008660722841	original_relative	0	1	15	1
mock-22	Mock 12	Helicobacter_pylori_ATCC_700392	Helicobacter pylori | Copy1	Helicobacter_pylori	Helicobacter pylori	zOTU	UNOISE3	0.014627766029421674	0.014627766029421674	0.014627766029421674	0.014627766029421674	original_relative	0	1	13	1
mock-22	Mock 12	Helicobacter_pylori_ATCC_700392	Helicobacter pylori | Copy1	Helicobacter_pylori	Helicobacter pylori	TIC	TIC	0.014627766029421632	0.014627766029421632	0.014627766029421632	0.014627766029421632	original_relative	0	1	13	1
mock-22	Mock 12	Helicobacter_pylori_ATCC_700392	Helicobacter pylori | Copy1	Helicobacter_pylori	Helicobacter pylori	TAC	TAC	0.014627766029421632	0.014627766029421632	0.014627766029421632	0.014627766029421632	original_relative	0	1	13	1
mock-22	Mock 12	Lactobacillus_gasseri_DSM_20243	Lactobacillus gasseri | Copy1	Lactobacillus_gasseri	Lactobacillus gasseri	zOTU	UNOISE3	0.02452118069207855	0.02452118069207855	0.02452118069207855	0.02452118069207855	original_relative	0	1	8	1
mock-22	Mock 12	Lactobacillus_gasseri_DSM_20243	Lactobacillus gasseri | Copy1	Lactobacillus_gasseri	Lactobacillus gasseri	TIC	TIC	0.02452118069207851	0.02452118069207851	0.02452118069207851	0.02452118069207851	original_relative	0	1	8	1
mock-22	Mock 12	Lactobacillus_gasseri_DSM_20243	Lactobacillus gasseri | Copy1	Lactobacillus_gasseri	Lactobacillus gasseri	TAC	TAC	0.02452118069207851	0.02452118069207851	0.02452118069207851	0.02452118069207851	original_relative	0	1	8	1
mock-22	Mock 12	Propionibacterium_acnes_DSM16379	Propionibacterium acnes | Copy1	Propionibacterium_acnes	Propionibacterium acnes	zOTU	UNOISE3	-0.02320666362035925	0.02320666362035925	-0.02320666362035925	0.02320666362035925	original_relative	0	1	9	1
mock-22	Mock 12	Propionibacterium_acnes_DSM16379	Propionibacterium acnes | Copy1	Propionibacterium_acnes	Propionibacterium acnes	TIC	TIC	-0.023206663620359263	0.023206663620359263	-0.023206663620359263	0.023206663620359263	original_relative	0	1	9	1
mock-22	Mock 12	Propionibacterium_acnes_DSM16379	Propionibacterium acnes | Copy1	Propionibacterium_acnes	Propionibacterium acnes	TAC	TAC	-0.023206663620359263	0.023206663620359263	-0.023206663620359263	0.023206663620359263	original_relative	0	1	9	1
mock-22	Mock 12	Rhodobacter_sphaeroides_ATCC_17023	Rhodobacter sphaeroides | Copy1	Rhodobacter_sphaeroides	Rhodobacter sphaeroides	zOTU	UNOISE3	-0.021846451937416092	0.021846451937416092	-0.021846451937416092	0.021846451937416092	original_relative	0	1	10	1
mock-22	Mock 12	Rhodobacter_sphaeroides_ATCC_17023	Rhodobacter sphaeroides | Copy1	Rhodobacter_sphaeroides	Rhodobacter sphaeroides	TIC	TIC	-0.021846451937416106	0.021846451937416106	-0.021846451937416106	0.021846451937416106	original_relative	0	1	10	1
mock-22	Mock 12	Rhodobacter_sphaeroides_ATCC_17023	Rhodobacter sphaeroides | Copy1	Rhodobacter_sphaeroides	Rhodobacter sphaeroides	TAC	TAC	-0.021846451937416106	0.021846451937416106	-0.021846451937416106	0.021846451937416106	original_relative	0	1	10	1
mock-22	Mock 12	Staphylococcus_aureus_ATCC_BAA-1718	Staphylococcus aureus | Copy1	Staphylococcus_aureus	Staphylococcus aureus	zOTU	UNOISE3	0.06391418622856518	0.06391418622856518	0.06391418622856518	0.06391418622856518	original_relative	0	1	1	1
mock-22	Mock 12	Staphylococcus_aureus_ATCC_BAA-1718	Staphylococcus aureus | Copy1	Staphylococcus_aureus	Staphylococcus aureus	TIC	TIC	0.06391418622856511	0.06391418622856511	0.06391418622856511	0.06391418622856511	original_relative	0	1	1	1
mock-22	Mock 12	Staphylococcus_aureus_ATCC_BAA-1718	Staphylococcus aureus | Copy1	Staphylococcus_aureus	Staphylococcus aureus	TAC	TAC	0.06391418622856511	0.06391418622856511	0.06391418622856511	0.06391418622856511	original_relative	0	1	1	1
mock-22	Mock 12	Staphylococcus_epidermidis_ATCC_12228__Copy4	Staphylococcus epidermidis | Copy1	Staphylococcus_epidermidis	Staphylococcus epidermidis	zOTU	UNOISE3	-0.05	0.05	-0.05	0.05	original_relative	4	1	2	1
mock-22	Mock 12	Staphylococcus_epidermidis_ATCC_12228__Copy4	Staphylococcus epidermidis | Copy1	Staphylococcus_epidermidis	Staphylococcus epidermidis	TIC	TIC	-0.05	0.05	-0.05	0.05	original_relative	4	1	2	1
mock-22	Mock 12	Staphylococcus_epidermidis_ATCC_12228__Copy4	Staphylococcus epidermidis | Copy1	Staphylococcus_epidermidis	Staphylococcus epidermidis	TAC	TAC	-0.05	0.05	-0.05	0.05	original_relative	4	1	2	1
mock-22	Mock 12	Streptococcus_agalactiae_ATCC_BAA-611	Streptococcus agalactiae | Copy1	Streptococcus_agalactiae	Streptococcus agalactiae	zOTU	UNOISE3	0.02135089564980218	0.02135089564980218	0.02135089564980218	0.02135089564980218	original_relative	0	1	11	1
mock-22	Mock 12	Streptococcus_agalactiae_ATCC_BAA-611	Streptococcus agalactiae | Copy1	Streptococcus_agalactiae	Streptococcus agalactiae	TIC	TIC	0.021350895649802137	0.021350895649802137	0.021350895649802137	0.021350895649802137	original_relative	0	1	11	1
mock-22	Mock 12	Streptococcus_agalactiae_ATCC_BAA-611	Streptococcus agalactiae | Copy1	Streptococcus_agalactiae	Streptococcus agalactiae	TAC	TAC	0.021350895649802137	0.021350895649802137	0.021350895649802137	0.021350895649802137	original_relative	0	1	11	1
mock-22	Mock 12	Streptococcus_pneumoniae_ATCC_BAA-334	Streptococcus pneumoniae | Copy1	Streptococcus_pneumoniae	Streptococcus pneumoniae	zOTU	UNOISE3	-0.03059218799258968	0.03059218799258968	-0.03059218799258968	0.03059218799258968	original_relative	0	1	5	1
mock-22	Mock 12	Streptococcus_pneumoniae_ATCC_BAA-334	Streptococcus pneumoniae | Copy1	Streptococcus_pneumoniae	Streptococcus pneumoniae	TIC	TIC	-0.03059218799258969	0.03059218799258969	-0.03059218799258969	0.03059218799258969	original_relative	0	1	5	1
mock-22	Mock 12	Streptococcus_pneumoniae_ATCC_BAA-334	Streptococcus pneumoniae | Copy1	Streptococcus_pneumoniae	Streptococcus pneumoniae	TAC	TAC	-0.03059218799258969	0.03059218799258969	-0.03059218799258969	0.03059218799258969	original_relative	0	1	5	1
mock-23	Mock 13	Acinetobacter_baumannii_ATCC_17978	Acinetobacter baumannii | Copy1	Acinetobacter_baumannii	Acinetobacter baumannii	zOTU	UNOISE3	0.0012263271987518862	0.0012263271987518862	0.0012263271987518862	0.0012263271987518862	original_relative	0	1	10	1
mock-23	Mock 13	Acinetobacter_baumannii_ATCC_17978	Acinetobacter baumannii | Copy1	Acinetobacter_baumannii	Acinetobacter baumannii	TIC	TIC	0.0012263271987518858	0.0012263271987518858	0.0012263271987518858	0.0012263271987518858	original_relative	0	1	10	1
mock-23	Mock 13	Acinetobacter_baumannii_ATCC_17978	Acinetobacter baumannii | Copy1	Acinetobacter_baumannii	Acinetobacter baumannii	TAC	TAC	0.0012263271987518858	0.0012263271987518858	0.0012263271987518858	0.0012263271987518858	original_relative	0	1	10	1
mock-23	Mock 13	Bacillus_cereus_ATCC_10987	Bacillus cereus | Copy1	Bacillus_cereus	Bacillus cereus	zOTU	UNOISE3	0.00980924288385767	0.00980924288385767	0.00980924288385767	0.00980924288385767	original_relative	0	1	7	1
mock-23	Mock 13	Bacillus_cereus_ATCC_10987	Bacillus cereus | Copy1	Bacillus_cereus	Bacillus cereus	TIC	TIC	0.009809242883857663	0.009809242883857663	0.009809242883857663	0.009809242883857663	original_relative	0	1	7	1
mock-23	Mock 13	Bacillus_cereus_ATCC_10987	Bacillus cereus | Copy1	Bacillus_cereus	Bacillus cereus	TAC	TAC	0.009809242883857663	0.009809242883857663	0.009809242883857663	0.009809242883857663	original_relative	0	1	7	1
mock-23	Mock 13	Clostridium_beijerinckii_ATCC_51743	Clostridium beijerinckii | Copy1	Clostridium_beijerinckii	Clostridium beijerinckii	zOTU	UNOISE3	0.018105799375898592	0.018105799375898592	0.018105799375898592	0.018105799375898592	original_relative	0	1	4	1
mock-23	Mock 13	Clostridium_beijerinckii_ATCC_51743	Clostridium beijerinckii | Copy1	Clostridium_beijerinckii	Clostridium beijerinckii	TIC	TIC	0.003576448438496938	0.003576448438496938	0.003576448438496938	0.003576448438496938	original_relative	0	1	4	1
mock-23	Mock 13	Clostridium_beijerinckii_ATCC_51743	Clostridium beijerinckii | Copy1	Clostridium_beijerinckii	Clostridium beijerinckii	TAC	TAC	0.003576448438496938	0.003576448438496938	0.003576448438496938	0.003576448438496938	original_relative	0	1	4	1
mock-23	Mock 13	Clostridium_beijerinckii_ATCC_51743__Copy3	Clostridium beijerinckii | Copy2	Clostridium_beijerinckii	Clostridium beijerinckii	zOTU	UNOISE3	-0.01095290249890471	0.01095290249890471	-0.01095290249890471	0.01095290249890471	original_relative	3	2	6	1
mock-23	Mock 13	Clostridium_beijerinckii_ATCC_51743__Copy3	Clostridium beijerinckii | Copy2	Clostridium_beijerinckii	Clostridium beijerinckii	TIC	TIC	0.003576448438496938	0.003576448438496938	0.003576448438496938	0.003576448438496938	original_relative	3	2	6	1
mock-23	Mock 13	Clostridium_beijerinckii_ATCC_51743__Copy3	Clostridium beijerinckii | Copy2	Clostridium_beijerinckii	Clostridium beijerinckii	TAC	TAC	0.003576448438496938	0.003576448438496938	0.003576448438496938	0.003576448438496938	original_relative	3	2	6	1
mock-23	Mock 13	Escherichia_coli_ATCC_700926	Escherichia coli | Copy1	Escherichia_coli	Escherichia coli	zOTU	UNOISE3	-0.01393119018656755	0.01393119018656755	-0.01393119018656755	0.01393119018656755	original_relative	0	1	5	1
mock-23	Mock 13	Escherichia_coli_ATCC_700926	Escherichia coli | Copy1	Escherichia_coli	Escherichia coli	TIC	TIC	-0.013931190186567577	0.013931190186567577	-0.013931190186567577	0.013931190186567577	original_relative	0	1	5	1
mock-23	Mock 13	Escherichia_coli_ATCC_700926	Escherichia coli | Copy1	Escherichia_coli	Escherichia coli	TAC	TAC	-0.013931190186567577	0.013931190186567577	-0.013931190186567577	0.013931190186567577	original_relative	0	1	5	1
mock-23	Mock 13	Helicobacter_pylori_ATCC_700392	Helicobacter pylori | Copy1	Helicobacter_pylori	Helicobacter pylori	zOTU	UNOISE3	0.001162634840336253	0.001162634840336253	0.001162634840336253	0.001162634840336253	original_relative	0	1	11	1
mock-23	Mock 13	Helicobacter_pylori_ATCC_700392	Helicobacter pylori | Copy1	Helicobacter_pylori	Helicobacter pylori	TIC	TIC	0.001162634840336252	0.001162634840336252	0.001162634840336252	0.001162634840336252	original_relative	0	1	11	1
mock-23	Mock 13	Helicobacter_pylori_ATCC_700392	Helicobacter pylori | Copy1	Helicobacter_pylori	Helicobacter pylori	TAC	TAC	0.001162634840336252	0.001162634840336252	0.001162634840336252	0.001162634840336252	original_relative	0	1	11	1
mock-23	Mock 13	Lactobacillus_gasseri_DSM_20243	Lactobacillus gasseri | Copy1	Lactobacillus_gasseri	Lactobacillus gasseri	zOTU	UNOISE3	0.0020206083742880265	0.0020206083742880265	0.0020206083742880265	0.0020206083742880265	original_relative	0	1	9	1
mock-23	Mock 13	Lactobacillus_gasseri_DSM_20243	Lactobacillus gasseri | Copy1	Lactobacillus_gasseri	Lactobacillus gasseri	TIC	TIC	0.0020206083742880256	0.0020206083742880256	0.0020206083742880256	0.0020206083742880256	original_relative	0	1	9	1
mock-23	Mock 13	Lactobacillus_gasseri_DSM_20243	Lactobacillus gasseri | Copy1	Lactobacillus_gasseri	Lactobacillus gasseri	TAC	TAC	0.0020206083742880256	0.0020206083742880256	0.0020206083742880256	0.0020206083742880256	original_relative	0	1	9	1
mock-23	Mock 13	Listeria_monocytogenes_ATCC_BAA-679	Listeria monocytogenes | Copy1	Listeria_monocytogenes	Listeria monocytogenes	zOTU	UNOISE3	0.00042080619526004654	0.00042080619526004654	0.00042080619526004654	0.00042080619526004654	original_relative	0	1	14	1
mock-23	Mock 13	Listeria_monocytogenes_ATCC_BAA-679	Listeria monocytogenes | Copy1	Listeria_monocytogenes	Listeria monocytogenes	TIC	TIC	0.0004208061952600461	0.0004208061952600461	0.0004208061952600461	0.0004208061952600461	original_relative	0	1	14	1
mock-23	Mock 13	Listeria_monocytogenes_ATCC_BAA-679	Listeria monocytogenes | Copy1	Listeria_monocytogenes	Listeria monocytogenes	TAC	TAC	0.0004208061952600461	0.0004208061952600461	0.0004208061952600461	0.0004208061952600461	original_relative	0	1	14	1
mock-23	Mock 13	Neisseria_meningitidis_ATCC_BAA-335	Neisseria meningitidis | Copy1	Neisseria_meningitidis	Neisseria meningitidis	zOTU	UNOISE3	0.0005968968332326816	0.0005968968332326816	0.0005968968332326816	0.0005968968332326816	original_relative	0	1	13	1
mock-23	Mock 13	Neisseria_meningitidis_ATCC_BAA-335	Neisseria meningitidis | Copy1	Neisseria_meningitidis	Neisseria meningitidis	TIC	TIC	0.0005968968332326812	0.0005968968332326812	0.0005968968332326812	0.0005968968332326812	original_relative	0	1	13	1
mock-23	Mock 13	Neisseria_meningitidis_ATCC_BAA-335	Neisseria meningitidis | Copy1	Neisseria_meningitidis	Neisseria meningitidis	TAC	TAC	0.0005968968332326812	0.0005968968332326812	0.0005968968332326812	0.0005968968332326812	original_relative	0	1	13	1
mock-23	Mock 13	Propionibacterium_acnes_DSM16379	Propionibacterium acnes | Copy1	Propionibacterium_acnes	Propionibacterium acnes	zOTU	UNOISE3	-0.000781855395999863	0.000781855395999863	-0.000781855395999863	0.000781855395999863	original_relative	0	1	12	1
mock-23	Mock 13	Propionibacterium_acnes_DSM16379	Propionibacterium acnes | Copy1	Propionibacterium_acnes	Propionibacterium acnes	TIC	TIC	-0.0007818553959998635	0.0007818553959998635	-0.0007818553959998635	0.0007818553959998635	original_relative	0	1	12	1
mock-23	Mock 13	Propionibacterium_acnes_DSM16379	Propionibacterium acnes | Copy1	Propionibacterium_acnes	Propionibacterium acnes	TAC	TAC	-0.0007818553959998635	0.0007818553959998635	-0.0007818553959998635	0.0007818553959998635	original_relative	0	1	12	1
mock-23	Mock 13	Rhodobacter_sphaeroides_ATCC_17023	Rhodobacter sphaeroides | Copy1	Rhodobacter_sphaeroides	Rhodobacter sphaeroides	zOTU	UNOISE3	-0.08332588798505988	0.08332588798505988	-0.08332588798505988	0.08332588798505988	original_relative	0	1	3	1
mock-23	Mock 13	Rhodobacter_sphaeroides_ATCC_17023	Rhodobacter sphaeroides | Copy1	Rhodobacter_sphaeroides	Rhodobacter sphaeroides	TIC	TIC	-0.08332588798505991	0.08332588798505991	-0.08332588798505991	0.08332588798505991	original_relative	0	1	3	1
mock-23	Mock 13	Rhodobacter_sphaeroides_ATCC_17023	Rhodobacter sphaeroides | Copy1	Rhodobacter_sphaeroides	Rhodobacter sphaeroides	TAC	TAC	-0.08332588798505991	0.08332588798505991	-0.08332588798505991	0.08332588798505991	original_relative	0	1	3	1
mock-23	Mock 13	Staphylococcus_aureus_ATCC_BAA-1718	Staphylococcus aureus | Copy1	Staphylococcus_aureus	Staphylococcus aureus	zOTU	UNOISE3	0.28482909991324606	0.28482909991324606	0.28482909991324606	0.28482909991324606	original_relative	0	1	1	1
mock-23	Mock 13	Staphylococcus_aureus_ATCC_BAA-1718	Staphylococcus aureus | Copy1	Staphylococcus_aureus	Staphylococcus aureus	TIC	TIC	0.284829099913246	0.284829099913246	0.284829099913246	0.284829099913246	original_relative	0	1	1	1
mock-23	Mock 13	Staphylococcus_aureus_ATCC_BAA-1718	Staphylococcus aureus | Copy1	Staphylococcus_aureus	Staphylococcus aureus	TAC	TAC	0.284829099913246	0.284829099913246	0.284829099913246	0.284829099913246	original_relative	0	1	1	1
mock-23	Mock 13	Staphylococcus_epidermidis_ATCC_12228__Copy4	Staphylococcus epidermidis | Copy1	Staphylococcus_epidermidis	Staphylococcus epidermidis	zOTU	UNOISE3	-0.2190580503780942	0.2190580503780942	-0.2190580503780942	0.2190580503780942	original_relative	4	1	2	1
mock-23	Mock 13	Staphylococcus_epidermidis_ATCC_12228__Copy4	Staphylococcus epidermidis | Copy1	Staphylococcus_epidermidis	Staphylococcus epidermidis	TIC	TIC	-0.2190580503780942	0.2190580503780942	-0.2190580503780942	0.2190580503780942	original_relative	4	1	2	1
mock-23	Mock 13	Staphylococcus_epidermidis_ATCC_12228__Copy4	Staphylococcus epidermidis | Copy1	Staphylococcus_epidermidis	Staphylococcus epidermidis	TAC	TAC	-0.2190580503780942	0.2190580503780942	-0.2190580503780942	0.2190580503780942	original_relative	4	1	2	1
mock-23	Mock 13	Streptococcus_agalactiae_ATCC_BAA-611	Streptococcus agalactiae | Copy1	Streptococcus_agalactiae	Streptococcus agalactiae	zOTU	UNOISE3	0.009352156546992535	0.009352156546992535	0.009352156546992535	0.009352156546992535	original_relative	0	1	8	1
mock-23	Mock 13	Streptococcus_agalactiae_ATCC_BAA-611	Streptococcus agalactiae | Copy1	Streptococcus_agalactiae	Streptococcus agalactiae	TIC	TIC	0.009352156546992528	0.009352156546992528	0.009352156546992528	0.009352156546992528	original_relative	0	1	8	1
mock-23	Mock 13	Streptococcus_agalactiae_ATCC_BAA-611	Streptococcus agalactiae | Copy1	Streptococcus_agalactiae	Streptococcus agalactiae	TAC	TAC	0.009352156546992528	0.009352156546992528	0.009352156546992528	0.009352156546992528	original_relative	0	1	8	1
mock-23	Mock 13	Streptococcus_mutans_ATCC_700610	Streptococcus mutans | Copy1	Streptococcus_mutans	Streptococcus mutans	zOTU	UNOISE3	0.0004033370662686331	0.0004033370662686331	0.0004033370662686331	0.0004033370662686331	original_relative	0	1	15	1
mock-23	Mock 13	Streptococcus_mutans_ATCC_700610	Streptococcus mutans | Copy1	Streptococcus_mutans	Streptococcus mutans	TIC	TIC	0.0004033370662686053	0.0004033370662686053	0.0004033370662686053	0.0004033370662686053	original_relative	0	1	15	1
mock-23	Mock 13	Streptococcus_mutans_ATCC_700610	Streptococcus mutans | Copy1	Streptococcus_mutans	Streptococcus mutans	TAC	TAC	0.0004033370662686053	0.0004033370662686053	0.0004033370662686053	0.0004033370662686053	original_relative	0	1	15	1
mock-4	Mock 1	Acinetobacter_baumannii_ATCC_17978	Acinetobacter baumannii | Copy1	Acinetobacter_baumannii	Acinetobacter baumannii	zOTU	UNOISE3	0.061762913159204756	0.061762913159204756	0.061762913159204756	0.061762913159204756	original_relative	0	1	5	4
mock-4	Mock 1	Acinetobacter_baumannii_ATCC_17978	Acinetobacter baumannii | Copy1	Acinetobacter_baumannii	Acinetobacter baumannii	TIC	TIC	0.06176291315920475	0.06176291315920475	0.06176291315920475	0.06176291315920475	original_relative	0	1	5	4
mock-4	Mock 1	Acinetobacter_baumannii_ATCC_17978	Acinetobacter baumannii | Copy1	Acinetobacter_baumannii	Acinetobacter baumannii	TAC	TAC	0.06176291315920475	0.06176291315920475	0.06176291315920475	0.06176291315920475	original_relative	0	1	5	4
mock-4	Mock 1	Actinomyces_odontolyticus_ATCC_17982	Actinomyces odontolyticus | Copy1	Actinomyces_odontolyticus	Actinomyces odontolyticus	zOTU	UNOISE3	-0.019338511091287168	0.019338511091287168	-0.019338511091287168	0.019338511091287168	original_relative	0	1	12	4
mock-4	Mock 1	Actinomyces_odontolyticus_ATCC_17982	Actinomyces odontolyticus | Copy1	Actinomyces_odontolyticus	Actinomyces odontolyticus	TIC	TIC	-0.019338511091287168	0.019338511091287168	-0.019338511091287168	0.019338511091287168	original_relative	0	1	12	4
mock-4	Mock 1	Actinomyces_odontolyticus_ATCC_17982	Actinomyces odontolyticus | Copy1	Actinomyces_odontolyticus	Actinomyces odontolyticus	TAC	TAC	-0.019338511091287168	0.019338511091287168	-0.019338511091287168	0.019338511091287168	original_relative	0	1	12	4
mock-4	Mock 1	Bacillus_cereus_ATCC_10987	Bacillus cereus | Copy1	Bacillus_cereus	Bacillus cereus	zOTU	UNOISE3	-0.022037009605818336	0.022037009605818336	-0.022037009605818336	0.022037009605818336	original_relative	0	1	10	4
mock-4	Mock 1	Bacillus_cereus_ATCC_10987	Bacillus cereus | Copy1	Bacillus_cereus	Bacillus cereus	TIC	TIC	-0.022037009605818336	0.022037009605818336	-0.022037009605818336	0.022037009605818336	original_relative	0	1	10	4
mock-4	Mock 1	Bacillus_cereus_ATCC_10987	Bacillus cereus | Copy1	Bacillus_cereus	Bacillus cereus	TAC	TAC	-0.022037009605818336	0.022037009605818336	-0.022037009605818336	0.022037009605818336	original_relative	0	1	10	4
mock-4	Mock 1	Clostridium_beijerinckii_ATCC_51743__Copy3	Clostridium beijerinckii | Copy2	Clostridium_beijerinckii	Clostridium beijerinckii	zOTU	UNOISE3	-0.01726381875	0.01726381875	-0.01726381875	0.01726381875	original_relative	3	2	15	4
mock-4	Mock 1	Clostridium_beijerinckii_ATCC_51743__Copy3	Clostridium beijerinckii | Copy2	Clostridium_beijerinckii	Clostridium beijerinckii	TIC	TIC	-0.006981313161830323	0.006981313161830323	-0.006981313161830323	0.006981313161830323	original_relative	3	2	15	4
mock-4	Mock 1	Clostridium_beijerinckii_ATCC_51743__Copy3	Clostridium beijerinckii | Copy2	Clostridium_beijerinckii	Clostridium beijerinckii	TAC	TAC	-0.006981313161830321	0.006981313161830321	-0.006981313161830321	0.006981313161830321	original_relative	3	2	15	4
mock-4	Mock 1	Enterococcus_faecalis_ATCC_47077	Enterococcus faecalis | Copy1	Enterococcus_faecalis	Enterococcus faecalis	zOTU	UNOISE3	-0.018857482143787685	0.018857482143787685	-0.018857482143787685	0.018857482143787685	original_relative	0	1	13	4
mock-4	Mock 1	Enterococcus_faecalis_ATCC_47077	Enterococcus faecalis | Copy1	Enterococcus_faecalis	Enterococcus faecalis	TIC	TIC	-0.01885748214378769	0.01885748214378769	-0.01885748214378769	0.01885748214378769	original_relative	0	1	13	4
mock-4	Mock 1	Enterococcus_faecalis_ATCC_47077	Enterococcus faecalis | Copy1	Enterococcus_faecalis	Enterococcus faecalis	TAC	TAC	-0.01885748214378769	0.01885748214378769	-0.01885748214378769	0.01885748214378769	original_relative	0	1	13	4
mock-4	Mock 1	Escherichia_coli_ATCC_700926	Escherichia coli | Copy1	Escherichia_coli	Escherichia coli	zOTU	UNOISE3	-0.1062059961313637	0.1062059961313637	-0.1062059961313637	0.1062059961313637	original_relative	0	1	4	4
mock-4	Mock 1	Escherichia_coli_ATCC_700926	Escherichia coli | Copy1	Escherichia_coli	Escherichia coli	TIC	TIC	-0.1062059961313637	0.1062059961313637	-0.1062059961313637	0.1062059961313637	original_relative	0	1	4	4
mock-4	Mock 1	Escherichia_coli_ATCC_700926	Escherichia coli | Copy1	Escherichia_coli	Escherichia coli	TAC	TAC	-0.1062059961313637	0.1062059961313637	-0.1062059961313637	0.1062059961313637	original_relative	0	1	4	4
mock-4	Mock 1	Helicobacter_pylori_ATCC_700392	Helicobacter pylori | Copy1	Helicobacter_pylori	Helicobacter pylori	zOTU	UNOISE3	-0.020450436547273076	0.020450436547273076	-0.020450436547273076	0.020450436547273076	original_relative	0	1	11	4
mock-4	Mock 1	Helicobacter_pylori_ATCC_700392	Helicobacter pylori | Copy1	Helicobacter_pylori	Helicobacter pylori	TIC	TIC	-0.020450436547273076	0.020450436547273076	-0.020450436547273076	0.020450436547273076	original_relative	0	1	11	4
mock-4	Mock 1	Helicobacter_pylori_ATCC_700392	Helicobacter pylori | Copy1	Helicobacter_pylori	Helicobacter pylori	TAC	TAC	-0.020450436547273076	0.020450436547273076	-0.020450436547273076	0.020450436547273076	original_relative	0	1	11	4
mock-4	Mock 1	Lactobacillus_gasseri_DSM_20243	Lactobacillus gasseri | Copy1	Lactobacillus_gasseri	Lactobacillus gasseri	zOTU	UNOISE3	-0.02316565201276087	0.02316565201276087	-0.02316565201276087	0.02316565201276087	original_relative	0	1	8	4
mock-4	Mock 1	Lactobacillus_gasseri_DSM_20243	Lactobacillus gasseri | Copy1	Lactobacillus_gasseri	Lactobacillus gasseri	TIC	TIC	-0.02316565201276087	0.02316565201276087	-0.02316565201276087	0.02316565201276087	original_relative	0	1	8	4
mock-4	Mock 1	Lactobacillus_gasseri_DSM_20243	Lactobacillus gasseri | Copy1	Lactobacillus_gasseri	Lactobacillus gasseri	TAC	TAC	-0.02316565201276087	0.02316565201276087	-0.02316565201276087	0.02316565201276087	original_relative	0	1	8	4
mock-4	Mock 1	Methanobrevibacter_smithii_ATCC_35061	Methanobrevibacter smithii | Copy1	Methanobrevibacter_smithii	Methanobrevibacter smithii	zOTU	UNOISE3	-0.11421498838924349	0.11421498838924349	-0.11421498838924349	0.11421498838924349	original_relative	0	1	2	4
mock-4	Mock 1	Methanobrevibacter_smithii_ATCC_35061	Methanobrevibacter smithii | Copy1	Methanobrevibacter_smithii	Methanobrevibacter smithii	TIC	TIC	-0.1309906595	0.1309906595	-0.1309906595	0.1309906595	original_relative	0	1	2	4
mock-4	Mock 1	Methanobrevibacter_smithii_ATCC_35061	Methanobrevibacter smithii | Copy1	Methanobrevibacter_smithii	Methanobrevibacter smithii	TAC	TAC	-0.11421498838924349	0.11421498838924349	-0.11421498838924349	0.11421498838924349	original_relative	0	1	2	4
mock-4	Mock 1	Propionibacterium_acnes_DSM16379	Propionibacterium acnes | Copy1	Propionibacterium_acnes	Propionibacterium acnes	zOTU	UNOISE3	-0.024833377763157975	0.024833377763157975	-0.024833377763157975	0.024833377763157975	original_relative	0	1	7	4
mock-4	Mock 1	Propionibacterium_acnes_DSM16379	Propionibacterium acnes | Copy1	Propionibacterium_acnes	Propionibacterium acnes	TIC	TIC	-0.024833377763157975	0.024833377763157975	-0.024833377763157975	0.024833377763157975	original_relative	0	1	7	4
mock-4	Mock 1	Propionibacterium_acnes_DSM16379	Propionibacterium acnes | Copy1	Propionibacterium_acnes	Propionibacterium acnes	TAC	TAC	-0.024833377763157975	0.024833377763157975	-0.024833377763157975	0.024833377763157975	original_relative	0	1	7	4
mock-4	Mock 1	Staphylococcus_aureus_ATCC_BAA-1718	Staphylococcus aureus | Copy1	Staphylococcus_aureus	Staphylococcus aureus	zOTU	UNOISE3	0.48604215486396807	0.48604215486396807	0.48604215486396807	0.48604215486396807	original_relative	0	1	1	4
mock-4	Mock 1	Staphylococcus_aureus_ATCC_BAA-1718	Staphylococcus aureus | Copy1	Staphylococcus_aureus	Staphylococcus aureus	TIC	TIC	0.48604215486396796	0.48604215486396796	0.48604215486396796	0.48604215486396796	original_relative	0	1	1	4
mock-4	Mock 1	Staphylococcus_aureus_ATCC_BAA-1718	Staphylococcus aureus | Copy1	Staphylococcus_aureus	Staphylococcus aureus	TAC	TAC	0.48604215486396807	0.48604215486396807	0.48604215486396807	0.48604215486396807	original_relative	0	1	1	4
mock-4	Mock 1	Staphylococcus_epidermidis_ATCC_12228__Copy4	Staphylococcus epidermidis | Copy1	Staphylococcus_epidermidis	Staphylococcus epidermidis	zOTU	UNOISE3	-0.03452763755	0.03452763755	-0.03452763755	0.03452763755	original_relative	4	1	6	4
mock-4	Mock 1	Staphylococcus_epidermidis_ATCC_12228__Copy4	Staphylococcus epidermidis | Copy1	Staphylococcus_epidermidis	Staphylococcus epidermidis	TIC	TIC	-0.03452763755	0.03452763755	-0.03452763755	0.03452763755	original_relative	4	1	6	4
mock-4	Mock 1	Staphylococcus_epidermidis_ATCC_12228__Copy4	Staphylococcus epidermidis | Copy1	Staphylococcus_epidermidis	Staphylococcus epidermidis	TAC	TAC	-0.03452763755	0.03452763755	-0.03452763755	0.03452763755	original_relative	4	1	6	4
mock-4	Mock 1	Streptococcus_agalactiae_ATCC_BAA-611	Streptococcus agalactiae | Copy1	Streptococcus_agalactiae	Streptococcus agalactiae	zOTU	UNOISE3	-0.11423859638995729	0.11423859638995729	-0.11423859638995729	0.11423859638995729	original_relative	0	1	3	4
mock-4	Mock 1	Streptococcus_agalactiae_ATCC_BAA-611	Streptococcus agalactiae | Copy1	Streptococcus_agalactiae	Streptococcus agalactiae	TIC	TIC	-0.11423859638995729	0.11423859638995729	-0.11423859638995729	0.11423859638995729	original_relative	0	1	3	4
mock-4	Mock 1	Streptococcus_agalactiae_ATCC_BAA-611	Streptococcus agalactiae | Copy1	Streptococcus_agalactiae	Streptococcus agalactiae	TAC	TAC	-0.11423859638995729	0.11423859638995729	-0.11423859638995729	0.11423859638995729	original_relative	0	1	3	4
mock-4	Mock 1	Streptococcus_mutans_ATCC_700610	Streptococcus mutans | Copy1	Streptococcus_mutans	Streptococcus mutans	zOTU	UNOISE3	0.022876674308775418	0.022876674308775418	0.022876674308775418	0.022876674308775418	original_relative	0	1	9	4
mock-4	Mock 1	Streptococcus_mutans_ATCC_700610	Streptococcus mutans | Copy1	Streptococcus_mutans	Streptococcus mutans	TIC	TIC	0.02287667430877541	0.02287667430877541	0.02287667430877541	0.02287667430877541	original_relative	0	1	9	4
mock-4	Mock 1	Streptococcus_mutans_ATCC_700610	Streptococcus mutans | Copy1	Streptococcus_mutans	Streptococcus mutans	TAC	TAC	0.02287667430877542	0.02287667430877542	0.02287667430877542	0.02287667430877542	original_relative	0	1	9	4
mock-4	Mock 1	Streptococcus_pneumoniae_ATCC_BAA-334	Streptococcus pneumoniae | Copy1	Streptococcus_pneumoniae	Streptococcus pneumoniae	zOTU	UNOISE3	-0.01881308541869394	0.01881308541869394	-0.01881308541869394	0.01881308541869394	original_relative	0	1	14	4
mock-4	Mock 1	Streptococcus_pneumoniae_ATCC_BAA-334	Streptococcus pneumoniae | Copy1	Streptococcus_pneumoniae	Streptococcus pneumoniae	TIC	TIC	-0.01881308541869394	0.01881308541869394	-0.01881308541869394	0.01881308541869394	original_relative	0	1	14	4
mock-4	Mock 1	Streptococcus_pneumoniae_ATCC_BAA-334	Streptococcus pneumoniae | Copy1	Streptococcus_pneumoniae	Streptococcus pneumoniae	TAC	TAC	-0.01881308541869394	0.01881308541869394	-0.01881308541869394	0.01881308541869394	original_relative	0	1	14	4
mock-5	Mock 2	Acinetobacter_baumannii_ATCC_17978	Acinetobacter baumannii | Copy1	Acinetobacter_baumannii	Acinetobacter baumannii	zOTU	UNOISE3	0.07634829385180328	0.07634829385180328	0.07634829385180328	0.07634829385180328	original_relative	0	1	5	4
mock-5	Mock 2	Acinetobacter_baumannii_ATCC_17978	Acinetobacter baumannii | Copy1	Acinetobacter_baumannii	Acinetobacter baumannii	TIC	TIC	0.07634829385180328	0.07634829385180328	0.07634829385180328	0.07634829385180328	original_relative	0	1	5	4
mock-5	Mock 2	Acinetobacter_baumannii_ATCC_17978	Acinetobacter baumannii | Copy1	Acinetobacter_baumannii	Acinetobacter baumannii	TAC	TAC	0.07634829385180328	0.07634829385180328	0.07634829385180328	0.07634829385180328	original_relative	0	1	5	4
mock-5	Mock 2	Actinomyces_odontolyticus_ATCC_17982	Actinomyces odontolyticus | Copy1	Actinomyces_odontolyticus	Actinomyces odontolyticus	zOTU	UNOISE3	-0.019217726155445636	0.019217726155445636	-0.019217726155445636	0.019217726155445636	original_relative	0	1	12	4
mock-5	Mock 2	Actinomyces_odontolyticus_ATCC_17982	Actinomyces odontolyticus | Copy1	Actinomyces_odontolyticus	Actinomyces odontolyticus	TIC	TIC	-0.019217726155445636	0.019217726155445636	-0.019217726155445636	0.019217726155445636	original_relative	0	1	12	4
mock-5	Mock 2	Actinomyces_odontolyticus_ATCC_17982	Actinomyces odontolyticus | Copy1	Actinomyces_odontolyticus	Actinomyces odontolyticus	TAC	TAC	-0.019217726155445636	0.019217726155445636	-0.019217726155445636	0.019217726155445636	original_relative	0	1	12	4
mock-5	Mock 2	Bacillus_cereus_ATCC_10987	Bacillus cereus | Copy1	Bacillus_cereus	Bacillus cereus	zOTU	UNOISE3	-0.02319115748302319	0.02319115748302319	-0.02319115748302319	0.02319115748302319	original_relative	0	1	9	4
mock-5	Mock 2	Bacillus_cereus_ATCC_10987	Bacillus cereus | Copy1	Bacillus_cereus	Bacillus cereus	TIC	TIC	-0.02319115748302319	0.02319115748302319	-0.02319115748302319	0.02319115748302319	original_relative	0	1	9	4
mock-5	Mock 2	Bacillus_cereus_ATCC_10987	Bacillus cereus | Copy1	Bacillus_cereus	Bacillus cereus	TAC	TAC	-0.023191157483023195	0.023191157483023195	-0.023191157483023195	0.023191157483023195	original_relative	0	1	9	4
mock-5	Mock 2	Clostridium_beijerinckii_ATCC_51743__Copy3	Clostridium beijerinckii | Copy2	Clostridium_beijerinckii	Clostridium beijerinckii	zOTU	UNOISE3	-0.01726381875	0.01726381875	-0.01726381875	0.01726381875	original_relative	3	2	14	4
mock-5	Mock 2	Clostridium_beijerinckii_ATCC_51743__Copy3	Clostridium beijerinckii | Copy2	Clostridium_beijerinckii	Clostridium beijerinckii	TIC	TIC	-0.008317080370559842	0.008317080370559842	-0.008317080370559842	0.008317080370559842	original_relative	3	2	14	4
mock-5	Mock 2	Clostridium_beijerinckii_ATCC_51743__Copy3	Clostridium beijerinckii | Copy2	Clostridium_beijerinckii	Clostridium beijerinckii	TAC	TAC	-0.008317080370559842	0.008317080370559842	-0.008317080370559842	0.008317080370559842	original_relative	3	2	14	4
mock-5	Mock 2	Enterococcus_faecalis_ATCC_47077	Enterococcus faecalis | Copy1	Enterococcus_faecalis	Enterococcus faecalis	zOTU	UNOISE3	-0.018982169079617466	0.018982169079617466	-0.018982169079617466	0.018982169079617466	original_relative	0	1	13	4
mock-5	Mock 2	Enterococcus_faecalis_ATCC_47077	Enterococcus faecalis | Copy1	Enterococcus_faecalis	Enterococcus faecalis	TIC	TIC	-0.018982169079617466	0.018982169079617466	-0.018982169079617466	0.018982169079617466	original_relative	0	1	13	4
mock-5	Mock 2	Enterococcus_faecalis_ATCC_47077	Enterococcus faecalis | Copy1	Enterococcus_faecalis	Enterococcus faecalis	TAC	TAC	-0.018982169079617466	0.018982169079617466	-0.018982169079617466	0.018982169079617466	original_relative	0	1	13	4
mock-5	Mock 2	Escherichia_coli_ATCC_700926	Escherichia coli | Copy1	Escherichia_coli	Escherichia coli	zOTU	UNOISE3	-0.10793964425813375	0.10793964425813375	-0.10793964425813375	0.10793964425813375	original_relative	0	1	3	4
mock-5	Mock 2	Escherichia_coli_ATCC_700926	Escherichia coli | Copy1	Escherichia_coli	Escherichia coli	TIC	TIC	-0.10793964425813375	0.10793964425813375	-0.10793964425813375	0.10793964425813375	original_relative	0	1	3	4
mock-5	Mock 2	Escherichia_coli_ATCC_700926	Escherichia coli | Copy1	Escherichia_coli	Escherichia coli	TAC	TAC	-0.10793964425813375	0.10793964425813375	-0.10793964425813375	0.10793964425813375	original_relative	0	1	3	4
mock-5	Mock 2	Lactobacillus_gasseri_DSM_20243	Lactobacillus gasseri | Copy1	Lactobacillus_gasseri	Lactobacillus gasseri	zOTU	UNOISE3	-0.023547910406436195	0.023547910406436195	-0.023547910406436195	0.023547910406436195	original_relative	0	1	8	4
mock-5	Mock 2	Lactobacillus_gasseri_DSM_20243	Lactobacillus gasseri | Copy1	Lactobacillus_gasseri	Lactobacillus gasseri	TIC	TIC	-0.023547910406436195	0.023547910406436195	-0.023547910406436195	0.023547910406436195	original_relative	0	1	8	4
mock-5	Mock 2	Lactobacillus_gasseri_DSM_20243	Lactobacillus gasseri | Copy1	Lactobacillus_gasseri	Lactobacillus gasseri	TAC	TAC	-0.023547910406436195	0.023547910406436195	-0.023547910406436195	0.023547910406436195	original_relative	0	1	8	4
mock-5	Mock 2	Methanobrevibacter_smithii_ATCC_35061	Methanobrevibacter smithii | Copy1	Methanobrevibacter_smithii	Methanobrevibacter smithii	zOTU	UNOISE3	-0.09924155571716196	0.09924155571716196	-0.09924155571716196	0.09924155571716196	original_relative	0	1	4	4
mock-5	Mock 2	Methanobrevibacter_smithii_ATCC_35061	Methanobrevibacter smithii | Copy1	Methanobrevibacter_smithii	Methanobrevibacter smithii	TIC	TIC	-0.09924155571716198	0.09924155571716198	-0.09924155571716198	0.09924155571716198	original_relative	0	1	4	4
mock-5	Mock 2	Methanobrevibacter_smithii_ATCC_35061	Methanobrevibacter smithii | Copy1	Methanobrevibacter_smithii	Methanobrevibacter smithii	TAC	TAC	-0.09924155571716198	0.09924155571716198	-0.09924155571716198	0.09924155571716198	original_relative	0	1	4	4
mock-5	Mock 2	Neisseria_meningitidis_ATCC_BAA-335	Neisseria meningitidis | Copy1	Neisseria_meningitidis	Neisseria meningitidis	zOTU	UNOISE3	-0.015933351555002827	0.015933351555002827	-0.015933351555002827	0.015933351555002827	original_relative	0	1	15	4
mock-5	Mock 2	Neisseria_meningitidis_ATCC_BAA-335	Neisseria meningitidis | Copy1	Neisseria_meningitidis	Neisseria meningitidis	TIC	TIC	-0.015933351555002827	0.015933351555002827	-0.015933351555002827	0.015933351555002827	original_relative	0	1	15	4
mock-5	Mock 2	Neisseria_meningitidis_ATCC_BAA-335	Neisseria meningitidis | Copy1	Neisseria_meningitidis	Neisseria meningitidis	TAC	TAC	-0.015933351555002827	0.015933351555002827	-0.015933351555002827	0.015933351555002827	original_relative	0	1	15	4
mock-5	Mock 2	Propionibacterium_acnes_DSM16379	Propionibacterium acnes | Copy1	Propionibacterium_acnes	Propionibacterium acnes	zOTU	UNOISE3	-0.02483372092335824	0.02483372092335824	-0.02483372092335824	0.02483372092335824	original_relative	0	1	7	4
mock-5	Mock 2	Propionibacterium_acnes_DSM16379	Propionibacterium acnes | Copy1	Propionibacterium_acnes	Propionibacterium acnes	TIC	TIC	-0.02483372092335824	0.02483372092335824	-0.02483372092335824	0.02483372092335824	original_relative	0	1	7	4
mock-5	Mock 2	Propionibacterium_acnes_DSM16379	Propionibacterium acnes | Copy1	Propionibacterium_acnes	Propionibacterium acnes	TAC	TAC	-0.02483372092335824	0.02483372092335824	-0.02483372092335824	0.02483372092335824	original_relative	0	1	7	4
mock-5	Mock 2	Staphylococcus_aureus_ATCC_BAA-1718	Staphylococcus aureus | Copy1	Staphylococcus_aureus	Staphylococcus aureus	zOTU	UNOISE3	0.4720155041663445	0.4720155041663445	0.4720155041663445	0.4720155041663445	original_relative	0	1	1	4
mock-5	Mock 2	Staphylococcus_aureus_ATCC_BAA-1718	Staphylococcus aureus | Copy1	Staphylococcus_aureus	Staphylococcus aureus	TIC	TIC	0.4720155041663444	0.4720155041663444	0.4720155041663444	0.4720155041663444	original_relative	0	1	1	4
mock-5	Mock 2	Staphylococcus_aureus_ATCC_BAA-1718	Staphylococcus aureus | Copy1	Staphylococcus_aureus	Staphylococcus aureus	TAC	TAC	0.4720155041663444	0.4720155041663444	0.4720155041663444	0.4720155041663444	original_relative	0	1	1	4
mock-5	Mock 2	Staphylococcus_epidermidis_ATCC_12228__Copy4	Staphylococcus epidermidis | Copy1	Staphylococcus_epidermidis	Staphylococcus epidermidis	zOTU	UNOISE3	-0.03452763755	0.03452763755	-0.03452763755	0.03452763755	original_relative	4	1	6	4
mock-5	Mock 2	Staphylococcus_epidermidis_ATCC_12228__Copy4	Staphylococcus epidermidis | Copy1	Staphylococcus_epidermidis	Staphylococcus epidermidis	TIC	TIC	-0.03452763755	0.03452763755	-0.03452763755	0.03452763755	original_relative	4	1	6	4
mock-5	Mock 2	Staphylococcus_epidermidis_ATCC_12228__Copy4	Staphylococcus epidermidis | Copy1	Staphylococcus_epidermidis	Staphylococcus epidermidis	TAC	TAC	-0.03452763755	0.03452763755	-0.03452763755	0.03452763755	original_relative	4	1	6	4
mock-5	Mock 2	Streptococcus_agalactiae_ATCC_BAA-611	Streptococcus agalactiae | Copy1	Streptococcus_agalactiae	Streptococcus agalactiae	zOTU	UNOISE3	-0.11996966282962837	0.11996966282962837	-0.11996966282962837	0.11996966282962837	original_relative	0	1	2	4
mock-5	Mock 2	Streptococcus_agalactiae_ATCC_BAA-611	Streptococcus agalactiae | Copy1	Streptococcus_agalactiae	Streptococcus agalactiae	TIC	TIC	-0.11996966282962837	0.11996966282962837	-0.11996966282962837	0.11996966282962837	original_relative	0	1	2	4
mock-5	Mock 2	Streptococcus_agalactiae_ATCC_BAA-611	Streptococcus agalactiae | Copy1	Streptococcus_agalactiae	Streptococcus agalactiae	TAC	TAC	-0.11996966282962837	0.11996966282962837	-0.11996966282962837	0.11996966282962837	original_relative	0	1	2	4
mock-5	Mock 2	Streptococcus_mutans_ATCC_700610	Streptococcus mutans | Copy1	Streptococcus_mutans	Streptococcus mutans	zOTU	UNOISE3	0.020839850635278618	0.020839850635278618	0.020839850635278618	0.020839850635278618	original_relative	0	1	11	4
mock-5	Mock 2	Streptococcus_mutans_ATCC_700610	Streptococcus mutans | Copy1	Streptococcus_mutans	Streptococcus mutans	TIC	TIC	0.02083985063527861	0.02083985063527861	0.02083985063527861	0.02083985063527861	original_relative	0	1	11	4
mock-5	Mock 2	Streptococcus_mutans_ATCC_700610	Streptococcus mutans | Copy1	Streptococcus_mutans	Streptococcus mutans	TAC	TAC	0.020839850635278614	0.020839850635278614	0.020839850635278614	0.020839850635278614	original_relative	0	1	11	4
mock-5	Mock 2	Streptococcus_pneumoniae_ATCC_BAA-334	Streptococcus pneumoniae | Copy1	Streptococcus_pneumoniae	Streptococcus pneumoniae	zOTU	UNOISE3	-0.02308534937595941	0.02308534937595941	-0.02308534937595941	0.02308534937595941	original_relative	0	1	10	4
mock-5	Mock 2	Streptococcus_pneumoniae_ATCC_BAA-334	Streptococcus pneumoniae | Copy1	Streptococcus_pneumoniae	Streptococcus pneumoniae	TIC	TIC	-0.02308534937595941	0.02308534937595941	-0.02308534937595941	0.02308534937595941	original_relative	0	1	10	4
mock-5	Mock 2	Streptococcus_pneumoniae_ATCC_BAA-334	Streptococcus pneumoniae | Copy1	Streptococcus_pneumoniae	Streptococcus pneumoniae	TAC	TAC	-0.02308534937595941	0.02308534937595941	-0.02308534937595941	0.02308534937595941	original_relative	0	1	10	4
mock-ZIEL_1	ZIEL I	Acetatifactor_muris	Acetatifactor muris | Copy1	Acetatifactor_muris	Acetatifactor muris	zOTU	UNOISE3	-0.014588602719086217	0.014588602719086217	-0.014588602719086217	0.014588602719086217	original_relative	0	1	11	2
mock-ZIEL_1	ZIEL I	Acetatifactor_muris	Acetatifactor muris | Copy1	Acetatifactor_muris	Acetatifactor muris	TIC	TIC	-0.01458860271908622	0.01458860271908622	-0.01458860271908622	0.01458860271908622	original_relative	0	1	11	2
mock-ZIEL_1	ZIEL I	Acetatifactor_muris	Acetatifactor muris | Copy1	Acetatifactor_muris	Acetatifactor muris	TAC	TAC	-0.014588602719086213	0.014588602719086213	-0.014588602719086213	0.014588602719086213	original_relative	0	1	11	2
mock-ZIEL_1	ZIEL I	Actinomyces_bowdenii	Actinomyces bowdenii | Copy1	Actinomyces_bowdenii	Actinomyces bowdenii	zOTU	UNOISE3	-0.019525758826995965	0.019525758826995965	-0.019525758826995965	0.019525758826995965	original_relative	0	1	9	2
mock-ZIEL_1	ZIEL I	Actinomyces_bowdenii	Actinomyces bowdenii | Copy1	Actinomyces_bowdenii	Actinomyces bowdenii	TIC	TIC	-0.01952575882699597	0.01952575882699597	-0.01952575882699597	0.01952575882699597	original_relative	0	1	9	2
mock-ZIEL_1	ZIEL I	Actinomyces_bowdenii	Actinomyces bowdenii | Copy1	Actinomyces_bowdenii	Actinomyces bowdenii	TAC	TAC	-0.01952575882699596	0.01952575882699596	-0.01952575882699596	0.01952575882699596	original_relative	0	1	9	2
mock-ZIEL_1	ZIEL I	Alistipes_sp.	Alistipes sp | Copy1	Alistipes_sp	Alistipes sp	zOTU	UNOISE3	-0.03503503503503504	0.03503503503503504	-0.03503503503503504	0.03503503503503504	original_relative	0	1	7	2
mock-ZIEL_1	ZIEL I	Alistipes_sp.	Alistipes sp | Copy1	Alistipes_sp	Alistipes sp	TIC	TIC	-0.03503503503503504	0.03503503503503504	-0.03503503503503504	0.03503503503503504	original_relative	0	1	7	2
mock-ZIEL_1	ZIEL I	Alistipes_sp.	Alistipes sp | Copy1	Alistipes_sp	Alistipes sp	TAC	TAC	-0.03503503503503504	0.03503503503503504	-0.03503503503503504	0.03503503503503504	original_relative	0	1	7	2
mock-ZIEL_1	ZIEL I	Bacillus_subtilis	Bacillus subtilis | Copy1	Bacillus_subtilis	Bacillus subtilis	zOTU	UNOISE3	-0.017402315549172112	0.017402315549172112	-0.017402315549172112	0.017402315549172112	original_relative	0	1	10	2
mock-ZIEL_1	ZIEL I	Bacillus_subtilis	Bacillus subtilis | Copy1	Bacillus_subtilis	Bacillus subtilis	TIC	TIC	-0.001189927128953716	0.001189927128953716	-0.001189927128953716	0.001189927128953716	original_relative	0	1	10	2
mock-ZIEL_1	ZIEL I	Bacillus_subtilis	Bacillus subtilis | Copy1	Bacillus_subtilis	Bacillus subtilis	TAC	TAC	-0.0011899271289537022	0.0011899271289537022	-0.0011899271289537022	0.0011899271289537022	original_relative	0	1	10	2
mock-ZIEL_1	ZIEL I	Bacteroides_sartorii	Bacteroides sartorii | Copy1	Bacteroides_sartorii	Bacteroides sartorii	zOTU	UNOISE3	-0.04437118892028384	0.04437118892028384	-0.04437118892028384	0.04437118892028384	original_relative	0	1	5	2
mock-ZIEL_1	ZIEL I	Bacteroides_sartorii	Bacteroides sartorii | Copy1	Bacteroides_sartorii	Bacteroides sartorii	TIC	TIC	0.010985523280927514	0.010985523280927514	0.010985523280927514	0.010985523280927514	original_relative	0	1	5	2
mock-ZIEL_1	ZIEL I	Bacteroides_sartorii	Bacteroides sartorii | Copy1	Bacteroides_sartorii	Bacteroides sartorii	TAC	TAC	0.010985523280927528	0.010985523280927528	0.010985523280927528	0.010985523280927528	original_relative	0	1	5	2
mock-ZIEL_1	ZIEL I	Cellulosimicrobium_cellulans	Cellulosimicrobium cellulans | Copy1	Cellulosimicrobium_cellulans	Cellulosimicrobium cellulans	zOTU	UNOISE3	-0.05105105105105106	0.05105105105105106	-0.05105105105105106	0.05105105105105106	original_relative	0	1	3	2
mock-ZIEL_1	ZIEL I	Cellulosimicrobium_cellulans	Cellulosimicrobium cellulans | Copy1	Cellulosimicrobium_cellulans	Cellulosimicrobium cellulans	TIC	TIC	-0.011622552773432566	0.011622552773432566	-0.011622552773432566	0.011622552773432566	original_relative	0	1	3	2
mock-ZIEL_1	ZIEL I	Cellulosimicrobium_cellulans	Cellulosimicrobium cellulans | Copy1	Cellulosimicrobium_cellulans	Cellulosimicrobium cellulans	TAC	TAC	-0.011622552773432559	0.011622552773432559	-0.011622552773432559	0.011622552773432559	original_relative	0	1	3	2
mock-ZIEL_1	ZIEL I	Clostridium_ramosum	Clostridium ramosum | Copy1	Clostridium_ramosum	Clostridium ramosum	zOTU	UNOISE3	-0.10436679199571627	0.10436679199571627	-0.10436679199571627	0.10436679199571627	original_relative	0	1	1	2
mock-ZIEL_1	ZIEL I	Clostridium_ramosum	Clostridium ramosum | Copy1	Clostridium_ramosum	Clostridium ramosum	TIC	TIC	-0.10436679199571627	0.10436679199571627	-0.10436679199571627	0.10436679199571627	original_relative	0	1	1	2
mock-ZIEL_1	ZIEL I	Clostridium_ramosum	Clostridium ramosum | Copy1	Clostridium_ramosum	Clostridium ramosum	TAC	TAC	-0.10436679199571626	0.10436679199571626	-0.10436679199571626	0.10436679199571626	original_relative	0	1	1	2
mock-ZIEL_1	ZIEL I	Enterococcus_hirae	Enterococcus hirae | Copy1	Enterococcus_hirae	Enterococcus hirae	zOTU	UNOISE3	-0.025679586766670946	0.025679586766670946	-0.025679586766670946	0.025679586766670946	original_relative	0	1	8	2
mock-ZIEL_1	ZIEL I	Enterococcus_hirae	Enterococcus hirae | Copy1	Enterococcus_hirae	Enterococcus hirae	TIC	TIC	-0.025679586766670953	0.025679586766670953	-0.025679586766670953	0.025679586766670953	original_relative	0	1	8	2
mock-ZIEL_1	ZIEL I	Enterococcus_hirae	Enterococcus hirae | Copy1	Enterococcus_hirae	Enterococcus hirae	TAC	TAC	-0.025679586766670932	0.025679586766670932	-0.025679586766670932	0.025679586766670932	original_relative	0	1	8	2
mock-ZIEL_1	ZIEL I	Enterorhabdus_mucosicola	Enterorhabdus mucosicola | Copy1	Enterorhabdus_mucosicola	Enterorhabdus mucosicola	zOTU	UNOISE3	0.0574029120383963	0.0574029120383963	0.0574029120383963	0.0574029120383963	original_relative	0	1	2	2
mock-ZIEL_1	ZIEL I	Enterorhabdus_mucosicola	Enterorhabdus mucosicola | Copy1	Enterorhabdus_mucosicola	Enterorhabdus mucosicola	TIC	TIC	0.057402912038396293	0.057402912038396293	0.057402912038396293	0.057402912038396293	original_relative	0	1	2	2
mock-ZIEL_1	ZIEL I	Enterorhabdus_mucosicola	Enterorhabdus mucosicola | Copy1	Enterorhabdus_mucosicola	Enterorhabdus mucosicola	TAC	TAC	0.057402912038396314	0.057402912038396314	0.057402912038396314	0.057402912038396314	original_relative	0	1	2	2
mock-ZIEL_1	ZIEL I	Flavonifractor_plautii	Flavonifractor plautii | Copy1	Flavonifractor_plautii	Flavonifractor plautii	zOTU	UNOISE3	0.005600132800799573	0.005600132800799573	0.005600132800799573	0.005600132800799573	original_relative	0	1	13	2
mock-ZIEL_1	ZIEL I	Flavonifractor_plautii	Flavonifractor plautii | Copy1	Flavonifractor_plautii	Flavonifractor plautii	TIC	TIC	0.00560013280079957	0.00560013280079957	0.00560013280079957	0.00560013280079957	original_relative	0	1	13	2
mock-ZIEL_1	ZIEL I	Flavonifractor_plautii	Flavonifractor plautii | Copy1	Flavonifractor_plautii	Flavonifractor plautii	TAC	TAC	0.005600132800799577	0.005600132800799577	0.005600132800799577	0.005600132800799577	original_relative	0	1	13	2
mock-ZIEL_1	ZIEL I	Parabacteroides_goldsteinii	Parabacteroides goldsteinii | Copy1	Parabacteroides_goldsteinii	Parabacteroides goldsteinii	zOTU	UNOISE3	-0.013250122466559072	0.013250122466559072	-0.013250122466559072	0.013250122466559072	original_relative	0	1	12	2
mock-ZIEL_1	ZIEL I	Parabacteroides_goldsteinii	Parabacteroides goldsteinii | Copy1	Parabacteroides_goldsteinii	Parabacteroides goldsteinii	TIC	TIC	-0.0019138919337388788	0.0019138919337388788	-0.0019138919337388788	0.0019138919337388788	original_relative	0	1	12	2
mock-ZIEL_1	ZIEL I	Parabacteroides_goldsteinii	Parabacteroides goldsteinii | Copy1	Parabacteroides_goldsteinii	Parabacteroides goldsteinii	TAC	TAC	-0.001913891933738865	0.001913891933738865	-0.001913891933738865	0.001913891933738865	original_relative	0	1	12	2
mock-ZIEL_1	ZIEL I	Pseudomonas_sp.	Pseudomonas sp | Copy1	Pseudomonas_sp	Pseudomonas sp	zOTU	UNOISE3	-0.041041041041041046	0.041041041041041046	-0.041041041041041046	0.041041041041041046	original_relative	0	1	6	2
mock-ZIEL_1	ZIEL I	Pseudomonas_sp.	Pseudomonas sp | Copy1	Pseudomonas_sp	Pseudomonas sp	TIC	TIC	-0.041041041041041046	0.041041041041041046	-0.041041041041041046	0.041041041041041046	original_relative	0	1	6	2
mock-ZIEL_1	ZIEL I	Pseudomonas_sp.	Pseudomonas sp | Copy1	Pseudomonas_sp	Pseudomonas sp	TAC	TAC	-0.041041041041041046	0.041041041041041046	-0.041041041041041046	0.041041041041041046	original_relative	0	1	6	2
mock-ZIEL_1	ZIEL I	Staphylococcus_warneri	Staphylococcus warneri | Copy1	Staphylococcus_warneri	Staphylococcus warneri	zOTU	UNOISE3	0.018817867126299764	0.018817867126299764	0.018817867126299764	0.018817867126299764	original_relative	0	1	4	2
mock-ZIEL_1	ZIEL I	Staphylococcus_warneri	Staphylococcus warneri | Copy1	Staphylococcus_warneri	Staphylococcus warneri	TIC	TIC	0.049184408541550984	0.049184408541550984	0.049184408541550984	0.049184408541550984	original_relative	0	1	4	2
mock-ZIEL_1	ZIEL I	Staphylococcus_warneri	Staphylococcus warneri | Copy1	Staphylococcus_warneri	Staphylococcus warneri	TAC	TAC	0.04918440854155101	0.04918440854155101	0.04918440854155101	0.04918440854155101	original_relative	0	1	4	2
mock-ZIEL_2	ZIEL II	Akkermansia_muciniphila	Akkermansia muciniphila | Copy1	Akkermansia_muciniphila	Akkermansia muciniphila	zOTU	UNOISE3	-0.014927968290470583	0.014927968290470583	-0.014927968290470583	0.014927968290470583	original_relative	0	1	13	3
mock-ZIEL_2	ZIEL II	Akkermansia_muciniphila	Akkermansia muciniphila | Copy1	Akkermansia_muciniphila	Akkermansia muciniphila	TIC	TIC	-0.014927968290470585	0.014927968290470585	-0.014927968290470585	0.014927968290470585	original_relative	0	1	13	3
mock-ZIEL_2	ZIEL II	Akkermansia_muciniphila	Akkermansia muciniphila | Copy1	Akkermansia_muciniphila	Akkermansia muciniphila	TAC	TAC	-0.014927968290470587	0.014927968290470587	-0.014927968290470587	0.014927968290470587	original_relative	0	1	13	3
mock-ZIEL_2	ZIEL II	Atopobium_parvulum	Atopobium parvulum | Copy1	Atopobium_parvulum	Atopobium parvulum	zOTU	UNOISE3	0.0248802213700085	0.0248802213700085	0.0248802213700085	0.0248802213700085	original_relative	0	1	9	3
mock-ZIEL_2	ZIEL II	Atopobium_parvulum	Atopobium parvulum | Copy1	Atopobium_parvulum	Atopobium parvulum	TIC	TIC	0.024880221370008494	0.024880221370008494	0.024880221370008494	0.024880221370008494	original_relative	0	1	9	3
mock-ZIEL_2	ZIEL II	Atopobium_parvulum	Atopobium parvulum | Copy1	Atopobium_parvulum	Atopobium parvulum	TAC	TAC	0.024880221370008494	0.024880221370008494	0.024880221370008494	0.024880221370008494	original_relative	0	1	9	3
mock-ZIEL_2	ZIEL II	Bacteroides_vulgatus	Bacteroides vulgatus | Copy1	Bacteroides_vulgatus	Bacteroides vulgatus	zOTU	UNOISE3	-0.02759342248568561	0.02759342248568561	-0.02759342248568561	0.02759342248568561	original_relative	0	1	8	3
mock-ZIEL_2	ZIEL II	Bacteroides_vulgatus	Bacteroides vulgatus | Copy1	Bacteroides_vulgatus	Bacteroides vulgatus	TIC	TIC	-0.017832233595108837	0.017832233595108837	-0.017832233595108837	0.017832233595108837	original_relative	0	1	8	3
mock-ZIEL_2	ZIEL II	Bacteroides_vulgatus	Bacteroides vulgatus | Copy1	Bacteroides_vulgatus	Bacteroides vulgatus	TAC	TAC	-0.017832233595108837	0.017832233595108837	-0.017832233595108837	0.017832233595108837	original_relative	0	1	8	3
mock-ZIEL_2	ZIEL II	Bifidobacterium_longum	Bifidobacterium longum | Copy1	Bifidobacterium_longum	Bifidobacterium longum	zOTU	UNOISE3	0.006152331305040122	0.006152331305040122	0.006152331305040122	0.006152331305040122	original_relative	0	1	14	3
mock-ZIEL_2	ZIEL II	Bifidobacterium_longum	Bifidobacterium longum | Copy1	Bifidobacterium_longum	Bifidobacterium longum	TIC	TIC	0.006152331305040118	0.006152331305040118	0.006152331305040118	0.006152331305040118	original_relative	0	1	14	3
mock-ZIEL_2	ZIEL II	Bifidobacterium_longum	Bifidobacterium longum | Copy1	Bifidobacterium_longum	Bifidobacterium longum	TAC	TAC	0.0061523313050401195	0.0061523313050401195	0.0061523313050401195	0.0061523313050401195	original_relative	0	1	14	3
mock-ZIEL_2	ZIEL II	Citrobacter_freundii	Citrobacter freundii | Copy1	Citrobacter_freundii	Citrobacter freundii	zOTU	UNOISE3	-0.010317651075887661	0.010317651075887661	-0.010317651075887661	0.010317651075887661	original_relative	0	1	4	3
mock-ZIEL_2	ZIEL II	Citrobacter_freundii	Citrobacter freundii | Copy1	Citrobacter_freundii	Citrobacter freundii	TIC	TIC	-0.010317651075887667	0.010317651075887667	-0.010317651075887667	0.010317651075887667	original_relative	0	1	4	3
mock-ZIEL_2	ZIEL II	Citrobacter_freundii	Citrobacter freundii | Copy1	Citrobacter_freundii	Citrobacter freundii	TAC	TAC	-0.06276595744680852	0.06276595744680852	-0.06276595744680852	0.06276595744680852	original_relative	0	1	4	3
mock-ZIEL_2	ZIEL II	Clostridium_ramosum	Clostridium ramosum | Copy1	Clostridium_ramosum	Clostridium ramosum	zOTU	UNOISE3	-0.06571660273712072	0.06571660273712072	-0.06571660273712072	0.06571660273712072	original_relative	0	1	3	3
mock-ZIEL_2	ZIEL II	Clostridium_ramosum	Clostridium ramosum | Copy1	Clostridium_ramosum	Clostridium ramosum	TIC	TIC	-0.06571660273712072	0.06571660273712072	-0.06571660273712072	0.06571660273712072	original_relative	0	1	3	3
mock-ZIEL_2	ZIEL II	Clostridium_ramosum	Clostridium ramosum | Copy1	Clostridium_ramosum	Clostridium ramosum	TAC	TAC	-0.06571660273712072	0.06571660273712072	-0.06571660273712072	0.06571660273712072	original_relative	0	1	3	3
mock-ZIEL_2	ZIEL II	Collinsella_aerofaciens	Collinsella aerofaciens | Copy1	Collinsella_aerofaciens	Collinsella aerofaciens	zOTU	UNOISE3	0.04637543280743062	0.04637543280743062	0.04637543280743062	0.04637543280743062	original_relative	0	1	6	3
mock-ZIEL_2	ZIEL II	Collinsella_aerofaciens	Collinsella aerofaciens | Copy1	Collinsella_aerofaciens	Collinsella aerofaciens	TIC	TIC	0.046375432807430596	0.046375432807430596	0.046375432807430596	0.046375432807430596	original_relative	0	1	6	3
mock-ZIEL_2	ZIEL II	Collinsella_aerofaciens	Collinsella aerofaciens | Copy1	Collinsella_aerofaciens	Collinsella aerofaciens	TAC	TAC	0.04637543280743061	0.04637543280743061	0.04637543280743061	0.04637543280743061	original_relative	0	1	6	3
mock-ZIEL_2	ZIEL II	Enterobacter_cloacae	Enterobacter cloacae | Copy1	Enterobacter_cloacae	Enterobacter cloacae	zOTU	UNOISE3	-0.045531141574051616	0.045531141574051616	-0.045531141574051616	0.045531141574051616	original_relative	0	1	1	3
mock-ZIEL_2	ZIEL II	Enterobacter_cloacae	Enterobacter cloacae | Copy1	Enterobacter_cloacae	Enterobacter cloacae	TIC	TIC	-0.0511077319393829	0.0511077319393829	-0.0511077319393829	0.0511077319393829	original_relative	0	1	1	3
mock-ZIEL_2	ZIEL II	Enterobacter_cloacae	Enterobacter cloacae | Copy1	Enterobacter_cloacae	Enterobacter cloacae	TAC	TAC	0.10255082120816277	0.10255082120816277	0.10255082120816277	0.10255082120816277	original_relative	0	1	1	3
mock-ZIEL_2	ZIEL II	Escherichia_coli_LF82	Escherichia coli | Copy1	Escherichia_coli	Escherichia coli	zOTU	UNOISE3	0.08348586479202082	0.08348586479202082	0.08348586479202082	0.08348586479202082	original_relative	0	1	2	3
mock-ZIEL_2	ZIEL II	Escherichia_coli_LF82	Escherichia coli | Copy1	Escherichia_coli	Escherichia coli	TIC	TIC	0.0834858647920208	0.0834858647920208	0.0834858647920208	0.0834858647920208	original_relative	0	1	2	3
mock-ZIEL_2	ZIEL II	Escherichia_coli_LF82	Escherichia coli | Copy1	Escherichia_coli	Escherichia coli	TAC	TAC	0.0834858647920208	0.0834858647920208	0.0834858647920208	0.0834858647920208	original_relative	0	1	2	3
mock-ZIEL_2	ZIEL II	Klebsiella_pneumoniae	Klebsiella pneumoniae | Copy1	Klebsiella_pneumoniae	Klebsiella pneumoniae	zOTU	UNOISE3	0.02014564366982535	0.02014564366982535	0.02014564366982535	0.02014564366982535	original_relative	0	1	5	3
mock-ZIEL_2	ZIEL II	Klebsiella_pneumoniae	Klebsiella pneumoniae | Copy1	Klebsiella_pneumoniae	Klebsiella pneumoniae	TIC	TIC	0.04163577869151841	0.04163577869151841	0.04163577869151841	0.04163577869151841	original_relative	0	1	5	3
mock-ZIEL_2	ZIEL II	Klebsiella_pneumoniae	Klebsiella pneumoniae | Copy1	Klebsiella_pneumoniae	Klebsiella pneumoniae	TAC	TAC	-0.059574468085106386	0.059574468085106386	-0.059574468085106386	0.059574468085106386	original_relative	0	1	5	3
mock-ZIEL_2	ZIEL II	Listeria_welshimeri	Listeria welshimeri | Copy1	Listeria_welshimeri	Listeria welshimeri	zOTU	UNOISE3	-0.019713940061319504	0.019713940061319504	-0.019713940061319504	0.019713940061319504	original_relative	0	1	11	3
mock-ZIEL_2	ZIEL II	Listeria_welshimeri	Listeria welshimeri | Copy1	Listeria_welshimeri	Listeria welshimeri	TIC	TIC	-0.019713940061319508	0.019713940061319508	-0.019713940061319508	0.019713940061319508	original_relative	0	1	11	3
mock-ZIEL_2	ZIEL II	Listeria_welshimeri	Listeria welshimeri | Copy1	Listeria_welshimeri	Listeria welshimeri	TAC	TAC	-0.019713940061319508	0.019713940061319508	-0.019713940061319508	0.019713940061319508	original_relative	0	1	11	3
mock-ZIEL_2	ZIEL II	Microbacterium_flavum	Microbacterium flavum | Copy1	Microbacterium_flavum	Microbacterium flavum	zOTU	UNOISE3	-0.003917857013990071	0.003917857013990071	-0.003917857013990071	0.003917857013990071	original_relative	0	1	15	3
mock-ZIEL_2	ZIEL II	Microbacterium_flavum	Microbacterium flavum | Copy1	Microbacterium_flavum	Microbacterium flavum	TIC	TIC	-0.0039178570139900715	0.0039178570139900715	-0.0039178570139900715	0.0039178570139900715	original_relative	0	1	15	3
mock-ZIEL_2	ZIEL II	Microbacterium_flavum	Microbacterium flavum | Copy1	Microbacterium_flavum	Microbacterium flavum	TAC	TAC	-0.0039178570139900715	0.0039178570139900715	-0.0039178570139900715	0.0039178570139900715	original_relative	0	1	15	3
mock-ZIEL_2	ZIEL II	Prevotella_copri	Prevotella copri | Copy1	Prevotella_copri	Prevotella copri	zOTU	UNOISE3	-0.023907499425450965	0.023907499425450965	-0.023907499425450965	0.023907499425450965	original_relative	0	1	10	3
mock-ZIEL_2	ZIEL II	Prevotella_copri	Prevotella copri | Copy1	Prevotella_copri	Prevotella copri	TIC	TIC	-0.004589160495656826	0.004589160495656826	-0.004589160495656826	0.004589160495656826	original_relative	0	1	10	3
mock-ZIEL_2	ZIEL II	Prevotella_copri	Prevotella copri | Copy1	Prevotella_copri	Prevotella copri	TAC	TAC	-0.004589160495656826	0.004589160495656826	-0.004589160495656826	0.004589160495656826	original_relative	0	1	10	3
mock-ZIEL_2	ZIEL II	Ruminococcus_gnavus	Ruminococcus gnavus | Copy1	Ruminococcus_gnavus	Ruminococcus gnavus	zOTU	UNOISE3	-0.017531727390341496	0.017531727390341496	-0.017531727390341496	0.017531727390341496	original_relative	0	1	12	3
mock-ZIEL_2	ZIEL II	Ruminococcus_gnavus	Ruminococcus gnavus | Copy1	Ruminococcus_gnavus	Ruminococcus gnavus	TIC	TIC	-0.0175317273903415	0.0175317273903415	-0.0175317273903415	0.0175317273903415	original_relative	0	1	12	3
mock-ZIEL_2	ZIEL II	Ruminococcus_gnavus	Ruminococcus gnavus | Copy1	Ruminococcus_gnavus	Ruminococcus gnavus	TAC	TAC	-0.0175317273903415	0.0175317273903415	-0.0175317273903415	0.0175317273903415	original_relative	0	1	12	3
mock-ZIEL_2	ZIEL II	Staphylococcus_epidermidis	Staphylococcus epidermidis | Copy1	Staphylococcus_epidermidis	Staphylococcus epidermidis	zOTU	UNOISE3	-0.03473855240629175	0.03473855240629175	-0.03473855240629175	0.03473855240629175	original_relative	0	1	7	3
mock-ZIEL_2	ZIEL II	Staphylococcus_epidermidis	Staphylococcus epidermidis | Copy1	Staphylococcus_epidermidis	Staphylococcus epidermidis	TIC	TIC	-0.0012559255697168897	0.0012559255697168897	-0.0012559255697168897	0.0012559255697168897	original_relative	0	1	7	3
mock-ZIEL_2	ZIEL II	Staphylococcus_epidermidis	Staphylococcus epidermidis | Copy1	Staphylococcus_epidermidis	Staphylococcus epidermidis	TAC	TAC	-0.0012559255697168897	0.0012559255697168897	-0.0012559255697168897	0.0012559255697168897	original_relative	0	1	7	3
mock-ZYMO	ZYMO	Bacillus_subtilis_ATCC_6051	Bacillus subtilis | Copy1	Bacillus_subtilis	Bacillus subtilis	zOTU	UNOISE3	-0.125	0.125	-0.125	0.125	original_relative	0	1	1	3
mock-ZYMO	ZYMO	Bacillus_subtilis_ATCC_6051	Bacillus subtilis | Copy1	Bacillus_subtilis	Bacillus subtilis	TIC	TIC	0.05828100584942783	0.05828100584942783	0.05828100584942783	0.05828100584942783	original_relative	0	1	1	3
mock-ZYMO	ZYMO	Bacillus_subtilis_ATCC_6051	Bacillus subtilis | Copy1	Bacillus_subtilis	Bacillus subtilis	TAC	TAC	0.058281005849427824	0.058281005849427824	0.058281005849427824	0.058281005849427824	original_relative	0	1	1	3
mock-ZYMO	ZYMO	Enterococcus_faecalis_ATCC_19433	Enterococcus faecalis | Copy1	Enterococcus_faecalis	Enterococcus faecalis	zOTU	UNOISE3	-0.02452871438261468	0.02452871438261468	-0.02452871438261468	0.02452871438261468	original_relative	0	1	4	3
mock-ZYMO	ZYMO	Enterococcus_faecalis_ATCC_19433	Enterococcus faecalis | Copy1	Enterococcus_faecalis	Enterococcus faecalis	TIC	TIC	-0.024528714382614683	0.024528714382614683	-0.024528714382614683	0.024528714382614683	original_relative	0	1	4	3
mock-ZYMO	ZYMO	Enterococcus_faecalis_ATCC_19433	Enterococcus faecalis | Copy1	Enterococcus_faecalis	Enterococcus faecalis	TAC	TAC	-0.024528714382614687	0.024528714382614687	-0.024528714382614687	0.024528714382614687	original_relative	0	1	4	3
mock-ZYMO	ZYMO	Escherichia_coli_ATCC_11775	Escherichia coli | Copy1	Escherichia_coli	Escherichia coli	zOTU	UNOISE3	0.007762907675617802	0.007762907675617802	0.007762907675617802	0.007762907675617802	original_relative	0	1	7	3
mock-ZYMO	ZYMO	Escherichia_coli_ATCC_11775	Escherichia coli | Copy1	Escherichia_coli	Escherichia coli	TIC	TIC	0.007762907675617797	0.007762907675617797	0.007762907675617797	0.007762907675617797	original_relative	0	1	7	3
mock-ZYMO	ZYMO	Escherichia_coli_ATCC_11775	Escherichia coli | Copy1	Escherichia_coli	Escherichia coli	TAC	TAC	0.007762907675617793	0.007762907675617793	0.007762907675617793	0.007762907675617793	original_relative	0	1	7	3
mock-ZYMO	ZYMO	Lactobacillus_fermentum_ATCC_14931	Lactobacillus fermentum | Copy1	Lactobacillus_fermentum	Lactobacillus fermentum	zOTU	UNOISE3	-0.125	0.125	-0.125	0.125	original_relative	0	1	2	3
mock-ZYMO	ZYMO	Lactobacillus_fermentum_ATCC_14931	Lactobacillus fermentum | Copy1	Lactobacillus_fermentum	Lactobacillus fermentum	TIC	TIC	-0.125	0.125	-0.125	0.125	original_relative	0	1	2	3
mock-ZYMO	ZYMO	Lactobacillus_fermentum_ATCC_14931	Lactobacillus fermentum | Copy1	Lactobacillus_fermentum	Lactobacillus fermentum	TAC	TAC	-0.125	0.125	-0.125	0.125	original_relative	0	1	2	3
mock-ZYMO	ZYMO	Listeria_monocytogenes_ATCC_19115	Listeria monocytogenes | Copy1	Listeria_monocytogenes	Listeria monocytogenes	zOTU	UNOISE3	-0.003907777542597792	0.003907777542597792	-0.003907777542597792	0.003907777542597792	original_relative	0	1	8	3
mock-ZYMO	ZYMO	Listeria_monocytogenes_ATCC_19115	Listeria monocytogenes | Copy1	Listeria_monocytogenes	Listeria monocytogenes	TIC	TIC	-0.003907777542597792	0.003907777542597792	-0.003907777542597792	0.003907777542597792	original_relative	0	1	8	3
mock-ZYMO	ZYMO	Listeria_monocytogenes_ATCC_19115	Listeria monocytogenes | Copy1	Listeria_monocytogenes	Listeria monocytogenes	TAC	TAC	-0.003907777542597801	0.003907777542597801	-0.003907777542597801	0.003907777542597801	original_relative	0	1	8	3
mock-ZYMO	ZYMO	Pseudomonas_aeruginosa_strain_ATCC_10145	Pseudomonas aeruginosa | Copy1	Pseudomonas_aeruginosa	Pseudomonas aeruginosa	zOTU	UNOISE3	-0.06619210167048543	0.06619210167048543	-0.06619210167048543	0.06619210167048543	original_relative	0	1	3	3
mock-ZYMO	ZYMO	Pseudomonas_aeruginosa_strain_ATCC_10145	Pseudomonas aeruginosa | Copy1	Pseudomonas_aeruginosa	Pseudomonas aeruginosa	TIC	TIC	-0.06619210167048543	0.06619210167048543	-0.06619210167048543	0.06619210167048543	original_relative	0	1	3	3
mock-ZYMO	ZYMO	Pseudomonas_aeruginosa_strain_ATCC_10145	Pseudomonas aeruginosa | Copy1	Pseudomonas_aeruginosa	Pseudomonas aeruginosa	TAC	TAC	-0.06619210167048543	0.06619210167048543	-0.06619210167048543	0.06619210167048543	original_relative	0	1	3	3
mock-ZYMO	ZYMO	Salmonella_enterica_LT2	Salmonella enterica | Copy1	Salmonella_enterica	Salmonella enterica	zOTU	UNOISE3	-0.013298010366718077	0.013298010366718077	-0.013298010366718077	0.013298010366718077	original_relative	0	1	6	3
mock-ZYMO	ZYMO	Salmonella_enterica_LT2	Salmonella enterica | Copy1	Salmonella_enterica	Salmonella enterica	TIC	TIC	0.004369641555116974	0.004369641555116974	0.004369641555116974	0.004369641555116974	original_relative	0	1	6	3
mock-ZYMO	ZYMO	Salmonella_enterica_LT2	Salmonella enterica | Copy1	Salmonella_enterica	Salmonella enterica	TAC	TAC	0.004369641555116969	0.004369641555116969	0.004369641555116969	0.004369641555116969	original_relative	0	1	6	3
mock-ZYMO	ZYMO	Staphylococcus_aureus_ATCC_12600	Staphylococcus aureus | Copy1	Staphylococcus_aureus	Staphylococcus aureus	zOTU	UNOISE3	0.01486647569954947	0.01486647569954947	0.01486647569954947	0.01486647569954947	original_relative	0	1	5	3
mock-ZYMO	ZYMO	Staphylococcus_aureus_ATCC_12600	Staphylococcus aureus | Copy1	Staphylococcus_aureus	Staphylococcus aureus	TIC	TIC	0.01486647569954947	0.01486647569954947	0.01486647569954947	0.01486647569954947	original_relative	0	1	5	3
mock-ZYMO	ZYMO	Staphylococcus_aureus_ATCC_12600	Staphylococcus aureus | Copy1	Staphylococcus_aureus	Staphylococcus aureus	TAC	TAC	0.014866475699549459	0.014866475699549459	0.014866475699549459	0.014866475699549459	original_relative	0	1	5	3
