community_id	sample_id	sample_key	method	inferred_present_features	expected_present_features	mapped_present_features	unmapped_present_features	split_mapped_present_features	merge_mapped_present_features	merge_denominator	merge_denominator_features	split_index_mode	split_index_threshold_target_level	graph_target_level_split_index	graph_target_level_merge_deficit	graph_target_level_unmapped_feature_fraction	graph_target_level_one_to_one_mapping_fraction	graph_target_level_cluster_purity_fraction	graph_target_level_no_hit_over_unmapped_fraction	graph_target_level_plot	split_index_denominator	split_index_denominator_features	graph_edge_threshold_pident	graph_edge_threshold_split_index	graph_edge_threshold_merge_deficit	graph_edge_threshold_unmapped_feature_fraction	graph_edge_threshold_one_to_one_mapping_fraction	graph_edge_threshold_cluster_purity_fraction	graph_edge_threshold_no_hit_over_unmapped_fraction	graph_edge_min_query_coverage	graph_edge_count	graph_merge_duplicates	split_duplicates	split_index	unmapped_feature_fraction	one_to_one_mapping_fraction	one_to_one_denominator	one_to_one_denominator_features	cluster_purity_fraction	cluster_purity_score	cluster_purity_pure_clusters	cluster_purity_total_clusters	no_hit_over_unmapped_fraction	no_hit_n_no_hit	no_hit_n_unmapped	species_coverage	merge_deficit	no_hit_w_unmapped	no_hit_w_no_hit	no_hit_over_unmapped_fraction_weighted
mock-12	Mock 3	mock-12|Mock 3	ASV	26	26	22	4	22	22	expected_present_features	26	graph	tip	tip	tip	tip	tip	tip	tip	tip	mapped_expected_features	22	100.0	100.0	100.0	100.0	100.0	100.0	100.0	100.0	22.0	0.0	0	0.0	0.15384615384615385	1.0	mapped_inferred_features	22			0.0	0.0	0.25	1.0	4.0		0.0	0.0012395263485908178	2.2159130254137665e-05	0.017877094972067152
mock-12	Mock 3	mock-12|Mock 3	ASV	26	26	22	4	22	22	expected_present_features	26	graph	species	species	species	species	species	species	species	species	mapped_expected_features	18	100.0	100.0	100.0	100.0	100.0	100.0	100.0	100.0	22.0	0.0	4	0.2222222222222222	0.15384615384615385	0.6818181818181818	mapped_inferred_features	22			0.0	0.0	0.25	1.0	4.0		0.0	0.0012395263485908178	2.2159130254137665e-05	0.017877094972067152
mock-12	Mock 3	mock-12|Mock 3	zOTU	31	26	21	10	21	21	expected_present_features	26	graph	tip	tip	tip	tip	tip	tip	tip	tip	mapped_expected_features	21	100.0	100.0	100.0	100.0	100.0	100.0	100.0	100.0	21.0	0.0	0	0.0	0.3225806451612903	1.0	mapped_inferred_features	21			0.0	0.0	0.9	9.0	10.0		0.0	0.0003978826211304341	0.00038319802527149015	0.9630931458699473
mock-12	Mock 3	mock-12|Mock 3	zOTU	31	26	21	10	21	21	expected_present_features	26	graph	species	species	species	species	species	species	species	species	mapped_expected_features	17	100.0	100.0	100.0	100.0	100.0	100.0	100.0	100.0	21.0	0.0	4	0.23529411764705882	0.3225806451612903	0.6666666666666666	mapped_inferred_features	21			0.0	0.0	0.9	9.0	10.0		0.0	0.0003978826211304341	0.00038319802527149015	0.9630931458699473
mock-12	Mock 3	mock-12|Mock 3	OTU	20	26	14	6	14	14	expected_present_features	26	graph	tip	tip	tip	tip	tip	tip	tip	tip	mapped_expected_features	14	100.0	100.0	97.0	97.0	100.0	97.0	97.0	100.0	14.0	9.0	0	0.0	0.3	1.0	mapped_inferred_features	14			0.0	0.0	1.0	6.0	6.0		0.34615384615384615	0.00037348272642390287	0.00037348272642390287	1.0
mock-12	Mock 3	mock-12|Mock 3	OTU	20	26	14	6	14	14	expected_present_features	26	graph	species	species	species	species	species	species	species	species	mapped_expected_features	14	100.0	100.0	97.0	97.0	100.0	97.0	97.0	100.0	14.0	4.0	0	0.0	0.3	1.0	mapped_inferred_features	14			0.0	0.0	1.0	6.0	6.0		0.15384615384615385	0.00037348272642390287	0.00037348272642390287	1.0
mock-12	Mock 3	mock-12|Mock 3	TIC	24	26	17	7	17	17	expected_present_features	26	graph	tip	tip	tip	tip	tip	tip	tip	tip	mapped_expected_features	17	100.0	100.0	98.7	98.7	100.0	98.7	98.7	100.0	17.0	6.0	0	0.0	0.2916666666666667	1.0	mapped_inferred_features	17	0.5833333333333334	0.6250000000000001	14.0	24.0	1.0	7.0	7.0		0.23076923076923078	0.00038319802527149015	0.00038319802527149015	1.0
mock-12	Mock 3	mock-12|Mock 3	TIC	24	26	17	7	17	17	expected_present_features	26	graph	species	species	species	species	species	species	species	species	mapped_expected_features	17	100.0	100.0	98.7	98.7	100.0	98.7	98.7	100.0	17.0	1.0	0	0.0	0.2916666666666667	1.0	mapped_inferred_features	17	0.6666666666666666	0.6875	16.0	24.0	1.0	7.0	7.0		0.038461538461538464	0.00038319802527149015	0.00038319802527149015	1.0
mock-12	Mock 3	mock-12|Mock 3	TAC	24	26	17	7	16	17	expected_present_features	26	graph	tip	tip	tip	tip	tip	tip	tip	tip	mapped_expected_features	16	100.0	100.0	98.7	98.7	100.0	98.7	98.7	100.0	16.0	6.0	0	0.0	0.2916666666666667	1.0	mapped_inferred_features	16	0.5833333333333334	0.625	14.0	24.0	1.0	7.0	7.0		0.23076923076923078	0.00038319802527149015	0.00038319802527149015	1.0
mock-12	Mock 3	mock-12|Mock 3	TAC	24	26	17	7	16	17	expected_present_features	26	graph	species	species	species	species	species	species	species	species	mapped_expected_features	16	100.0	100.0	98.7	98.7	100.0	98.7	98.7	100.0	16.0	1.0	0	0.0	0.2916666666666667	1.0	mapped_inferred_features	16	0.6666666666666666	0.6875	16.0	24.0	1.0	7.0	7.0		0.038461538461538464	0.00038319802527149015	0.00038319802527149015	1.0
mock-13	Mock 4	mock-13|Mock 4	ASV	39	21	22	17	22	22	expected_present_features	21	graph	tip	tip	tip	tip	tip	tip	tip	tip	mapped_expected_features	22	100.0	100.0	100.0	100.0	100.0	100.0	100.0	100.0	22.0	0.0	0	0.0	0.4358974358974359	1.0	mapped_inferred_features	22			0.0	0.0	1.0	17.0	17.0		0.0	0.0074249917573359706	0.0074249917573359706	1.0
mock-13	Mock 4	mock-13|Mock 4	ASV	39	21	22	17	22	22	expected_present_features	21	graph	species	species	species	species	species	species	species	species	mapped_expected_features	19	100.0	100.0	100.0	100.0	100.0	100.0	100.0	100.0	22.0	0.0	3	0.15789473684210525	0.4358974358974359	0.7727272727272727	mapped_inferred_features	22			0.0	0.0	1.0	17.0	17.0		0.0	0.0074249917573359706	0.0074249917573359706	1.0
mock-13	Mock 4	mock-13|Mock 4	zOTU	31	21	22	9	22	22	expected_present_features	21	graph	tip	tip	tip	tip	tip	tip	tip	tip	mapped_expected_features	22	100.0	100.0	100.0	100.0	100.0	100.0	100.0	100.0	22.0	0.0	0	0.0	0.2903225806451613	1.0	mapped_inferred_features	22			0.0	0.0	1.0	9.0	9.0		0.0	0.006045529926126938	0.006045529926126938	1.0
mock-13	Mock 4	mock-13|Mock 4	zOTU	31	21	22	9	22	22	expected_present_features	21	graph	species	species	species	species	species	species	species	species	mapped_expected_features	20	100.0	100.0	100.0	100.0	100.0	100.0	100.0	100.0	22.0	0.0	2	0.1	0.2903225806451613	0.8636363636363636	mapped_inferred_features	22			0.0	0.0	1.0	9.0	9.0		0.0	0.006045529926126938	0.006045529926126938	1.0
mock-13	Mock 4	mock-13|Mock 4	OTU	27	21	20	7	20	20	expected_present_features	21	graph	tip	tip	tip	tip	tip	tip	tip	tip	mapped_expected_features	20	100.0	100.0	97.0	97.0	100.0	97.0	97.0	100.0	20.0	4.0	0	0.0	0.25925925925925924	1.0	mapped_inferred_features	20			0.0	0.0	1.0	7.0	7.0		0.19047619047619047	0.006030544708950836	0.006030544708950836	1.0
mock-13	Mock 4	mock-13|Mock 4	OTU	27	21	20	7	20	20	expected_present_features	21	graph	species	species	species	species	species	species	species	species	mapped_expected_features	20	100.0	100.0	97.0	97.0	100.0	97.0	97.0	100.0	20.0	1.0	0	0.0	0.25925925925925924	1.0	mapped_inferred_features	20			0.0	0.0	1.0	7.0	7.0		0.047619047619047616	0.006030544708950836	0.006030544708950836	1.0
mock-13	Mock 4	mock-13|Mock 4	TIC	27	21	20	7	20	20	expected_present_features	21	graph	tip	tip	tip	tip	tip	tip	tip	tip	mapped_expected_features	20	100.0	100.0	98.7	98.7	100.0	98.7	98.7	100.0	20.0	3.0	0	0.0	0.25925925925925924	1.0	mapped_inferred_features	20	0.6666666666666666	0.6975308641975309	18.0	27.0	1.0	7.0	7.0		0.14285714285714285	0.006045529926126941	0.006045529926126941	1.0
mock-13	Mock 4	mock-13|Mock 4	TIC	27	21	20	7	20	20	expected_present_features	21	graph	species	species	species	species	species	species	species	species	mapped_expected_features	20	100.0	100.0	98.7	98.7	100.0	98.7	98.7	100.0	20.0	0.0	0	0.0	0.25925925925925924	1.0	mapped_inferred_features	20	0.7407407407407407	0.7407407407407407	20.0	27.0	1.0	7.0	7.0		0.0	0.006045529926126941	0.006045529926126941	1.0
mock-13	Mock 4	mock-13|Mock 4	TAC	27	21	20	7	20	20	expected_present_features	21	graph	tip	tip	tip	tip	tip	tip	tip	tip	mapped_expected_features	20	100.0	100.0	98.7	98.7	100.0	98.7	98.7	100.0	20.0	3.0	0	0.0	0.25925925925925924	1.0	mapped_inferred_features	20	0.6666666666666666	0.697530864197531	18.0	27.0	1.0	7.0	7.0		0.14285714285714285	0.006045529926126941	0.006045529926126941	1.0
mock-13	Mock 4	mock-13|Mock 4	TAC	27	21	20	7	20	20	expected_present_features	21	graph	species	species	species	species	species	species	species	species	mapped_expected_features	20	100.0	100.0	98.7	98.7	100.0	98.7	98.7	100.0	20.0	0.0	0	0.0	0.25925925925925924	1.0	mapped_inferred_features	20	0.7407407407407407	0.7407407407407407	20.0	27.0	1.0	7.0	7.0		0.0	0.006045529926126941	0.006045529926126941	1.0
mock-14	Mock 5	mock-14|Mock 5	ASV	46	21	22	24	22	22	expected_present_features	21	graph	tip	tip	tip	tip	tip	tip	tip	tip	mapped_expected_features	22	100.0	100.0	100.0	100.0	100.0	100.0	100.0	100.0	22.0	0.0	0	0.0	0.5217391304347826	1.0	mapped_inferred_features	22			0.0	0.0	1.0	24.0	24.0		0.0	0.013881646377645511	0.013881646377645511	1.0
mock-14	Mock 5	mock-14|Mock 5	ASV	46	21	22	24	22	22	expected_present_features	21	graph	species	species	species	species	species	species	species	species	mapped_expected_features	19	100.0	100.0	100.0	100.0	100.0	100.0	100.0	100.0	22.0	0.0	3	0.15789473684210525	0.5217391304347826	0.7727272727272727	mapped_inferred_features	22			0.0	0.0	1.0	24.0	24.0		0.0	0.013881646377645511	0.013881646377645511	1.0
mock-14	Mock 5	mock-14|Mock 5	zOTU	39	21	22	17	22	22	expected_present_features	21	graph	tip	tip	tip	tip	tip	tip	tip	tip	mapped_expected_features	22	100.0	100.0	100.0	100.0	100.0	100.0	100.0	100.0	22.0	0.0	0	0.0	0.4358974358974359	1.0	mapped_inferred_features	22			0.0	0.0	1.0	17.0	17.0		0.0	0.011996711256744019	0.011996711256744019	1.0
mock-14	Mock 5	mock-14|Mock 5	zOTU	39	21	22	17	22	22	expected_present_features	21	graph	species	species	species	species	species	species	species	species	mapped_expected_features	20	100.0	100.0	100.0	100.0	100.0	100.0	100.0	100.0	22.0	0.0	2	0.1	0.4358974358974359	0.8636363636363636	mapped_inferred_features	22			0.0	0.0	1.0	17.0	17.0		0.0	0.011996711256744019	0.011996711256744019	1.0
mock-14	Mock 5	mock-14|Mock 5	OTU	35	21	20	15	20	20	expected_present_features	21	graph	tip	tip	tip	tip	tip	tip	tip	tip	mapped_expected_features	20	100.0	100.0	97.0	97.0	100.0	97.0	97.0	100.0	20.0	4.0	0	0.0	0.42857142857142855	1.0	mapped_inferred_features	20			0.0	0.0	1.0	15.0	15.0		0.19047619047619047	0.011937414100432722	0.011937414100432722	1.0
mock-14	Mock 5	mock-14|Mock 5	OTU	35	21	20	15	20	20	expected_present_features	21	graph	species	species	species	species	species	species	species	species	mapped_expected_features	20	100.0	100.0	97.0	97.0	100.0	97.0	97.0	100.0	20.0	1.0	0	0.0	0.42857142857142855	1.0	mapped_inferred_features	20			0.0	0.0	1.0	15.0	15.0		0.047619047619047616	0.011937414100432722	0.011937414100432722	1.0
mock-14	Mock 5	mock-14|Mock 5	TIC	36	21	20	16	20	20	expected_present_features	21	graph	tip	tip	tip	tip	tip	tip	tip	tip	mapped_expected_features	20	100.0	100.0	98.7	98.7	100.0	98.7	98.7	100.0	20.0	3.0	0	0.0	0.4444444444444444	1.0	mapped_inferred_features	20	0.5	0.5231481481481481	18.0	36.0	1.0	16.0	16.0		0.14285714285714285	0.011996711256744026	0.011996711256744026	1.0
mock-14	Mock 5	mock-14|Mock 5	TIC	36	21	20	16	20	20	expected_present_features	21	graph	species	species	species	species	species	species	species	species	mapped_expected_features	20	100.0	100.0	98.7	98.7	100.0	98.7	98.7	100.0	20.0	0.0	0	0.0	0.4444444444444444	1.0	mapped_inferred_features	20	0.5555555555555556	0.5555555555555556	20.0	36.0	1.0	16.0	16.0		0.0	0.011996711256744026	0.011996711256744026	1.0
mock-14	Mock 5	mock-14|Mock 5	TAC	36	21	20	16	20	20	expected_present_features	21	graph	tip	tip	tip	tip	tip	tip	tip	tip	mapped_expected_features	20	100.0	100.0	98.7	98.7	100.0	98.7	98.7	100.0	20.0	3.0	0	0.0	0.4444444444444444	1.0	mapped_inferred_features	20	0.5	0.5231481481481481	18.0	36.0	1.0	16.0	16.0		0.14285714285714285	0.011996711256744022	0.011996711256744022	1.0
mock-14	Mock 5	mock-14|Mock 5	TAC	36	21	20	16	20	20	expected_present_features	21	graph	species	species	species	species	species	species	species	species	mapped_expected_features	20	100.0	100.0	98.7	98.7	100.0	98.7	98.7	100.0	20.0	0.0	0	0.0	0.4444444444444444	1.0	mapped_inferred_features	20	0.5555555555555556	0.5555555555555556	20.0	36.0	1.0	16.0	16.0		0.0	0.011996711256744022	0.011996711256744022	1.0
mock-15	Mock 6	mock-15|Mock 6	ASV	32	21	22	10	22	22	expected_present_features	21	graph	tip	tip	tip	tip	tip	tip	tip	tip	mapped_expected_features	22	100.0	100.0	100.0	100.0	100.0	100.0	100.0	100.0	22.0	0.0	0	0.0	0.3125	1.0	mapped_inferred_features	22			0.0	0.0	1.0	10.0	10.0		0.0	0.0031603426686013	0.0031603426686013	1.0
mock-15	Mock 6	mock-15|Mock 6	ASV	32	21	22	10	22	22	expected_present_features	21	graph	species	species	species	species	species	species	species	species	mapped_expected_features	19	100.0	100.0	100.0	100.0	100.0	100.0	100.0	100.0	22.0	0.0	3	0.15789473684210525	0.3125	0.7727272727272727	mapped_inferred_features	22			0.0	0.0	1.0	10.0	10.0		0.0	0.0031603426686013	0.0031603426686013	1.0
mock-15	Mock 6	mock-15|Mock 6	zOTU	35	21	22	13	22	22	expected_present_features	21	graph	tip	tip	tip	tip	tip	tip	tip	tip	mapped_expected_features	22	100.0	100.0	100.0	100.0	100.0	100.0	100.0	100.0	22.0	0.0	0	0.0	0.37142857142857144	1.0	mapped_inferred_features	22			0.0	0.0	0.9230769230769231	12.0	13.0		0.0	0.004371948648698192	0.004326121094728609	0.9895178197064989
mock-15	Mock 6	mock-15|Mock 6	zOTU	35	21	22	13	22	22	expected_present_features	21	graph	species	species	species	species	species	species	species	species	mapped_expected_features	20	100.0	100.0	100.0	100.0	100.0	100.0	100.0	100.0	22.0	0.0	2	0.1	0.37142857142857144	0.8636363636363636	mapped_inferred_features	22			0.0	0.0	0.9230769230769231	12.0	13.0		0.0	0.004371948648698192	0.004326121094728609	0.9895178197064989
mock-15	Mock 6	mock-15|Mock 6	OTU	30	21	20	10	20	20	expected_present_features	21	graph	tip	tip	tip	tip	tip	tip	tip	tip	mapped_expected_features	20	100.0	100.0	97.0	97.0	100.0	97.0	97.0	100.0	20.0	4.0	0	0.0	0.3333333333333333	1.0	mapped_inferred_features	20			0.0	0.0	1.0	10.0	10.0		0.19047619047619047	0.004304840119032342	0.004304840119032342	1.0
mock-15	Mock 6	mock-15|Mock 6	OTU	30	21	20	10	20	20	expected_present_features	21	graph	species	species	species	species	species	species	species	species	mapped_expected_features	20	100.0	100.0	97.0	97.0	100.0	97.0	97.0	100.0	20.0	1.0	0	0.0	0.3333333333333333	1.0	mapped_inferred_features	20			0.0	0.0	1.0	10.0	10.0		0.047619047619047616	0.004304840119032342	0.004304840119032342	1.0
mock-15	Mock 6	mock-15|Mock 6	TIC	31	21	20	11	20	20	expected_present_features	21	graph	tip	tip	tip	tip	tip	tip	tip	tip	mapped_expected_features	20	100.0	100.0	98.7	98.7	100.0	98.7	98.7	100.0	20.0	3.0	0	0.0	0.3548387096774194	1.0	mapped_inferred_features	20	0.5806451612903226	0.6075268817204302	18.0	31.0	1.0	11.0	11.0		0.14285714285714285	0.004326121094728609	0.004326121094728609	1.0
mock-15	Mock 6	mock-15|Mock 6	TIC	31	21	20	11	20	20	expected_present_features	21	graph	species	species	species	species	species	species	species	species	mapped_expected_features	20	100.0	100.0	98.7	98.7	100.0	98.7	98.7	100.0	20.0	0.0	0	0.0	0.3548387096774194	1.0	mapped_inferred_features	20	0.6451612903225806	0.6451612903225806	20.0	31.0	1.0	11.0	11.0		0.0	0.004326121094728609	0.004326121094728609	1.0
mock-15	Mock 6	mock-15|Mock 6	TAC	31	21	20	11	19	20	expected_present_features	21	graph	tip	tip	tip	tip	tip	tip	tip	tip	mapped_expected_features	19	100.0	100.0	98.7	98.7	100.0	98.7	98.7	100.0	19.0	3.0	0	0.0	0.3548387096774194	1.0	mapped_inferred_features	19	0.5806451612903226	0.6075268817204301	18.0	31.0	1.0	11.0	11.0		0.14285714285714285	0.00432612109472861	0.00432612109472861	1.0
mock-15	Mock 6	mock-15|Mock 6	TAC	31	21	20	11	19	20	expected_present_features	21	graph	species	species	species	species	species	species	species	species	mapped_expected_features	19	100.0	100.0	98.7	98.7	100.0	98.7	98.7	100.0	19.0	0.0	0	0.0	0.3548387096774194	1.0	mapped_inferred_features	19	0.6451612903225806	0.6451612903225806	20.0	31.0	1.0	11.0	11.0		0.0	0.00432612109472861	0.00432612109472861	1.0
mock-16	Mock 7	mock-16|Mock 7	ASV	94	56	58	36	58	58	expected_present_features	56	graph	tip	tip	tip	tip	tip	tip	tip	tip	mapped_expected_features	58	100.0	100.0	100.0	100.0	100.0	100.0	100.0	100.0	58.0	0.0	0	0.0	0.3829787234042553	1.0	mapped_inferred_features	58			0.0	0.0	0.7777777777777778	28.0	36.0		0.0	0.02246929535205285	0.018070329233355324	0.8042232277526395
mock-16	Mock 7	mock-16|Mock 7	ASV	94	56	58	36	58	58	expected_present_features	56	graph	species	species	species	species	species	species	species	species	mapped_expected_features	50	100.0	100.0	100.0	100.0	100.0	100.0	100.0	100.0	58.0	0.0	8	0.16	0.3829787234042553	0.7586206896551724	mapped_inferred_features	58			0.0	0.0	0.7777777777777778	28.0	36.0		0.0	0.02246929535205285	0.018070329233355324	0.8042232277526395
mock-16	Mock 7	mock-16|Mock 7	zOTU	80	56	60	20	60	60	expected_present_features	56	graph	tip	tip	tip	tip	tip	tip	tip	tip	mapped_expected_features	60	100.0	100.0	100.0	100.0	100.0	100.0	100.0	100.0	60.0	0.0	0	0.0	0.25	1.0	mapped_inferred_features	60			0.0	0.0	1.0	20.0	20.0		0.0	0.017751294993858392	0.017751294993858392	1.0
mock-16	Mock 7	mock-16|Mock 7	zOTU	80	56	60	20	60	60	expected_present_features	56	graph	species	species	species	species	species	species	species	species	mapped_expected_features	52	100.0	100.0	100.0	100.0	100.0	100.0	100.0	100.0	60.0	0.0	8	0.15384615384615385	0.25	0.7666666666666667	mapped_inferred_features	60			0.0	0.0	1.0	20.0	20.0		0.0	0.017751294993858392	0.017751294993858392	1.0
mock-16	Mock 7	mock-16|Mock 7	OTU	63	56	48	15	48	48	expected_present_features	56	graph	tip	tip	tip	tip	tip	tip	tip	tip	mapped_expected_features	48	100.0	100.0	97.0	97.0	100.0	97.0	97.0	100.0	48.0	18.0	0	0.0	0.23809523809523808	1.0	mapped_inferred_features	48			0.0	0.0	1.0	15.0	15.0		0.32142857142857145	0.01764540853104945	0.01764540853104945	1.0
mock-16	Mock 7	mock-16|Mock 7	OTU	63	56	48	15	48	48	expected_present_features	56	graph	species	species	species	species	species	species	species	species	mapped_expected_features	48	100.0	100.0	97.0	97.0	100.0	97.0	97.0	100.0	48.0	5.0	0	0.0	0.23809523809523808	1.0	mapped_inferred_features	48			0.0	0.0	1.0	15.0	15.0		0.08928571428571429	0.01764540853104945	0.01764540853104945	1.0
mock-16	Mock 7	mock-16|Mock 7	TIC	71	56	53	18	53	53	expected_present_features	56	graph	tip	tip	tip	tip	tip	tip	tip	tip	mapped_expected_features	53	100.0	100.0	98.7	98.7	100.0	98.7	98.7	100.0	53.0	15.0	0	0.0	0.2535211267605634	1.0	mapped_inferred_features	53	0.5857142857142857	0.6583333333333332	41.0	70.0	1.0	18.0	18.0		0.26785714285714285	0.017751294993858385	0.017751294993858385	1.0
mock-16	Mock 7	mock-16|Mock 7	TIC	71	56	53	18	53	53	expected_present_features	56	graph	species	species	species	species	species	species	species	species	mapped_expected_features	51	100.0	100.0	98.7	98.7	100.0	98.7	98.7	100.0	53.0	3.0	2	0.0392156862745098	0.2535211267605634	0.9245283018867925	mapped_inferred_features	53	0.7	0.7214285714285714	49.0	70.0	1.0	18.0	18.0		0.05357142857142857	0.017751294993858385	0.017751294993858385	1.0
mock-16	Mock 7	mock-16|Mock 7	TAC	69	56	51	18	51	51	expected_present_features	56	graph	tip	tip	tip	tip	tip	tip	tip	tip	mapped_expected_features	51	100.0	100.0	98.7	98.7	100.0	98.7	98.7	100.0	51.0	13.0	0	0.0	0.2608695652173913	1.0	mapped_inferred_features	51	0.5942028985507246	0.6606280193236714	41.0	69.0	1.0	18.0	18.0		0.23214285714285715	0.017751294993858392	0.017751294993858392	1.0
mock-16	Mock 7	mock-16|Mock 7	TAC	69	56	51	18	51	51	expected_present_features	56	graph	species	species	species	species	species	species	species	species	mapped_expected_features	50	100.0	100.0	98.7	98.7	100.0	98.7	98.7	100.0	51.0	2.0	1	0.02	0.2608695652173913	0.9607843137254902	mapped_inferred_features	51	0.7101449275362319	0.7246376811594203	49.0	69.0	1.0	18.0	18.0		0.03571428571428571	0.017751294993858392	0.017751294993858392	1.0
mock-18	Mock 8	mock-18|Mock 8	ASV	16	15	14	2	14	14	expected_present_features	15	graph	tip	tip	tip	tip	tip	tip	tip	tip	mapped_expected_features	14	100.0	100.0	100.0	100.0	100.0	100.0	100.0	100.0	14.0	0.0	0	0.0	0.125	1.0	mapped_inferred_features	14			0.0	0.0	1.0	2.0	2.0		0.0	3.598643311471574e-05	3.598643311471574e-05	1.0
mock-18	Mock 8	mock-18|Mock 8	ASV	16	15	14	2	14	14	expected_present_features	15	graph	species	species	species	species	species	species	species	species	mapped_expected_features	14	100.0	100.0	100.0	100.0	100.0	100.0	100.0	100.0	14.0	0.0	0	0.0	0.125	1.0	mapped_inferred_features	14			0.0	0.0	1.0	2.0	2.0		0.0	3.598643311471574e-05	3.598643311471574e-05	1.0
mock-18	Mock 8	mock-18|Mock 8	zOTU	14	15	14	0	14	14	expected_present_features	15	graph	tip	tip	tip	tip	tip	tip	tip	tip	mapped_expected_features	14	100.0	100.0	100.0	100.0	100.0	100.0	100.0	100.0	14.0	0.0	0	0.0	0.0	1.0	mapped_inferred_features	14			0.0	0.0	0.0	0.0	0.0		0.0	0.0	0.0	0.0
mock-18	Mock 8	mock-18|Mock 8	zOTU	14	15	14	0	14	14	expected_present_features	15	graph	species	species	species	species	species	species	species	species	mapped_expected_features	14	100.0	100.0	100.0	100.0	100.0	100.0	100.0	100.0	14.0	0.0	0	0.0	0.0	1.0	mapped_inferred_features	14			0.0	0.0	0.0	0.0	0.0		0.0	0.0	0.0	0.0
mock-18	Mock 8	mock-18|Mock 8	OTU	14	15	14	0	14	14	expected_present_features	15	graph	tip	tip	tip	tip	tip	tip	tip	tip	mapped_expected_features	14	100.0	100.0	97.0	97.0	100.0	97.0	97.0	100.0	14.0	0.0	0	0.0	0.0	1.0	mapped_inferred_features	14			0.0	0.0	0.0	0.0	0.0		0.0	0.0	0.0	0.0
mock-18	Mock 8	mock-18|Mock 8	OTU	14	15	14	0	14	14	expected_present_features	15	graph	species	species	species	species	species	species	species	species	mapped_expected_features	14	100.0	100.0	97.0	97.0	100.0	97.0	97.0	100.0	14.0	0.0	0	0.0	0.0	1.0	mapped_inferred_features	14			0.0	0.0	0.0	0.0	0.0		0.0	0.0	0.0	0.0
mock-18	Mock 8	mock-18|Mock 8	TIC	14	15	14	0	14	14	expected_present_features	15	graph	tip	tip	tip	tip	tip	tip	tip	tip	mapped_expected_features	14	100.0	100.0	98.7	98.7	100.0	98.7	98.7	100.0	14.0	0.0	0	0.0	0.0	1.0	mapped_inferred_features	14	1.0	1.0	14.0	14.0	0.0	0.0	0.0		0.0	0.0	0.0	0.0
mock-18	Mock 8	mock-18|Mock 8	TIC	14	15	14	0	14	14	expected_present_features	15	graph	species	species	species	species	species	species	species	species	mapped_expected_features	14	100.0	100.0	98.7	98.7	100.0	98.7	98.7	100.0	14.0	0.0	0	0.0	0.0	1.0	mapped_inferred_features	14	1.0	1.0	14.0	14.0	0.0	0.0	0.0		0.0	0.0	0.0	0.0
mock-18	Mock 8	mock-18|Mock 8	TAC	14	15	14	0	14	14	expected_present_features	15	graph	tip	tip	tip	tip	tip	tip	tip	tip	mapped_expected_features	14	100.0	100.0	98.7	98.7	100.0	98.7	98.7	100.0	14.0	0.0	0	0.0	0.0	1.0	mapped_inferred_features	14	1.0	1.0	14.0	14.0	0.0	0.0	0.0		0.0	0.0	0.0	0.0
mock-18	Mock 8	mock-18|Mock 8	TAC	14	15	14	0	14	14	expected_present_features	15	graph	species	species	species	species	species	species	species	species	mapped_expected_features	14	100.0	100.0	98.7	98.7	100.0	98.7	98.7	100.0	14.0	0.0	0	0.0	0.0	1.0	mapped_inferred_features	14	1.0	1.0	14.0	14.0	0.0	0.0	0.0		0.0	0.0	0.0	0.0
mock-19	Mock 9	mock-19|Mock 9	ASV	15	15	15	0	15	15	expected_present_features	15	graph	tip	tip	tip	tip	tip	tip	tip	tip	mapped_expected_features	15	100.0	100.0	100.0	100.0	100.0	100.0	100.0	100.0	15.0	0.0	0	0.0	0.0	1.0	mapped_inferred_features	15			0.0	0.0	0.0	0.0	0.0		0.0	0.0	0.0	0.0
mock-19	Mock 9	mock-19|Mock 9	ASV	15	15	15	0	15	15	expected_present_features	15	graph	species	species	species	species	species	species	species	species	mapped_expected_features	15	100.0	100.0	100.0	100.0	100.0	100.0	100.0	100.0	15.0	0.0	0	0.0	0.0	1.0	mapped_inferred_features	15			0.0	0.0	0.0	0.0	0.0		0.0	0.0	0.0	0.0
mock-19	Mock 9	mock-19|Mock 9	zOTU	15	15	15	0	15	15	expected_present_features	15	graph	tip	tip	tip	tip	tip	tip	tip	tip	mapped_expected_features	15	100.0	100.0	100.0	100.0	100.0	100.0	100.0	100.0	15.0	0.0	0	0.0	0.0	1.0	mapped_inferred_features	15			0.0	0.0	0.0	0.0	0.0		0.0	0.0	0.0	0.0
mock-19	Mock 9	mock-19|Mock 9	zOTU	15	15	15	0	15	15	expected_present_features	15	graph	species	species	species	species	species	species	species	species	mapped_expected_features	15	100.0	100.0	100.0	100.0	100.0	100.0	100.0	100.0	15.0	0.0	0	0.0	0.0	1.0	mapped_inferred_features	15			0.0	0.0	0.0	0.0	0.0		0.0	0.0	0.0	0.0
mock-19	Mock 9	mock-19|Mock 9	OTU	15	15	15	0	15	15	expected_present_features	15	graph	tip	tip	tip	tip	tip	tip	tip	tip	mapped_expected_features	15	100.0	100.0	97.0	97.0	100.0	97.0	97.0	100.0	15.0	0.0	0	0.0	0.0	1.0	mapped_inferred_features	15			0.0	0.0	0.0	0.0	0.0		0.0	0.0	0.0	0.0
mock-19	Mock 9	mock-19|Mock 9	OTU	15	15	15	0	15	15	expected_present_features	15	graph	species	species	species	species	species	species	species	species	mapped_expected_features	15	100.0	100.0	97.0	97.0	100.0	97.0	97.0	100.0	15.0	0.0	0	0.0	0.0	1.0	mapped_inferred_features	15			0.0	0.0	0.0	0.0	0.0		0.0	0.0	0.0	0.0
mock-19	Mock 9	mock-19|Mock 9	TIC	15	15	15	0	15	15	expected_present_features	15	graph	tip	tip	tip	tip	tip	tip	tip	tip	mapped_expected_features	15	100.0	100.0	98.7	98.7	100.0	98.7	98.7	100.0	15.0	0.0	0	0.0	0.0	1.0	mapped_inferred_features	15	1.0	1.0	15.0	15.0	0.0	0.0	0.0		0.0	0.0	0.0	0.0
mock-19	Mock 9	mock-19|Mock 9	TIC	15	15	15	0	15	15	expected_present_features	15	graph	species	species	species	species	species	species	species	species	mapped_expected_features	15	100.0	100.0	98.7	98.7	100.0	98.7	98.7	100.0	15.0	0.0	0	0.0	0.0	1.0	mapped_inferred_features	15	1.0	1.0	15.0	15.0	0.0	0.0	0.0		0.0	0.0	0.0	0.0
mock-19	Mock 9	mock-19|Mock 9	TAC	15	15	15	0	15	15	expected_present_features	15	graph	tip	tip	tip	tip	tip	tip	tip	tip	mapped_expected_features	15	100.0	100.0	98.7	98.7	100.0	98.7	98.7	100.0	15.0	0.0	0	0.0	0.0	1.0	mapped_inferred_features	15	1.0	1.0	15.0	15.0	0.0	0.0	0.0		0.0	0.0	0.0	0.0
mock-19	Mock 9	mock-19|Mock 9	TAC	15	15	15	0	15	15	expected_present_features	15	graph	species	species	species	species	species	species	species	species	mapped_expected_features	15	100.0	100.0	98.7	98.7	100.0	98.7	98.7	100.0	15.0	0.0	0	0.0	0.0	1.0	mapped_inferred_features	15	1.0	1.0	15.0	15.0	0.0	0.0	0.0		0.0	0.0	0.0	0.0
mock-20	Mock 10	mock-20|Mock 10	ASV	21	20	21	0	21	21	expected_present_features	20	graph	tip	tip	tip	tip	tip	tip	tip	tip	mapped_expected_features	21	100.0	100.0	100.0	100.0	100.0	100.0	100.0	100.0	21.0	0.0	0	0.0	0.0	1.0	mapped_inferred_features	21			0.0	0.0	0.0	0.0	0.0		0.0	0.0	0.0	0.0
mock-20	Mock 10	mock-20|Mock 10	ASV	21	20	21	0	21	21	expected_present_features	20	graph	species	species	species	species	species	species	species	species	mapped_expected_features	18	100.0	100.0	100.0	100.0	100.0	100.0	100.0	100.0	21.0	0.0	3	0.16666666666666666	0.0	0.7619047619047619	mapped_inferred_features	21			0.0	0.0	0.0	0.0	0.0		0.0	0.0	0.0	0.0
mock-20	Mock 10	mock-20|Mock 10	zOTU	29	20	20	9	20	20	expected_present_features	20	graph	tip	tip	tip	tip	tip	tip	tip	tip	mapped_expected_features	20	100.0	100.0	100.0	100.0	100.0	100.0	100.0	100.0	20.0	0.0	0	0.0	0.3103448275862069	1.0	mapped_inferred_features	20			0.0	0.0	0.1111111111111111	1.0	9.0		0.0	0.04848666118325398	0.002841404750629349	0.05860178204249493
mock-20	Mock 10	mock-20|Mock 10	zOTU	29	20	20	9	20	20	expected_present_features	20	graph	species	species	species	species	species	species	species	species	mapped_expected_features	18	100.0	100.0	100.0	100.0	100.0	100.0	100.0	100.0	20.0	0.0	2	0.1111111111111111	0.3103448275862069	0.85	mapped_inferred_features	20			0.0	0.0	0.1111111111111111	1.0	9.0		0.0	0.04848666118325398	0.002841404750629349	0.05860178204249493
mock-20	Mock 10	mock-20|Mock 10	OTU	18	20	18	0	18	18	expected_present_features	20	graph	tip	tip	tip	tip	tip	tip	tip	tip	mapped_expected_features	18	100.0	100.0	97.0	97.0	100.0	97.0	97.0	100.0	18.0	4.0	0	0.0	0.0	1.0	mapped_inferred_features	18			0.0	0.0	0.0	0.0	0.0		0.2	0.0	0.0	0.0
mock-20	Mock 10	mock-20|Mock 10	OTU	18	20	18	0	18	18	expected_present_features	20	graph	species	species	species	species	species	species	species	species	mapped_expected_features	18	100.0	100.0	97.0	97.0	100.0	97.0	97.0	100.0	18.0	1.0	0	0.0	0.0	1.0	mapped_inferred_features	18			0.0	0.0	0.0	0.0	0.0		0.05	0.0	0.0	0.0
mock-20	Mock 10	mock-20|Mock 10	TIC	26	20	18	8	18	18	expected_present_features	20	graph	tip	tip	tip	tip	tip	tip	tip	tip	mapped_expected_features	18	100.0	100.0	98.7	98.7	100.0	98.7	98.7	100.0	18.0	3.0	0	0.0	0.3076923076923077	1.0	mapped_inferred_features	18	0.6153846153846154	0.6474358974358976	16.0	26.0	0.125	1.0	8.0		0.15	0.04397530802655301	0.002841404750629349	0.0646136406574722
mock-20	Mock 10	mock-20|Mock 10	TIC	26	20	18	8	18	18	expected_present_features	20	graph	species	species	species	species	species	species	species	species	mapped_expected_features	18	100.0	100.0	98.7	98.7	100.0	98.7	98.7	100.0	18.0	0.0	0	0.0	0.3076923076923077	1.0	mapped_inferred_features	18	0.6923076923076923	0.6923076923076923	18.0	26.0	0.125	1.0	8.0		0.0	0.04397530802655301	0.002841404750629349	0.0646136406574722
mock-20	Mock 10	mock-20|Mock 10	TAC	26	20	18	8	18	18	expected_present_features	20	graph	tip	tip	tip	tip	tip	tip	tip	tip	mapped_expected_features	18	100.0	100.0	98.7	98.7	100.0	98.7	98.7	100.0	18.0	3.0	0	0.0	0.3076923076923077	1.0	mapped_inferred_features	18	0.6153846153846154	0.6666666666666666	16.0	26.0	0.125	1.0	8.0		0.15	0.04848666118325399	0.002841404750629349	0.05860178204249492
mock-20	Mock 10	mock-20|Mock 10	TAC	26	20	18	8	18	18	expected_present_features	20	graph	species	species	species	species	species	species	species	species	mapped_expected_features	18	100.0	100.0	98.7	98.7	100.0	98.7	98.7	100.0	18.0	0.0	0	0.0	0.3076923076923077	1.0	mapped_inferred_features	18	0.6923076923076923	0.7115384615384616	18.0	26.0	0.125	1.0	8.0		0.0	0.04848666118325399	0.002841404750629349	0.05860178204249492
mock-21	Mock 11	mock-21|Mock 11	ASV	14	20	14	0	14	14	expected_present_features	20	graph	tip	tip	tip	tip	tip	tip	tip	tip	mapped_expected_features	14	100.0	100.0	100.0	100.0	100.0	100.0	100.0	100.0	14.0	0.0	0	0.0	0.0	1.0	mapped_inferred_features	14			0.0	0.0	0.0	0.0	0.0		0.0	0.0	0.0	0.0
mock-21	Mock 11	mock-21|Mock 11	ASV	14	20	14	0	14	14	expected_present_features	20	graph	species	species	species	species	species	species	species	species	mapped_expected_features	14	100.0	100.0	100.0	100.0	100.0	100.0	100.0	100.0	14.0	0.0	0	0.0	0.0	1.0	mapped_inferred_features	14			0.0	0.0	0.0	0.0	0.0		0.0	0.0	0.0	0.0
mock-21	Mock 11	mock-21|Mock 11	zOTU	31	20	14	17	14	14	expected_present_features	20	graph	tip	tip	tip	tip	tip	tip	tip	tip	mapped_expected_features	14	100.0	100.0	100.0	100.0	100.0	100.0	100.0	100.0	14.0	0.0	0	0.0	0.5483870967741935	1.0	mapped_inferred_features	14			0.0	0.0	0.23529411764705882	4.0	17.0		0.0	0.05892320909227047	0.003680730155977835	0.06246655965757086
mock-21	Mock 11	mock-21|Mock 11	zOTU	31	20	14	17	14	14	expected_present_features	20	graph	species	species	species	species	species	species	species	species	mapped_expected_features	14	100.0	100.0	100.0	100.0	100.0	100.0	100.0	100.0	14.0	0.0	0	0.0	0.5483870967741935	1.0	mapped_inferred_features	14			0.0	0.0	0.23529411764705882	4.0	17.0		0.0	0.05892320909227047	0.003680730155977835	0.06246655965757086
mock-21	Mock 11	mock-21|Mock 11	OTU	14	20	14	0	14	14	expected_present_features	20	graph	tip	tip	tip	tip	tip	tip	tip	tip	mapped_expected_features	14	100.0	100.0	97.0	97.0	100.0	97.0	97.0	100.0	14.0	2.0	0	0.0	0.0	1.0	mapped_inferred_features	14			0.0	0.0	0.0	0.0	0.0		0.1	0.0	0.0	0.0
mock-21	Mock 11	mock-21|Mock 11	OTU	14	20	14	0	14	14	expected_present_features	20	graph	species	species	species	species	species	species	species	species	mapped_expected_features	14	100.0	100.0	97.0	97.0	100.0	97.0	97.0	100.0	14.0	1.0	0	0.0	0.0	1.0	mapped_inferred_features	14			0.0	0.0	0.0	0.0	0.0		0.05	0.0	0.0	0.0
mock-21	Mock 11	mock-21|Mock 11	TIC	27	20	15	12	14	15	expected_present_features	20	graph	tip	tip	tip	tip	tip	tip	tip	tip	mapped_expected_features	14	100.0	100.0	98.7	98.7	100.0	98.7	98.7	100.0	14.0	1.0	0	0.0	0.4444444444444444	1.0	mapped_inferred_features	14	0.5185185185185185	0.5370370370370371	14.0	27.0	0.3333333333333333	4.0	12.0		0.05	0.04901597610283976	0.003680730155977835	0.07509245859462932
mock-21	Mock 11	mock-21|Mock 11	TIC	27	20	15	12	14	15	expected_present_features	20	graph	species	species	species	species	species	species	species	species	mapped_expected_features	14	100.0	100.0	98.7	98.7	100.0	98.7	98.7	100.0	14.0	0.0	0	0.0	0.4444444444444444	1.0	mapped_inferred_features	14	0.5555555555555556	0.5555555555555556	15.0	27.0	0.3333333333333333	4.0	12.0		0.0	0.04901597610283976	0.003680730155977835	0.07509245859462932
mock-21	Mock 11	mock-21|Mock 11	TAC	24	20	14	10	12	14	expected_present_features	20	graph	tip	tip	tip	tip	tip	tip	tip	tip	mapped_expected_features	12	100.0	100.0	98.7	98.7	100.0	98.7	98.7	100.0	12.0	1.0	0	0.0	0.4166666666666667	1.0	mapped_inferred_features	12	0.5	0.5555555555555556	12.0	24.0	0.4	4.0	10.0		0.05	0.04375103446645176	0.003680730155977835	0.08412898576832999
mock-21	Mock 11	mock-21|Mock 11	TAC	24	20	14	10	12	14	expected_present_features	20	graph	species	species	species	species	species	species	species	species	mapped_expected_features	12	100.0	100.0	98.7	98.7	100.0	98.7	98.7	100.0	12.0	0.0	0	0.0	0.4166666666666667	1.0	mapped_inferred_features	12	0.5416666666666666	0.576388888888889	13.0	24.0	0.4	4.0	10.0		0.0	0.04375103446645176	0.003680730155977835	0.08412898576832999
mock-22	Mock 12	mock-22|Mock 12	ASV	27	20	22	5	22	22	expected_present_features	20	graph	tip	tip	tip	tip	tip	tip	tip	tip	mapped_expected_features	22	100.0	100.0	100.0	100.0	100.0	100.0	100.0	100.0	22.0	0.0	0	0.0	0.18518518518518517	1.0	mapped_inferred_features	22			0.0	0.0	1.0	5.0	5.0		0.0	9.51308048566779e-05	9.51308048566779e-05	1.0
mock-22	Mock 12	mock-22|Mock 12	ASV	27	20	22	5	22	22	expected_present_features	20	graph	species	species	species	species	species	species	species	species	mapped_expected_features	19	100.0	100.0	100.0	100.0	100.0	100.0	100.0	100.0	22.0	0.0	3	0.15789473684210525	0.18518518518518517	0.7727272727272727	mapped_inferred_features	22			0.0	0.0	1.0	5.0	5.0		0.0	9.51308048566779e-05	9.51308048566779e-05	1.0
mock-22	Mock 12	mock-22|Mock 12	zOTU	22	20	21	1	21	21	expected_present_features	20	graph	tip	tip	tip	tip	tip	tip	tip	tip	mapped_expected_features	21	100.0	100.0	100.0	100.0	100.0	100.0	100.0	100.0	21.0	0.0	0	0.0	0.045454545454545456	1.0	mapped_inferred_features	21			0.0	0.0	1.0	1.0	1.0		0.0	4.2506615091973695e-05	4.2506615091973695e-05	1.0
mock-22	Mock 12	mock-22|Mock 12	zOTU	22	20	21	1	21	21	expected_present_features	20	graph	species	species	species	species	species	species	species	species	mapped_expected_features	19	100.0	100.0	100.0	100.0	100.0	100.0	100.0	100.0	21.0	0.0	2	0.10526315789473684	0.045454545454545456	0.8571428571428571	mapped_inferred_features	21			0.0	0.0	1.0	1.0	1.0		0.0	4.2506615091973695e-05	4.2506615091973695e-05	1.0
mock-22	Mock 12	mock-22|Mock 12	OTU	20	20	19	1	19	19	expected_present_features	20	graph	tip	tip	tip	tip	tip	tip	tip	tip	mapped_expected_features	19	100.0	100.0	97.0	97.0	100.0	97.0	97.0	100.0	19.0	4.0	0	0.0	0.05	1.0	mapped_inferred_features	19			0.0	0.0	1.0	1.0	1.0		0.2	4.250661509197369e-05	4.250661509197369e-05	1.0
mock-22	Mock 12	mock-22|Mock 12	OTU	20	20	19	1	19	19	expected_present_features	20	graph	species	species	species	species	species	species	species	species	mapped_expected_features	19	100.0	100.0	97.0	97.0	100.0	97.0	97.0	100.0	19.0	1.0	0	0.0	0.05	1.0	mapped_inferred_features	19			0.0	0.0	1.0	1.0	1.0		0.05	4.250661509197369e-05	4.250661509197369e-05	1.0
mock-22	Mock 12	mock-22|Mock 12	TIC	20	20	19	1	19	19	expected_present_features	20	graph	tip	tip	tip	tip	tip	tip	tip	tip	mapped_expected_features	19	100.0	100.0	98.7	98.7	100.0	98.7	98.7	100.0	19.0	3.0	0	0.0	0.05	1.0	mapped_inferred_features	19	0.85	0.8916666666666666	17.0	20.0	1.0	1.0	1.0		0.15	4.2506615091973675e-05	4.2506615091973675e-05	1.0
mock-22	Mock 12	mock-22|Mock 12	TIC	20	20	19	1	19	19	expected_present_features	20	graph	species	species	species	species	species	species	species	species	mapped_expected_features	19	100.0	100.0	98.7	98.7	100.0	98.7	98.7	100.0	19.0	0.0	0	0.0	0.05	1.0	mapped_inferred_features	19	0.95	0.95	19.0	20.0	1.0	1.0	1.0		0.0	4.2506615091973675e-05	4.2506615091973675e-05	1.0
mock-22	Mock 12	mock-22|Mock 12	TAC	20	20	19	1	19	19	expected_present_features	20	graph	tip	tip	tip	tip	tip	tip	tip	tip	mapped_expected_features	19	100.0	100.0	98.7	98.7	100.0	98.7	98.7	100.0	19.0	3.0	0	0.0	0.05	1.0	mapped_inferred_features	19	0.85	0.8916666666666668	17.0	20.0	1.0	1.0	1.0		0.15	4.2506615091973675e-05	4.2506615091973675e-05	1.0
mock-22	Mock 12	mock-22|Mock 12	TAC	20	20	19	1	19	19	expected_present_features	20	graph	species	species	species	species	species	species	species	species	mapped_expected_features	19	100.0	100.0	98.7	98.7	100.0	98.7	98.7	100.0	19.0	0.0	0	0.0	0.05	1.0	mapped_inferred_features	19	0.95	0.95	19.0	20.0	1.0	1.0	1.0		0.0	4.2506615091973675e-05	4.2506615091973675e-05	1.0
mock-23	Mock 13	mock-23|Mock 13	ASV	25	20	19	6	19	19	expected_present_features	20	graph	tip	tip	tip	tip	tip	tip	tip	tip	mapped_expected_features	19	100.0	100.0	100.0	100.0	100.0	100.0	100.0	100.0	19.0	0.0	0	0.0	0.24	1.0	mapped_inferred_features	19			0.0	0.0	0.8333333333333334	5.0	6.0		0.0	0.00041766109785202867	0.0002874810154046431	0.6883116883116882
mock-23	Mock 13	mock-23|Mock 13	ASV	25	20	19	6	19	19	expected_present_features	20	graph	species	species	species	species	species	species	species	species	mapped_expected_features	18	100.0	100.0	100.0	100.0	100.0	100.0	100.0	100.0	19.0	0.0	1	0.05555555555555555	0.24	0.8947368421052632	mapped_inferred_features	19			0.0	0.0	0.8333333333333334	5.0	6.0		0.0	0.00041766109785202867	0.0002874810154046431	0.6883116883116882
mock-23	Mock 13	mock-23|Mock 13	zOTU	24	20	21	3	21	21	expected_present_features	20	graph	tip	tip	tip	tip	tip	tip	tip	tip	mapped_expected_features	21	100.0	100.0	100.0	100.0	100.0	100.0	100.0	100.0	21.0	0.0	0	0.0	0.125	1.0	mapped_inferred_features	21			0.0	0.0	0.6666666666666666	2.0	3.0		0.0	0.00033344822935243605	0.0002322897777511352	0.696629213483146
mock-23	Mock 13	mock-23|Mock 13	zOTU	24	20	21	3	21	21	expected_present_features	20	graph	species	species	species	species	species	species	species	species	mapped_expected_features	19	100.0	100.0	100.0	100.0	100.0	100.0	100.0	100.0	21.0	0.0	2	0.10526315789473684	0.125	0.8571428571428571	mapped_inferred_features	21			0.0	0.0	0.6666666666666666	2.0	3.0		0.0	0.00033344822935243605	0.0002322897777511352	0.696629213483146
mock-23	Mock 13	mock-23|Mock 13	OTU	19	20	18	1	17	18	expected_present_features	20	graph	tip	tip	tip	tip	tip	tip	tip	tip	mapped_expected_features	17	100.0	100.0	97.0	97.0	100.0	97.0	97.0	100.0	17.0	4.0	0	0.0	0.05263157894736842	1.0	mapped_inferred_features	17			0.0	0.0	1.0	1.0	1.0		0.2	0.00014241383962702563	0.00014241383962702563	1.0
mock-23	Mock 13	mock-23|Mock 13	OTU	19	20	18	1	17	18	expected_present_features	20	graph	species	species	species	species	species	species	species	species	mapped_expected_features	17	100.0	100.0	97.0	97.0	100.0	97.0	97.0	100.0	17.0	1.0	0	0.0	0.05263157894736842	1.0	mapped_inferred_features	17			0.0	0.0	1.0	1.0	1.0		0.05	0.00014241383962702563	0.00014241383962702563	1.0
mock-23	Mock 13	mock-23|Mock 13	TIC	21	20	19	2	18	19	expected_present_features	20	graph	tip	tip	tip	tip	tip	tip	tip	tip	mapped_expected_features	18	100.0	100.0	98.7	98.7	100.0	98.7	98.7	100.0	18.0	3.0	0	0.0	0.09523809523809523	1.0	mapped_inferred_features	18	0.8095238095238095	0.8492063492063493	17.0	21.0	1.0	2.0	2.0		0.15	0.00023228977775113517	0.00023228977775113517	1.0
mock-23	Mock 13	mock-23|Mock 13	TIC	21	20	19	2	18	19	expected_present_features	20	graph	species	species	species	species	species	species	species	species	mapped_expected_features	18	100.0	100.0	98.7	98.7	100.0	98.7	98.7	100.0	18.0	0.0	0	0.0	0.09523809523809523	1.0	mapped_inferred_features	18	0.9047619047619048	0.9047619047619048	19.0	21.0	1.0	2.0	2.0		0.0	0.00023228977775113517	0.00023228977775113517	1.0
mock-23	Mock 13	mock-23|Mock 13	TAC	21	20	19	2	18	19	expected_present_features	20	graph	tip	tip	tip	tip	tip	tip	tip	tip	mapped_expected_features	18	100.0	100.0	98.7	98.7	100.0	98.7	98.7	100.0	18.0	3.0	0	0.0	0.09523809523809523	1.0	mapped_inferred_features	18	0.8095238095238095	0.8492063492063493	17.0	21.0	1.0	2.0	2.0		0.15	0.00023228977775113517	0.00023228977775113517	1.0
mock-23	Mock 13	mock-23|Mock 13	TAC	21	20	19	2	18	19	expected_present_features	20	graph	species	species	species	species	species	species	species	species	mapped_expected_features	18	100.0	100.0	98.7	98.7	100.0	98.7	98.7	100.0	18.0	0.0	0	0.0	0.09523809523809523	1.0	mapped_inferred_features	18	0.9047619047619048	0.9047619047619048	19.0	21.0	1.0	2.0	2.0		0.0	0.00023228977775113517	0.00023228977775113517	1.0
mock-4	Even1	mock-4|Even1	ASV	33	21	23	10	23	23	expected_present_features	21	graph	tip	tip	tip	tip	tip	tip	tip	tip	mapped_expected_features	23	100.0	100.0	100.0	100.0	100.0	100.0	100.0	100.0	23.0	0.0	0	0.0	0.30303030303030304	1.0	mapped_inferred_features	23			0.0	0.0	0.2	2.0	10.0		0.0	0.006427772315828729	8.362432337751836e-05	0.013009845288326261
mock-4	Even1	mock-4|Even1	ASV	33	21	23	10	23	23	expected_present_features	21	graph	species	species	species	species	species	species	species	species	mapped_expected_features	20	100.0	100.0	100.0	100.0	100.0	100.0	100.0	100.0	23.0	0.0	3	0.15	0.30303030303030304	0.782608695652174	mapped_inferred_features	23			0.0	0.0	0.2	2.0	10.0		0.0	0.006427772315828729	8.362432337751836e-05	0.013009845288326261
mock-4	Even2	mock-4|Even2	ASV	28	21	23	5	23	23	expected_present_features	21	graph	tip	tip	tip	tip	tip	tip	tip	tip	mapped_expected_features	23	100.0	100.0	100.0	100.0	100.0	100.0	100.0	100.0	23.0	0.0	0	0.0	0.17857142857142858	1.0	mapped_inferred_features	23			0.0	0.0	0.4	2.0	5.0		0.0	0.0024475499717953493	5.664532239449188e-05	0.023143683702989273
mock-4	Even2	mock-4|Even2	ASV	28	21	23	5	23	23	expected_present_features	21	graph	species	species	species	species	species	species	species	species	mapped_expected_features	20	100.0	100.0	100.0	100.0	100.0	100.0	100.0	100.0	23.0	0.0	3	0.15	0.17857142857142858	0.782608695652174	mapped_inferred_features	23			0.0	0.0	0.4	2.0	5.0		0.0	0.0024475499717953493	5.664532239449188e-05	0.023143683702989273
mock-4	Staggered1	mock-4|Staggered1	ASV	38	21	20	18	20	20	expected_present_features	21	graph	tip	tip	tip	tip	tip	tip	tip	tip	mapped_expected_features	20	100.0	100.0	100.0	100.0	100.0	100.0	100.0	100.0	20.0	0.0	0	0.0	0.47368421052631576	1.0	mapped_inferred_features	20			0.0	0.0	0.3333333333333333	6.0	18.0		0.0	0.08374477081737094	0.07142827876408962	0.8529282254513431
mock-4	Staggered1	mock-4|Staggered1	ASV	38	21	20	18	20	20	expected_present_features	21	graph	species	species	species	species	species	species	species	species	mapped_expected_features	19	100.0	100.0	100.0	100.0	100.0	100.0	100.0	100.0	20.0	0.0	1	0.05263157894736842	0.47368421052631576	0.9	mapped_inferred_features	20			0.0	0.0	0.3333333333333333	6.0	18.0		0.0	0.08374477081737094	0.07142827876408962	0.8529282254513431
mock-4	Staggered2	mock-4|Staggered2	ASV	41	21	20	21	20	20	expected_present_features	21	graph	tip	tip	tip	tip	tip	tip	tip	tip	mapped_expected_features	20	100.0	100.0	100.0	100.0	100.0	100.0	100.0	100.0	20.0	0.0	0	0.0	0.5121951219512195	1.0	mapped_inferred_features	20			0.0	0.0	0.2857142857142857	6.0	21.0		0.0	0.07683032268536767	0.06186210757503982	0.8051782865519769
mock-4	Staggered2	mock-4|Staggered2	ASV	41	21	20	21	20	20	expected_present_features	21	graph	species	species	species	species	species	species	species	species	mapped_expected_features	19	100.0	100.0	100.0	100.0	100.0	100.0	100.0	100.0	20.0	0.0	1	0.05263157894736842	0.5121951219512195	0.9	mapped_inferred_features	20			0.0	0.0	0.2857142857142857	6.0	21.0		0.0	0.07683032268536767	0.06186210757503982	0.8051782865519769
mock-4	Even1	mock-4|Even1	zOTU	38	21	22	16	22	22	expected_present_features	21	graph	tip	tip	tip	tip	tip	tip	tip	tip	mapped_expected_features	22	100.0	100.0	100.0	100.0	100.0	100.0	100.0	100.0	22.0	0.0	0	0.0	0.42105263157894735	1.0	mapped_inferred_features	22			0.0	0.0	0.6875	11.0	16.0		0.0	0.0008345041038587893	0.0007130256583603579	0.8544303797468354
mock-4	Even1	mock-4|Even1	zOTU	38	21	22	16	22	22	expected_present_features	21	graph	species	species	species	species	species	species	species	species	mapped_expected_features	20	100.0	100.0	100.0	100.0	100.0	100.0	100.0	100.0	22.0	0.0	2	0.1	0.42105263157894735	0.8636363636363636	mapped_inferred_features	22			0.0	0.0	0.6875	11.0	16.0		0.0	0.0008345041038587893	0.0007130256583603579	0.8544303797468354
mock-4	Even2	mock-4|Even2	zOTU	39	21	22	17	22	22	expected_present_features	21	graph	tip	tip	tip	tip	tip	tip	tip	tip	mapped_expected_features	22	100.0	100.0	100.0	100.0	100.0	100.0	100.0	100.0	22.0	0.0	0	0.0	0.4358974358974359	1.0	mapped_inferred_features	22			0.0	0.0	0.7058823529411765	12.0	17.0		0.0	0.0010206029765207787	0.0008546657792892535	0.8374125874125874
mock-4	Even2	mock-4|Even2	zOTU	39	21	22	17	22	22	expected_present_features	21	graph	species	species	species	species	species	species	species	species	mapped_expected_features	20	100.0	100.0	100.0	100.0	100.0	100.0	100.0	100.0	22.0	0.0	2	0.1	0.4358974358974359	0.8636363636363636	mapped_inferred_features	22			0.0	0.0	0.7058823529411765	12.0	17.0		0.0	0.0010206029765207787	0.0008546657792892535	0.8374125874125874
mock-4	Staggered1	mock-4|Staggered1	zOTU	39	21	22	17	22	22	expected_present_features	21	graph	tip	tip	tip	tip	tip	tip	tip	tip	mapped_expected_features	22	100.0	100.0	100.0	100.0	100.0	100.0	100.0	100.0	22.0	0.0	0	0.0	0.4358974358974359	1.0	mapped_inferred_features	22			0.0	0.0	0.7058823529411765	12.0	17.0		0.0	0.00558333920311803	0.0041824172556017315	0.7490888701990468
mock-4	Staggered1	mock-4|Staggered1	zOTU	39	21	22	17	22	22	expected_present_features	21	graph	species	species	species	species	species	species	species	species	mapped_expected_features	20	100.0	100.0	100.0	100.0	100.0	100.0	100.0	100.0	22.0	0.0	2	0.1	0.4358974358974359	0.8636363636363636	mapped_inferred_features	22			0.0	0.0	0.7058823529411765	12.0	17.0		0.0	0.00558333920311803	0.0041824172556017315	0.7490888701990468
mock-4	Staggered2	mock-4|Staggered2	zOTU	39	21	22	17	22	22	expected_present_features	21	graph	tip	tip	tip	tip	tip	tip	tip	tip	mapped_expected_features	22	100.0	100.0	100.0	100.0	100.0	100.0	100.0	100.0	22.0	0.0	0	0.0	0.4358974358974359	1.0	mapped_inferred_features	22			0.0	0.0	0.7058823529411765	12.0	17.0		0.0	0.00618705885827353	0.004722739040981266	0.7633253778838504
mock-4	Staggered2	mock-4|Staggered2	zOTU	39	21	22	17	22	22	expected_present_features	21	graph	species	species	species	species	species	species	species	species	mapped_expected_features	20	100.0	100.0	100.0	100.0	100.0	100.0	100.0	100.0	22.0	0.0	2	0.1	0.4358974358974359	0.8636363636363636	mapped_inferred_features	22			0.0	0.0	0.7058823529411765	12.0	17.0		0.0	0.00618705885827353	0.004722739040981266	0.7633253778838504
mock-4	Even1	mock-4|Even1	OTU	22	21	20	2	19	20	expected_present_features	21	graph	tip	tip	tip	tip	tip	tip	tip	tip	mapped_expected_features	19	100.0	100.0	97.0	97.0	100.0	97.0	97.0	100.0	19.0	4.0	0	0.0	0.09090909090909091	1.0	mapped_inferred_features	19			0.0	0.0	1.0	2.0	2.0		0.19047619047619047	4.4036567966039e-05	4.4036567966039e-05	1.0
mock-4	Even1	mock-4|Even1	OTU	22	21	20	2	19	20	expected_present_features	21	graph	species	species	species	species	species	species	species	species	mapped_expected_features	19	100.0	100.0	97.0	97.0	100.0	97.0	97.0	100.0	19.0	1.0	0	0.0	0.09090909090909091	1.0	mapped_inferred_features	19			0.0	0.0	1.0	2.0	2.0		0.047619047619047616	4.4036567966039e-05	4.4036567966039e-05	1.0
mock-4	Even2	mock-4|Even2	OTU	23	21	20	3	19	20	expected_present_features	21	graph	tip	tip	tip	tip	tip	tip	tip	tip	mapped_expected_features	19	100.0	100.0	97.0	97.0	100.0	97.0	97.0	100.0	19.0	4.0	0	0.0	0.13043478260869565	1.0	mapped_inferred_features	19			0.0	0.0	1.0	3.0	3.0		0.19047619047619047	5.534646889528446e-05	5.534646889528446e-05	1.0
mock-4	Even2	mock-4|Even2	OTU	23	21	20	3	19	20	expected_present_features	21	graph	species	species	species	species	species	species	species	species	mapped_expected_features	19	100.0	100.0	97.0	97.0	100.0	97.0	97.0	100.0	19.0	1.0	0	0.0	0.13043478260869565	1.0	mapped_inferred_features	19			0.0	0.0	1.0	3.0	3.0		0.047619047619047616	5.534646889528446e-05	5.534646889528446e-05	1.0
mock-4	Staggered1	mock-4|Staggered1	OTU	23	21	20	3	19	20	expected_present_features	21	graph	tip	tip	tip	tip	tip	tip	tip	tip	mapped_expected_features	19	100.0	100.0	97.0	97.0	100.0	97.0	97.0	100.0	19.0	4.0	0	0.0	0.13043478260869565	1.0	mapped_inferred_features	19			0.0	0.0	1.0	3.0	3.0		0.19047619047619047	0.0001208808287715211	0.0001208808287715211	1.0
mock-4	Staggered1	mock-4|Staggered1	OTU	23	21	20	3	19	20	expected_present_features	21	graph	species	species	species	species	species	species	species	species	mapped_expected_features	19	100.0	100.0	97.0	97.0	100.0	97.0	97.0	100.0	19.0	1.0	0	0.0	0.13043478260869565	1.0	mapped_inferred_features	19			0.0	0.0	1.0	3.0	3.0		0.047619047619047616	0.0001208808287715211	0.0001208808287715211	1.0
mock-4	Staggered2	mock-4|Staggered2	OTU	23	21	20	3	19	20	expected_present_features	21	graph	tip	tip	tip	tip	tip	tip	tip	tip	mapped_expected_features	19	100.0	100.0	97.0	97.0	100.0	97.0	97.0	100.0	19.0	4.0	0	0.0	0.13043478260869565	1.0	mapped_inferred_features	19			0.0	0.0	1.0	3.0	3.0		0.19047619047619047	0.00011604379542219575	0.00011604379542219575	1.0
mock-4	Staggered2	mock-4|Staggered2	OTU	23	21	20	3	19	20	expected_present_features	21	graph	species	species	species	species	species	species	species	species	mapped_expected_features	19	100.0	100.0	97.0	97.0	100.0	97.0	97.0	100.0	19.0	1.0	0	0.0	0.13043478260869565	1.0	mapped_inferred_features	19			0.0	0.0	1.0	3.0	3.0		0.047619047619047616	0.00011604379542219575	0.00011604379542219575	1.0
mock-4	Even1	mock-4|Even1	TIC	30	21	19	11	19	19	expected_present_features	21	graph	tip	tip	tip	tip	tip	tip	tip	tip	mapped_expected_features	19	100.0	100.0	98.7	98.7	100.0	98.7	98.7	100.0	19.0	3.0	0	0.0	0.36666666666666664	1.0	mapped_inferred_features	19	0.6	0.6277777777777778	18.0	30.0	1.0	11.0	11.0		0.14285714285714285	0.003429565388854265	0.003429565388854265	1.0
mock-4	Even1	mock-4|Even1	TIC	30	21	19	11	19	19	expected_present_features	21	graph	species	species	species	species	species	species	species	species	mapped_expected_features	19	100.0	100.0	98.7	98.7	100.0	98.7	98.7	100.0	19.0	0.0	0	0.0	0.36666666666666664	1.0	mapped_inferred_features	19	0.6666666666666666	0.6666666666666666	20.0	30.0	1.0	11.0	11.0		0.0	0.003429565388854265	0.003429565388854265	1.0
mock-4	Even2	mock-4|Even2	TIC	31	21	19	12	19	19	expected_present_features	21	graph	tip	tip	tip	tip	tip	tip	tip	tip	mapped_expected_features	19	100.0	100.0	98.7	98.7	100.0	98.7	98.7	100.0	19.0	3.0	0	0.0	0.3870967741935484	1.0	mapped_inferred_features	19	0.5806451612903226	0.6075268817204301	18.0	31.0	1.0	12.0	12.0		0.14285714285714285	0.003730910531302357	0.003730910531302357	1.0
mock-4	Even2	mock-4|Even2	TIC	31	21	19	12	19	19	expected_present_features	21	graph	species	species	species	species	species	species	species	species	mapped_expected_features	19	100.0	100.0	98.7	98.7	100.0	98.7	98.7	100.0	19.0	0.0	0	0.0	0.3870967741935484	1.0	mapped_inferred_features	19	0.6451612903225806	0.6451612903225806	20.0	31.0	1.0	12.0	12.0		0.0	0.003730910531302357	0.003730910531302357	1.0
mock-4	Staggered1	mock-4|Staggered1	TIC	31	21	19	12	19	19	expected_present_features	21	graph	tip	tip	tip	tip	tip	tip	tip	tip	mapped_expected_features	19	100.0	100.0	98.7	98.7	100.0	98.7	98.7	100.0	19.0	3.0	0	0.0	0.3870967741935484	1.0	mapped_inferred_features	19	0.5806451612903226	0.6075268817204301	18.0	31.0	1.0	12.0	12.0		0.14285714285714285	0.036380142909691396	0.036380142909691396	1.0
mock-4	Staggered1	mock-4|Staggered1	TIC	31	21	19	12	19	19	expected_present_features	21	graph	species	species	species	species	species	species	species	species	mapped_expected_features	19	100.0	100.0	98.7	98.7	100.0	98.7	98.7	100.0	19.0	0.0	0	0.0	0.3870967741935484	1.0	mapped_inferred_features	19	0.6451612903225806	0.6451612903225806	20.0	31.0	1.0	12.0	12.0		0.0	0.036380142909691396	0.036380142909691396	1.0
mock-4	Staggered2	mock-4|Staggered2	TIC	31	21	19	12	19	19	expected_present_features	21	graph	tip	tip	tip	tip	tip	tip	tip	tip	mapped_expected_features	19	100.0	100.0	98.7	98.7	100.0	98.7	98.7	100.0	19.0	3.0	0	0.0	0.3870967741935484	1.0	mapped_inferred_features	19	0.5806451612903226	0.6075268817204301	18.0	31.0	1.0	12.0	12.0		0.14285714285714285	0.03718757075494915	0.03718757075494915	1.0
mock-4	Staggered2	mock-4|Staggered2	TIC	31	21	19	12	19	19	expected_present_features	21	graph	species	species	species	species	species	species	species	species	mapped_expected_features	19	100.0	100.0	98.7	98.7	100.0	98.7	98.7	100.0	19.0	0.0	0	0.0	0.3870967741935484	1.0	mapped_inferred_features	19	0.6451612903225806	0.6451612903225806	20.0	31.0	1.0	12.0	12.0		0.0	0.03718757075494915	0.03718757075494915	1.0
mock-4	Even1	mock-4|Even1	TAC	30	21	20	10	20	20	expected_present_features	21	graph	tip	tip	tip	tip	tip	tip	tip	tip	mapped_expected_features	20	100.0	100.0	98.7	98.7	100.0	98.7	98.7	100.0	20.0	3.0	0	0.0	0.3333333333333333	1.0	mapped_inferred_features	20	0.6	0.6361111111111112	18.0	30.0	0.8	8.0	10.0		0.14285714285714285	0.0008345041038587893	0.0007130256583603579	0.8544303797468354
mock-4	Even1	mock-4|Even1	TAC	30	21	20	10	20	20	expected_present_features	21	graph	species	species	species	species	species	species	species	species	mapped_expected_features	20	100.0	100.0	98.7	98.7	100.0	98.7	98.7	100.0	20.0	0.0	0	0.0	0.3333333333333333	1.0	mapped_inferred_features	20	0.6666666666666666	0.675	20.0	30.0	0.8	8.0	10.0		0.0	0.0008345041038587893	0.0007130256583603579	0.8544303797468354
mock-4	Even2	mock-4|Even2	TAC	31	21	20	11	20	20	expected_present_features	21	graph	tip	tip	tip	tip	tip	tip	tip	tip	mapped_expected_features	20	100.0	100.0	98.7	98.7	100.0	98.7	98.7	100.0	20.0	3.0	0	0.0	0.3548387096774194	1.0	mapped_inferred_features	20	0.5806451612903226	0.6155913978494625	18.0	31.0	0.8181818181818182	9.0	11.0		0.14285714285714285	0.0010206029765207787	0.0008546657792892536	0.8374125874125875
mock-4	Even2	mock-4|Even2	TAC	31	21	20	11	20	20	expected_present_features	21	graph	species	species	species	species	species	species	species	species	mapped_expected_features	20	100.0	100.0	98.7	98.7	100.0	98.7	98.7	100.0	20.0	0.0	0	0.0	0.3548387096774194	1.0	mapped_inferred_features	20	0.6451612903225806	0.6532258064516129	20.0	31.0	0.8181818181818182	9.0	11.0		0.0	0.0010206029765207787	0.0008546657792892536	0.8374125874125875
mock-4	Staggered1	mock-4|Staggered1	TAC	31	21	20	11	20	20	expected_present_features	21	graph	tip	tip	tip	tip	tip	tip	tip	tip	mapped_expected_features	20	100.0	100.0	98.7	98.7	100.0	98.7	98.7	100.0	20.0	3.0	0	0.0	0.3548387096774194	1.0	mapped_inferred_features	20	0.5806451612903226	0.6155913978494625	18.0	31.0	0.8181818181818182	9.0	11.0		0.14285714285714285	0.005583339203118031	0.004182417255601732	0.7490888701990469
mock-4	Staggered1	mock-4|Staggered1	TAC	31	21	20	11	20	20	expected_present_features	21	graph	species	species	species	species	species	species	species	species	mapped_expected_features	20	100.0	100.0	98.7	98.7	100.0	98.7	98.7	100.0	20.0	0.0	0	0.0	0.3548387096774194	1.0	mapped_inferred_features	20	0.6451612903225806	0.6532258064516129	20.0	31.0	0.8181818181818182	9.0	11.0		0.0	0.005583339203118031	0.004182417255601732	0.7490888701990469
mock-4	Staggered2	mock-4|Staggered2	TAC	31	21	20	11	20	20	expected_present_features	21	graph	tip	tip	tip	tip	tip	tip	tip	tip	mapped_expected_features	20	100.0	100.0	98.7	98.7	100.0	98.7	98.7	100.0	20.0	3.0	0	0.0	0.3548387096774194	1.0	mapped_inferred_features	20	0.5806451612903226	0.6155913978494625	18.0	31.0	0.8181818181818182	9.0	11.0		0.14285714285714285	0.00618705885827353	0.004722739040981266	0.7633253778838504
mock-4	Staggered2	mock-4|Staggered2	TAC	31	21	20	11	20	20	expected_present_features	21	graph	species	species	species	species	species	species	species	species	mapped_expected_features	20	100.0	100.0	98.7	98.7	100.0	98.7	98.7	100.0	20.0	0.0	0	0.0	0.3548387096774194	1.0	mapped_inferred_features	20	0.6451612903225806	0.6532258064516129	20.0	31.0	0.8181818181818182	9.0	11.0		0.0	0.00618705885827353	0.004722739040981266	0.7633253778838504
mock-5	Even1	mock-5|Even1	ASV	40	21	23	17	23	23	expected_present_features	21	graph	tip	tip	tip	tip	tip	tip	tip	tip	mapped_expected_features	23	100.0	100.0	100.0	100.0	100.0	100.0	100.0	100.0	23.0	0.0	0	0.0	0.425	1.0	mapped_inferred_features	23			0.0	0.0	0.0	0.0	17.0		0.0	0.010199578719448335	0.0	0.0
mock-5	Even1	mock-5|Even1	ASV	40	21	23	17	23	23	expected_present_features	21	graph	species	species	species	species	species	species	species	species	mapped_expected_features	20	100.0	100.0	100.0	100.0	100.0	100.0	100.0	100.0	23.0	0.0	3	0.15	0.425	0.782608695652174	mapped_inferred_features	23			0.0	0.0	0.0	0.0	17.0		0.0	0.010199578719448335	0.0	0.0
mock-5	Even2	mock-5|Even2	ASV	33	21	23	10	23	23	expected_present_features	21	graph	tip	tip	tip	tip	tip	tip	tip	tip	mapped_expected_features	23	100.0	100.0	100.0	100.0	100.0	100.0	100.0	100.0	23.0	0.0	0	0.0	0.30303030303030304	1.0	mapped_inferred_features	23			0.0	0.0	0.2	2.0	10.0		0.0	0.005334079329106721	2.200268432748717e-05	0.004124926340600915
mock-5	Even2	mock-5|Even2	ASV	33	21	23	10	23	23	expected_present_features	21	graph	species	species	species	species	species	species	species	species	mapped_expected_features	20	100.0	100.0	100.0	100.0	100.0	100.0	100.0	100.0	23.0	0.0	3	0.15	0.30303030303030304	0.782608695652174	mapped_inferred_features	23			0.0	0.0	0.2	2.0	10.0		0.0	0.005334079329106721	2.200268432748717e-05	0.004124926340600915
mock-5	Staggered1	mock-5|Staggered1	ASV	34	21	19	15	19	19	expected_present_features	21	graph	tip	tip	tip	tip	tip	tip	tip	tip	mapped_expected_features	19	100.0	100.0	100.0	100.0	100.0	100.0	100.0	100.0	19.0	0.0	0	0.0	0.4411764705882353	1.0	mapped_inferred_features	19			0.0	0.0	0.13333333333333333	2.0	15.0		0.0	0.013240892838684527	3.98521981600751e-05	0.003009781790820262
mock-5	Staggered1	mock-5|Staggered1	ASV	34	21	19	15	19	19	expected_present_features	21	graph	species	species	species	species	species	species	species	species	mapped_expected_features	18	100.0	100.0	100.0	100.0	100.0	100.0	100.0	100.0	19.0	0.0	1	0.05555555555555555	0.4411764705882353	0.8947368421052632	mapped_inferred_features	19			0.0	0.0	0.13333333333333333	2.0	15.0		0.0	0.013240892838684527	3.98521981600751e-05	0.003009781790820262
mock-5	Staggered2	mock-5|Staggered2	ASV	36	21	19	17	19	19	expected_present_features	21	graph	tip	tip	tip	tip	tip	tip	tip	tip	mapped_expected_features	19	100.0	100.0	100.0	100.0	100.0	100.0	100.0	100.0	19.0	0.0	0	0.0	0.4722222222222222	1.0	mapped_inferred_features	19			0.0	0.0	0.11764705882352941	2.0	17.0		0.0	0.009232140832183064	3.616997149415331e-05	0.0039178314273614085
mock-5	Staggered2	mock-5|Staggered2	ASV	36	21	19	17	19	19	expected_present_features	21	graph	species	species	species	species	species	species	species	species	mapped_expected_features	18	100.0	100.0	100.0	100.0	100.0	100.0	100.0	100.0	19.0	0.0	1	0.05555555555555555	0.4722222222222222	0.8947368421052632	mapped_inferred_features	19			0.0	0.0	0.11764705882352941	2.0	17.0		0.0	0.009232140832183064	3.616997149415331e-05	0.0039178314273614085
mock-5	Even1	mock-5|Even1	zOTU	25	21	22	3	22	22	expected_present_features	21	graph	tip	tip	tip	tip	tip	tip	tip	tip	mapped_expected_features	22	100.0	100.0	100.0	100.0	100.0	100.0	100.0	100.0	22.0	0.0	0	0.0	0.12	1.0	mapped_inferred_features	22			0.0	0.0	1.0	3.0	3.0		0.0	1.7585298690294908e-05	1.7585298690294908e-05	1.0
mock-5	Even1	mock-5|Even1	zOTU	25	21	22	3	22	22	expected_present_features	21	graph	species	species	species	species	species	species	species	species	mapped_expected_features	20	100.0	100.0	100.0	100.0	100.0	100.0	100.0	100.0	22.0	0.0	2	0.1	0.12	0.8636363636363636	mapped_inferred_features	22			0.0	0.0	1.0	3.0	3.0		0.0	1.7585298690294908e-05	1.7585298690294908e-05	1.0
mock-5	Even2	mock-5|Even2	zOTU	25	21	22	3	22	22	expected_present_features	21	graph	tip	tip	tip	tip	tip	tip	tip	tip	mapped_expected_features	22	100.0	100.0	100.0	100.0	100.0	100.0	100.0	100.0	22.0	0.0	0	0.0	0.12	1.0	mapped_inferred_features	22			0.0	0.0	1.0	3.0	3.0		0.0	2.0473424314081215e-05	2.0473424314081215e-05	1.0
mock-5	Even2	mock-5|Even2	zOTU	25	21	22	3	22	22	expected_present_features	21	graph	species	species	species	species	species	species	species	species	mapped_expected_features	20	100.0	100.0	100.0	100.0	100.0	100.0	100.0	100.0	22.0	0.0	2	0.1	0.12	0.8636363636363636	mapped_inferred_features	22			0.0	0.0	1.0	3.0	3.0		0.0	2.0473424314081215e-05	2.0473424314081215e-05	1.0
mock-5	Staggered1	mock-5|Staggered1	zOTU	24	21	22	2	22	22	expected_present_features	21	graph	tip	tip	tip	tip	tip	tip	tip	tip	mapped_expected_features	22	100.0	100.0	100.0	100.0	100.0	100.0	100.0	100.0	22.0	0.0	0	0.0	0.08333333333333333	1.0	mapped_inferred_features	22			0.0	0.0	1.0	2.0	2.0		0.0	6.313015605367285e-05	6.313015605367285e-05	1.0
mock-5	Staggered1	mock-5|Staggered1	zOTU	24	21	22	2	22	22	expected_present_features	21	graph	species	species	species	species	species	species	species	species	mapped_expected_features	20	100.0	100.0	100.0	100.0	100.0	100.0	100.0	100.0	22.0	0.0	2	0.1	0.08333333333333333	0.8636363636363636	mapped_inferred_features	22			0.0	0.0	1.0	2.0	2.0		0.0	6.313015605367285e-05	6.313015605367285e-05	1.0
mock-5	Staggered2	mock-5|Staggered2	zOTU	24	21	22	2	22	22	expected_present_features	21	graph	tip	tip	tip	tip	tip	tip	tip	tip	mapped_expected_features	22	100.0	100.0	100.0	100.0	100.0	100.0	100.0	100.0	22.0	0.0	0	0.0	0.08333333333333333	1.0	mapped_inferred_features	22			0.0	0.0	1.0	2.0	2.0		0.0	5.3708937838618066e-05	5.3708937838618066e-05	1.0
mock-5	Staggered2	mock-5|Staggered2	zOTU	24	21	22	2	22	22	expected_present_features	21	graph	species	species	species	species	species	species	species	species	mapped_expected_features	20	100.0	100.0	100.0	100.0	100.0	100.0	100.0	100.0	22.0	0.0	2	0.1	0.08333333333333333	0.8636363636363636	mapped_inferred_features	22			0.0	0.0	1.0	2.0	2.0		0.0	5.3708937838618066e-05	5.3708937838618066e-05	1.0
mock-5	Even1	mock-5|Even1	OTU	23	21	20	3	19	20	expected_present_features	21	graph	tip	tip	tip	tip	tip	tip	tip	tip	mapped_expected_features	19	100.0	100.0	97.0	97.0	100.0	97.0	97.0	100.0	19.0	4.0	0	0.0	0.13043478260869565	1.0	mapped_inferred_features	19			0.0	0.0	1.0	3.0	3.0		0.19047619047619047	1.758479267129785e-05	1.758479267129785e-05	1.0
mock-5	Even1	mock-5|Even1	OTU	23	21	20	3	19	20	expected_present_features	21	graph	species	species	species	species	species	species	species	species	mapped_expected_features	19	100.0	100.0	97.0	97.0	100.0	97.0	97.0	100.0	19.0	1.0	0	0.0	0.13043478260869565	1.0	mapped_inferred_features	19			0.0	0.0	1.0	3.0	3.0		0.047619047619047616	1.758479267129785e-05	1.758479267129785e-05	1.0
mock-5	Even2	mock-5|Even2	OTU	23	21	20	3	19	20	expected_present_features	21	graph	tip	tip	tip	tip	tip	tip	tip	tip	mapped_expected_features	19	100.0	100.0	97.0	97.0	100.0	97.0	97.0	100.0	19.0	4.0	0	0.0	0.13043478260869565	1.0	mapped_inferred_features	19			0.0	0.0	1.0	3.0	3.0		0.19047619047619047	2.0473214735675027e-05	2.0473214735675027e-05	1.0
mock-5	Even2	mock-5|Even2	OTU	23	21	20	3	19	20	expected_present_features	21	graph	species	species	species	species	species	species	species	species	mapped_expected_features	19	100.0	100.0	97.0	97.0	100.0	97.0	97.0	100.0	19.0	1.0	0	0.0	0.13043478260869565	1.0	mapped_inferred_features	19			0.0	0.0	1.0	3.0	3.0		0.047619047619047616	2.0473214735675027e-05	2.0473214735675027e-05	1.0
mock-5	Staggered1	mock-5|Staggered1	OTU	22	21	20	2	19	20	expected_present_features	21	graph	tip	tip	tip	tip	tip	tip	tip	tip	mapped_expected_features	19	100.0	100.0	97.0	97.0	100.0	97.0	97.0	100.0	19.0	4.0	0	0.0	0.09090909090909091	1.0	mapped_inferred_features	19			0.0	0.0	1.0	2.0	2.0		0.19047619047619047	6.313019890764391e-05	6.313019890764391e-05	1.0
mock-5	Staggered1	mock-5|Staggered1	OTU	22	21	20	2	19	20	expected_present_features	21	graph	species	species	species	species	species	species	species	species	mapped_expected_features	19	100.0	100.0	97.0	97.0	100.0	97.0	97.0	100.0	19.0	1.0	0	0.0	0.09090909090909091	1.0	mapped_inferred_features	19			0.0	0.0	1.0	2.0	2.0		0.047619047619047616	6.313019890764391e-05	6.313019890764391e-05	1.0
mock-5	Staggered2	mock-5|Staggered2	OTU	22	21	20	2	19	20	expected_present_features	21	graph	tip	tip	tip	tip	tip	tip	tip	tip	mapped_expected_features	19	100.0	100.0	97.0	97.0	100.0	97.0	97.0	100.0	19.0	4.0	0	0.0	0.09090909090909091	1.0	mapped_inferred_features	19			0.0	0.0	1.0	2.0	2.0		0.19047619047619047	5.370888236463682e-05	5.370888236463682e-05	1.0
mock-5	Staggered2	mock-5|Staggered2	OTU	22	21	20	2	19	20	expected_present_features	21	graph	species	species	species	species	species	species	species	species	mapped_expected_features	19	100.0	100.0	97.0	97.0	100.0	97.0	97.0	100.0	19.0	1.0	0	0.0	0.09090909090909091	1.0	mapped_inferred_features	19			0.0	0.0	1.0	2.0	2.0		0.047619047619047616	5.370888236463682e-05	5.370888236463682e-05	1.0
mock-5	Even1	mock-5|Even1	TIC	23	21	20	3	20	20	expected_present_features	21	graph	tip	tip	tip	tip	tip	tip	tip	tip	mapped_expected_features	20	100.0	100.0	98.7	98.7	100.0	98.7	98.7	100.0	20.0	3.0	0	0.0	0.13043478260869565	1.0	mapped_inferred_features	20	0.782608695652174	0.818840579710145	18.0	23.0	1.0	3.0	3.0		0.14285714285714285	1.7585298690294905e-05	1.7585298690294905e-05	1.0
mock-5	Even1	mock-5|Even1	TIC	23	21	20	3	20	20	expected_present_features	21	graph	species	species	species	species	species	species	species	species	mapped_expected_features	20	100.0	100.0	98.7	98.7	100.0	98.7	98.7	100.0	20.0	0.0	0	0.0	0.13043478260869565	1.0	mapped_inferred_features	20	0.8695652173913043	0.8695652173913043	20.0	23.0	1.0	3.0	3.0		0.0	1.7585298690294905e-05	1.7585298690294905e-05	1.0
mock-5	Even2	mock-5|Even2	TIC	23	21	20	3	20	20	expected_present_features	21	graph	tip	tip	tip	tip	tip	tip	tip	tip	mapped_expected_features	20	100.0	100.0	98.7	98.7	100.0	98.7	98.7	100.0	20.0	3.0	0	0.0	0.13043478260869565	1.0	mapped_inferred_features	20	0.782608695652174	0.818840579710145	18.0	23.0	1.0	3.0	3.0		0.14285714285714285	2.0473424314081215e-05	2.0473424314081215e-05	1.0
mock-5	Even2	mock-5|Even2	TIC	23	21	20	3	20	20	expected_present_features	21	graph	species	species	species	species	species	species	species	species	mapped_expected_features	20	100.0	100.0	98.7	98.7	100.0	98.7	98.7	100.0	20.0	0.0	0	0.0	0.13043478260869565	1.0	mapped_inferred_features	20	0.8695652173913043	0.8695652173913043	20.0	23.0	1.0	3.0	3.0		0.0	2.0473424314081215e-05	2.0473424314081215e-05	1.0
mock-5	Staggered1	mock-5|Staggered1	TIC	22	21	20	2	20	20	expected_present_features	21	graph	tip	tip	tip	tip	tip	tip	tip	tip	mapped_expected_features	20	100.0	100.0	98.7	98.7	100.0	98.7	98.7	100.0	20.0	3.0	0	0.0	0.09090909090909091	1.0	mapped_inferred_features	20	0.8181818181818182	0.8560606060606062	18.0	22.0	1.0	2.0	2.0		0.14285714285714285	6.313015605367283e-05	6.313015605367283e-05	1.0
mock-5	Staggered1	mock-5|Staggered1	TIC	22	21	20	2	20	20	expected_present_features	21	graph	species	species	species	species	species	species	species	species	mapped_expected_features	20	100.0	100.0	98.7	98.7	100.0	98.7	98.7	100.0	20.0	0.0	0	0.0	0.09090909090909091	1.0	mapped_inferred_features	20	0.9090909090909091	0.9090909090909091	20.0	22.0	1.0	2.0	2.0		0.0	6.313015605367283e-05	6.313015605367283e-05	1.0
mock-5	Staggered2	mock-5|Staggered2	TIC	22	21	20	2	20	20	expected_present_features	21	graph	tip	tip	tip	tip	tip	tip	tip	tip	mapped_expected_features	20	100.0	100.0	98.7	98.7	100.0	98.7	98.7	100.0	20.0	3.0	0	0.0	0.09090909090909091	1.0	mapped_inferred_features	20	0.8181818181818182	0.8560606060606062	18.0	22.0	1.0	2.0	2.0		0.14285714285714285	5.370893783861805e-05	5.370893783861805e-05	1.0
mock-5	Staggered2	mock-5|Staggered2	TIC	22	21	20	2	20	20	expected_present_features	21	graph	species	species	species	species	species	species	species	species	mapped_expected_features	20	100.0	100.0	98.7	98.7	100.0	98.7	98.7	100.0	20.0	0.0	0	0.0	0.09090909090909091	1.0	mapped_inferred_features	20	0.9090909090909091	0.9090909090909091	20.0	22.0	1.0	2.0	2.0		0.0	5.370893783861805e-05	5.370893783861805e-05	1.0
mock-5	Even1	mock-5|Even1	TAC	23	21	20	3	20	20	expected_present_features	21	graph	tip	tip	tip	tip	tip	tip	tip	tip	mapped_expected_features	20	100.0	100.0	98.7	98.7	100.0	98.7	98.7	100.0	20.0	3.0	0	0.0	0.13043478260869565	1.0	mapped_inferred_features	20	0.782608695652174	0.818840579710145	18.0	23.0	1.0	3.0	3.0		0.14285714285714285	1.7585298690294905e-05	1.7585298690294905e-05	1.0
mock-5	Even1	mock-5|Even1	TAC	23	21	20	3	20	20	expected_present_features	21	graph	species	species	species	species	species	species	species	species	mapped_expected_features	20	100.0	100.0	98.7	98.7	100.0	98.7	98.7	100.0	20.0	0.0	0	0.0	0.13043478260869565	1.0	mapped_inferred_features	20	0.8695652173913043	0.8695652173913043	20.0	23.0	1.0	3.0	3.0		0.0	1.7585298690294905e-05	1.7585298690294905e-05	1.0
mock-5	Even2	mock-5|Even2	TAC	23	21	20	3	20	20	expected_present_features	21	graph	tip	tip	tip	tip	tip	tip	tip	tip	mapped_expected_features	20	100.0	100.0	98.7	98.7	100.0	98.7	98.7	100.0	20.0	3.0	0	0.0	0.13043478260869565	1.0	mapped_inferred_features	20	0.782608695652174	0.818840579710145	18.0	23.0	1.0	3.0	3.0		0.14285714285714285	2.047342431408121e-05	2.047342431408121e-05	1.0
mock-5	Even2	mock-5|Even2	TAC	23	21	20	3	20	20	expected_present_features	21	graph	species	species	species	species	species	species	species	species	mapped_expected_features	20	100.0	100.0	98.7	98.7	100.0	98.7	98.7	100.0	20.0	0.0	0	0.0	0.13043478260869565	1.0	mapped_inferred_features	20	0.8695652173913043	0.8695652173913043	20.0	23.0	1.0	3.0	3.0		0.0	2.047342431408121e-05	2.047342431408121e-05	1.0
mock-5	Staggered1	mock-5|Staggered1	TAC	22	21	20	2	20	20	expected_present_features	21	graph	tip	tip	tip	tip	tip	tip	tip	tip	mapped_expected_features	20	100.0	100.0	98.7	98.7	100.0	98.7	98.7	100.0	20.0	3.0	0	0.0	0.09090909090909091	1.0	mapped_inferred_features	20	0.8181818181818182	0.8560606060606062	18.0	22.0	1.0	2.0	2.0		0.14285714285714285	6.313015605367285e-05	6.313015605367285e-05	1.0
mock-5	Staggered1	mock-5|Staggered1	TAC	22	21	20	2	20	20	expected_present_features	21	graph	species	species	species	species	species	species	species	species	mapped_expected_features	20	100.0	100.0	98.7	98.7	100.0	98.7	98.7	100.0	20.0	0.0	0	0.0	0.09090909090909091	1.0	mapped_inferred_features	20	0.9090909090909091	0.9090909090909091	20.0	22.0	1.0	2.0	2.0		0.0	6.313015605367285e-05	6.313015605367285e-05	1.0
mock-5	Staggered2	mock-5|Staggered2	TAC	22	21	20	2	20	20	expected_present_features	21	graph	tip	tip	tip	tip	tip	tip	tip	tip	mapped_expected_features	20	100.0	100.0	98.7	98.7	100.0	98.7	98.7	100.0	20.0	3.0	0	0.0	0.09090909090909091	1.0	mapped_inferred_features	20	0.8181818181818182	0.8560606060606062	18.0	22.0	1.0	2.0	2.0		0.14285714285714285	5.370893783861805e-05	5.370893783861805e-05	1.0
mock-5	Staggered2	mock-5|Staggered2	TAC	22	21	20	2	20	20	expected_present_features	21	graph	species	species	species	species	species	species	species	species	mapped_expected_features	20	100.0	100.0	98.7	98.7	100.0	98.7	98.7	100.0	20.0	0.0	0	0.0	0.09090909090909091	1.0	mapped_inferred_features	20	0.9090909090909091	0.9090909090909091	20.0	22.0	1.0	2.0	2.0		0.0	5.370893783861805e-05	5.370893783861805e-05	1.0
mock-ZIEL_1	SRR13005984	mock-ZIEL_1|SRR13005984	ASV	18	13	10	8	10	10	expected_present_features	13	graph	tip	tip	tip	tip	tip	tip	tip	tip	mapped_expected_features	10	100.0	100.0	100.0	100.0	100.0	100.0	100.0	100.0	10.0	0.0	0	0.0	0.4444444444444444	1.0	mapped_inferred_features	10			0.0	0.0	0.25	2.0	8.0		0.0	0.2953326180257511	0.13444206008583692	0.4552225249772934
mock-ZIEL_1	SRR13005984	mock-ZIEL_1|SRR13005984	ASV	18	13	10	8	10	10	expected_present_features	13	graph	species	species	species	species	species	species	species	species	mapped_expected_features	10	100.0	100.0	100.0	100.0	100.0	100.0	100.0	100.0	10.0	0.0	0	0.0	0.4444444444444444	1.0	mapped_inferred_features	10			0.0	0.0	0.25	2.0	8.0		0.0	0.2953326180257511	0.13444206008583692	0.4552225249772934
mock-ZIEL_1	SRR13005985	mock-ZIEL_1|SRR13005985	ASV	18	13	10	8	10	10	expected_present_features	13	graph	tip	tip	tip	tip	tip	tip	tip	tip	mapped_expected_features	10	100.0	100.0	100.0	100.0	100.0	100.0	100.0	100.0	10.0	0.0	0	0.0	0.4444444444444444	1.0	mapped_inferred_features	10			0.0	0.0	0.25	2.0	8.0		0.0	0.2897208985704561	0.13614703880190604	0.46992481203007513
mock-ZIEL_1	SRR13005985	mock-ZIEL_1|SRR13005985	ASV	18	13	10	8	10	10	expected_present_features	13	graph	species	species	species	species	species	species	species	species	mapped_expected_features	10	100.0	100.0	100.0	100.0	100.0	100.0	100.0	100.0	10.0	0.0	0	0.0	0.4444444444444444	1.0	mapped_inferred_features	10			0.0	0.0	0.25	2.0	8.0		0.0	0.2897208985704561	0.13614703880190604	0.46992481203007513
mock-ZIEL_1	SRR13005984	mock-ZIEL_1|SRR13005984	zOTU	18	13	10	8	10	10	expected_present_features	13	graph	tip	tip	tip	tip	tip	tip	tip	tip	mapped_expected_features	10	100.0	100.0	100.0	100.0	100.0	100.0	100.0	100.0	10.0	0.0	0	0.0	0.4444444444444444	1.0	mapped_inferred_features	10			0.0	0.0	0.25	2.0	8.0		0.0	0.28419758605274925	0.12926538518849653	0.45484336085987687
mock-ZIEL_1	SRR13005984	mock-ZIEL_1|SRR13005984	zOTU	18	13	10	8	10	10	expected_present_features	13	graph	species	species	species	species	species	species	species	species	mapped_expected_features	10	100.0	100.0	100.0	100.0	100.0	100.0	100.0	100.0	10.0	0.0	0	0.0	0.4444444444444444	1.0	mapped_inferred_features	10			0.0	0.0	0.25	2.0	8.0		0.0	0.28419758605274925	0.12926538518849653	0.45484336085987687
mock-ZIEL_1	SRR13005985	mock-ZIEL_1|SRR13005985	zOTU	18	13	10	8	10	10	expected_present_features	13	graph	tip	tip	tip	tip	tip	tip	tip	tip	mapped_expected_features	10	100.0	100.0	100.0	100.0	100.0	100.0	100.0	100.0	10.0	0.0	0	0.0	0.4444444444444444	1.0	mapped_inferred_features	10			0.0	0.0	0.25	2.0	8.0		0.0	0.28478357875948235	0.13431503792949573	0.47163898464431203
mock-ZIEL_1	SRR13005985	mock-ZIEL_1|SRR13005985	zOTU	18	13	10	8	10	10	expected_present_features	13	graph	species	species	species	species	species	species	species	species	mapped_expected_features	10	100.0	100.0	100.0	100.0	100.0	100.0	100.0	100.0	10.0	0.0	0	0.0	0.4444444444444444	1.0	mapped_inferred_features	10			0.0	0.0	0.25	2.0	8.0		0.0	0.28478357875948235	0.13431503792949573	0.47163898464431203
mock-ZIEL_1	SRR13005984	mock-ZIEL_1|SRR13005984	OTU	13	13	11	2	10	11	expected_present_features	13	graph	tip	tip	tip	tip	tip	tip	tip	tip	mapped_expected_features	10	100.0	100.0	97.0	97.0	100.0	97.0	97.0	100.0	10.0	0.0	0	0.0	0.15384615384615385	1.0	mapped_inferred_features	10			0.0	0.0	1.0	2.0	2.0		0.0	0.12928464977645304	0.12928464977645304	1.0
mock-ZIEL_1	SRR13005984	mock-ZIEL_1|SRR13005984	OTU	13	13	11	2	10	11	expected_present_features	13	graph	species	species	species	species	species	species	species	species	mapped_expected_features	10	100.0	100.0	97.0	97.0	100.0	97.0	97.0	100.0	10.0	0.0	0	0.0	0.15384615384615385	1.0	mapped_inferred_features	10			0.0	0.0	1.0	2.0	2.0		0.0	0.12928464977645304	0.12928464977645304	1.0
mock-ZIEL_1	SRR13005985	mock-ZIEL_1|SRR13005985	OTU	13	13	11	2	10	11	expected_present_features	13	graph	tip	tip	tip	tip	tip	tip	tip	tip	mapped_expected_features	10	100.0	100.0	97.0	97.0	100.0	97.0	97.0	100.0	10.0	0.0	0	0.0	0.15384615384615385	1.0	mapped_inferred_features	10			0.0	0.0	1.0	2.0	2.0		0.0	0.13432103172832344	0.13432103172832344	1.0
mock-ZIEL_1	SRR13005985	mock-ZIEL_1|SRR13005985	OTU	13	13	11	2	10	11	expected_present_features	13	graph	species	species	species	species	species	species	species	species	mapped_expected_features	10	100.0	100.0	97.0	97.0	100.0	97.0	97.0	100.0	10.0	0.0	0	0.0	0.15384615384615385	1.0	mapped_inferred_features	10			0.0	0.0	1.0	2.0	2.0		0.0	0.13432103172832344	0.13432103172832344	1.0
mock-ZIEL_1	SRR13005984	mock-ZIEL_1|SRR13005984	TIC	13	13	11	2	9	11	expected_present_features	13	graph	tip	tip	tip	tip	tip	tip	tip	tip	mapped_expected_features	9	100.0	100.0	98.7	98.7	100.0	98.7	98.7	100.0	9.0	0.0	0	0.0	0.15384615384615385	1.0	mapped_inferred_features	9	0.8461538461538461	0.8461538461538461	11.0	13.0	1.0	2.0	2.0		0.0	0.1292653851884965	0.1292653851884965	1.0
mock-ZIEL_1	SRR13005984	mock-ZIEL_1|SRR13005984	TIC	13	13	11	2	9	11	expected_present_features	13	graph	species	species	species	species	species	species	species	species	mapped_expected_features	9	100.0	100.0	98.7	98.7	100.0	98.7	98.7	100.0	9.0	0.0	0	0.0	0.15384615384615385	1.0	mapped_inferred_features	9	0.8461538461538461	0.8461538461538461	11.0	13.0	1.0	2.0	2.0		0.0	0.1292653851884965	0.1292653851884965	1.0
mock-ZIEL_1	SRR13005985	mock-ZIEL_1|SRR13005985	TIC	13	13	11	2	9	11	expected_present_features	13	graph	tip	tip	tip	tip	tip	tip	tip	tip	mapped_expected_features	9	100.0	100.0	98.7	98.7	100.0	98.7	98.7	100.0	9.0	0.0	0	0.0	0.15384615384615385	1.0	mapped_inferred_features	9	0.8461538461538461	0.8461538461538461	11.0	13.0	1.0	2.0	2.0		0.0	0.13431503792949573	0.13431503792949573	1.0
mock-ZIEL_1	SRR13005985	mock-ZIEL_1|SRR13005985	TIC	13	13	11	2	9	11	expected_present_features	13	graph	species	species	species	species	species	species	species	species	mapped_expected_features	9	100.0	100.0	98.7	98.7	100.0	98.7	98.7	100.0	9.0	0.0	0	0.0	0.15384615384615385	1.0	mapped_inferred_features	9	0.8461538461538461	0.8461538461538461	11.0	13.0	1.0	2.0	2.0		0.0	0.13431503792949573	0.13431503792949573	1.0
mock-ZIEL_1	SRR13005984	mock-ZIEL_1|SRR13005984	TAC	13	13	11	2	8	11	expected_present_features	13	graph	tip	tip	tip	tip	tip	tip	tip	tip	mapped_expected_features	8	100.0	100.0	98.7	98.7	100.0	98.7	98.7	100.0	8.0	0.0	0	0.0	0.15384615384615385	1.0	mapped_inferred_features	8	0.8461538461538461	0.8461538461538461	11.0	13.0	1.0	2.0	2.0		0.0	0.12926538518849653	0.12926538518849653	1.0
mock-ZIEL_1	SRR13005984	mock-ZIEL_1|SRR13005984	TAC	13	13	11	2	8	11	expected_present_features	13	graph	species	species	species	species	species	species	species	species	mapped_expected_features	8	100.0	100.0	98.7	98.7	100.0	98.7	98.7	100.0	8.0	0.0	0	0.0	0.15384615384615385	1.0	mapped_inferred_features	8	0.8461538461538461	0.8461538461538461	11.0	13.0	1.0	2.0	2.0		0.0	0.12926538518849653	0.12926538518849653	1.0
mock-ZIEL_1	SRR13005985	mock-ZIEL_1|SRR13005985	TAC	13	13	11	2	8	11	expected_present_features	13	graph	tip	tip	tip	tip	tip	tip	tip	tip	mapped_expected_features	8	100.0	100.0	98.7	98.7	100.0	98.7	98.7	100.0	8.0	0.0	0	0.0	0.15384615384615385	1.0	mapped_inferred_features	8	0.8461538461538461	0.8461538461538461	11.0	13.0	1.0	2.0	2.0		0.0	0.13431503792949576	0.13431503792949576	1.0
mock-ZIEL_1	SRR13005985	mock-ZIEL_1|SRR13005985	TAC	13	13	11	2	8	11	expected_present_features	13	graph	species	species	species	species	species	species	species	species	mapped_expected_features	8	100.0	100.0	98.7	98.7	100.0	98.7	98.7	100.0	8.0	0.0	0	0.0	0.15384615384615385	1.0	mapped_inferred_features	8	0.8461538461538461	0.8461538461538461	11.0	13.0	1.0	2.0	2.0		0.0	0.13431503792949576	0.13431503792949576	1.0
mock-ZIEL_2	SRR13005964	mock-ZIEL_2|SRR13005964	ASV	26	19	18	8	18	18	expected_present_features	19	graph	tip	tip	tip	tip	tip	tip	tip	tip	mapped_expected_features	18	100.0	100.0	100.0	100.0	100.0	100.0	100.0	100.0	18.0	0.0	0	0.0	0.3076923076923077	1.0	mapped_inferred_features	18			0.0	0.0	0.125	1.0	8.0		0.0	0.08502231835856913	3.7509846334660146e-05	0.0004411764705882035
mock-ZIEL_2	SRR13005964	mock-ZIEL_2|SRR13005964	ASV	26	19	18	8	18	18	expected_present_features	19	graph	species	species	species	species	species	species	species	species	mapped_expected_features	18	100.0	100.0	100.0	100.0	100.0	100.0	100.0	100.0	18.0	0.0	0	0.0	0.3076923076923077	1.0	mapped_inferred_features	18			0.0	0.0	0.125	1.0	8.0		0.0	0.08502231835856913	3.7509846334660146e-05	0.0004411764705882035
mock-ZIEL_2	SRR13005965	mock-ZIEL_2|SRR13005965	ASV	27	19	18	9	18	18	expected_present_features	19	graph	tip	tip	tip	tip	tip	tip	tip	tip	mapped_expected_features	18	100.0	100.0	100.0	100.0	100.0	100.0	100.0	100.0	18.0	0.0	0	0.0	0.3333333333333333	1.0	mapped_inferred_features	18			0.0	0.0	0.2222222222222222	2.0	9.0		0.0	0.08908868001634654	0.00015324887617490512	0.0017201834862384995
mock-ZIEL_2	SRR13005965	mock-ZIEL_2|SRR13005965	ASV	27	19	18	9	18	18	expected_present_features	19	graph	species	species	species	species	species	species	species	species	mapped_expected_features	18	100.0	100.0	100.0	100.0	100.0	100.0	100.0	100.0	18.0	0.0	0	0.0	0.3333333333333333	1.0	mapped_inferred_features	18			0.0	0.0	0.2222222222222222	2.0	9.0		0.0	0.08908868001634654	0.00015324887617490512	0.0017201834862384995
mock-ZIEL_2	SRR13005966	mock-ZIEL_2|SRR13005966	ASV	37	19	18	19	18	18	expected_present_features	19	graph	tip	tip	tip	tip	tip	tip	tip	tip	mapped_expected_features	18	100.0	100.0	100.0	100.0	100.0	100.0	100.0	100.0	18.0	0.0	0	0.0	0.5135135135135135	1.0	mapped_inferred_features	18			0.0	0.0	0.6842105263157895	13.0	19.0		0.0	0.08715468535832488	0.0007800572784915916	0.008950262114819071
mock-ZIEL_2	SRR13005966	mock-ZIEL_2|SRR13005966	ASV	37	19	18	19	18	18	expected_present_features	19	graph	species	species	species	species	species	species	species	species	mapped_expected_features	18	100.0	100.0	100.0	100.0	100.0	100.0	100.0	100.0	18.0	0.0	0	0.0	0.5135135135135135	1.0	mapped_inferred_features	18			0.0	0.0	0.6842105263157895	13.0	19.0		0.0	0.08715468535832488	0.0007800572784915916	0.008950262114819071
mock-ZIEL_2	SRR13005964	mock-ZIEL_2|SRR13005964	zOTU	26	19	18	8	18	18	expected_present_features	19	graph	tip	tip	tip	tip	tip	tip	tip	tip	mapped_expected_features	18	100.0	100.0	100.0	100.0	100.0	100.0	100.0	100.0	18.0	0.0	0	0.0	0.3076923076923077	1.0	mapped_inferred_features	18			0.0	0.0	0.25	2.0	8.0		0.0	0.07734392954311259	1.482678607170329e-05	0.0001916994153166039
mock-ZIEL_2	SRR13005964	mock-ZIEL_2|SRR13005964	zOTU	26	19	18	8	18	18	expected_present_features	19	graph	species	species	species	species	species	species	species	species	mapped_expected_features	18	100.0	100.0	100.0	100.0	100.0	100.0	100.0	100.0	18.0	0.0	0	0.0	0.3076923076923077	1.0	mapped_inferred_features	18			0.0	0.0	0.25	2.0	8.0		0.0	0.07734392954311259	1.482678607170329e-05	0.0001916994153166039
mock-ZIEL_2	SRR13005965	mock-ZIEL_2|SRR13005965	zOTU	27	19	18	9	18	18	expected_present_features	19	graph	tip	tip	tip	tip	tip	tip	tip	tip	mapped_expected_features	18	100.0	100.0	100.0	100.0	100.0	100.0	100.0	100.0	18.0	0.0	0	0.0	0.3333333333333333	1.0	mapped_inferred_features	18			0.0	0.0	0.3333333333333333	3.0	9.0		0.0	0.0790889456116238	0.00045160023561750806	0.0057100297914597035
mock-ZIEL_2	SRR13005965	mock-ZIEL_2|SRR13005965	zOTU	27	19	18	9	18	18	expected_present_features	19	graph	species	species	species	species	species	species	species	species	mapped_expected_features	18	100.0	100.0	100.0	100.0	100.0	100.0	100.0	100.0	18.0	0.0	0	0.0	0.3333333333333333	1.0	mapped_inferred_features	18			0.0	0.0	0.3333333333333333	3.0	9.0		0.0	0.0790889456116238	0.00045160023561750806	0.0057100297914597035
mock-ZIEL_2	SRR13005966	mock-ZIEL_2|SRR13005966	zOTU	27	19	18	9	18	18	expected_present_features	19	graph	tip	tip	tip	tip	tip	tip	tip	tip	mapped_expected_features	18	100.0	100.0	100.0	100.0	100.0	100.0	100.0	100.0	18.0	0.0	0	0.0	0.3333333333333333	1.0	mapped_inferred_features	18			0.0	0.0	0.3333333333333333	3.0	9.0		0.0	0.07993253753255151	0.00047188772567594017	0.005903574942604191
mock-ZIEL_2	SRR13005966	mock-ZIEL_2|SRR13005966	zOTU	27	19	18	9	18	18	expected_present_features	19	graph	species	species	species	species	species	species	species	species	mapped_expected_features	18	100.0	100.0	100.0	100.0	100.0	100.0	100.0	100.0	18.0	0.0	0	0.0	0.3333333333333333	1.0	mapped_inferred_features	18			0.0	0.0	0.3333333333333333	3.0	9.0		0.0	0.07993253753255151	0.00047188772567594017	0.005903574942604191
mock-ZIEL_2	SRR13005964	mock-ZIEL_2|SRR13005964	OTU	18	19	16	2	16	16	expected_present_features	19	graph	tip	tip	tip	tip	tip	tip	tip	tip	mapped_expected_features	16	100.0	100.0	97.0	97.0	100.0	97.0	97.0	100.0	16.0	2.0	0	0.0	0.1111111111111111	1.0	mapped_inferred_features	16			0.0	0.0	1.0	2.0	2.0		0.10526315789473684	1.482788532113492e-05	1.482788532113492e-05	1.0
mock-ZIEL_2	SRR13005964	mock-ZIEL_2|SRR13005964	OTU	18	19	16	2	16	16	expected_present_features	19	graph	species	species	species	species	species	species	species	species	mapped_expected_features	16	100.0	100.0	97.0	97.0	100.0	97.0	97.0	100.0	16.0	2.0	0	0.0	0.1111111111111111	1.0	mapped_inferred_features	16			0.0	0.0	1.0	2.0	2.0		0.10526315789473684	1.482788532113492e-05	1.482788532113492e-05	1.0
mock-ZIEL_2	SRR13005965	mock-ZIEL_2|SRR13005965	OTU	19	19	16	3	16	16	expected_present_features	19	graph	tip	tip	tip	tip	tip	tip	tip	tip	mapped_expected_features	16	100.0	100.0	97.0	97.0	100.0	97.0	97.0	100.0	16.0	2.0	0	0.0	0.15789473684210525	1.0	mapped_inferred_features	16			0.0	0.0	1.0	3.0	3.0		0.10526315789473684	0.0004516002356175143	0.0004516002356175143	1.0
mock-ZIEL_2	SRR13005965	mock-ZIEL_2|SRR13005965	OTU	19	19	16	3	16	16	expected_present_features	19	graph	species	species	species	species	species	species	species	species	mapped_expected_features	16	100.0	100.0	97.0	97.0	100.0	97.0	97.0	100.0	16.0	2.0	0	0.0	0.15789473684210525	1.0	mapped_inferred_features	16			0.0	0.0	1.0	3.0	3.0		0.10526315789473684	0.0004516002356175143	0.0004516002356175143	1.0
mock-ZIEL_2	SRR13005966	mock-ZIEL_2|SRR13005966	OTU	19	19	16	3	16	16	expected_present_features	19	graph	tip	tip	tip	tip	tip	tip	tip	tip	mapped_expected_features	16	100.0	100.0	97.0	97.0	100.0	97.0	97.0	100.0	16.0	2.0	0	0.0	0.15789473684210525	1.0	mapped_inferred_features	16			0.0	0.0	1.0	3.0	3.0		0.10526315789473684	0.00047190009700168666	0.00047190009700168666	1.0
mock-ZIEL_2	SRR13005966	mock-ZIEL_2|SRR13005966	OTU	19	19	16	3	16	16	expected_present_features	19	graph	species	species	species	species	species	species	species	species	mapped_expected_features	16	100.0	100.0	97.0	97.0	100.0	97.0	97.0	100.0	16.0	2.0	0	0.0	0.15789473684210525	1.0	mapped_inferred_features	16			0.0	0.0	1.0	3.0	3.0		0.10526315789473684	0.00047190009700168666	0.00047190009700168666	1.0
mock-ZIEL_2	SRR13005964	mock-ZIEL_2|SRR13005964	TIC	20	19	18	2	17	18	expected_present_features	19	graph	tip	tip	tip	tip	tip	tip	tip	tip	mapped_expected_features	17	100.0	100.0	98.7	98.7	100.0	98.7	98.7	100.0	17.0	6.0	0	0.0	0.1	1.0	mapped_inferred_features	17	0.75	0.8	15.0	20.0	1.0	2.0	2.0		0.3157894736842105	1.4826786071717157e-05	1.4826786071717157e-05	1.0
mock-ZIEL_2	SRR13005964	mock-ZIEL_2|SRR13005964	TIC	20	19	18	2	17	18	expected_present_features	19	graph	species	species	species	species	species	species	species	species	mapped_expected_features	17	100.0	100.0	98.7	98.7	100.0	98.7	98.7	100.0	17.0	6.0	0	0.0	0.1	1.0	mapped_inferred_features	17	0.75	0.8	15.0	20.0	1.0	2.0	2.0		0.3157894736842105	1.4826786071717157e-05	1.4826786071717157e-05	1.0
mock-ZIEL_2	SRR13005965	mock-ZIEL_2|SRR13005965	TIC	21	19	18	3	17	18	expected_present_features	19	graph	tip	tip	tip	tip	tip	tip	tip	tip	mapped_expected_features	17	100.0	100.0	98.7	98.7	100.0	98.7	98.7	100.0	17.0	6.0	0	0.0	0.14285714285714285	1.0	mapped_inferred_features	17	0.7142857142857143	0.7619047619047619	15.0	21.0	1.0	3.0	3.0		0.3157894736842105	0.00045160023561751424	0.00045160023561751424	1.0
mock-ZIEL_2	SRR13005965	mock-ZIEL_2|SRR13005965	TIC	21	19	18	3	17	18	expected_present_features	19	graph	species	species	species	species	species	species	species	species	mapped_expected_features	17	100.0	100.0	98.7	98.7	100.0	98.7	98.7	100.0	17.0	6.0	0	0.0	0.14285714285714285	1.0	mapped_inferred_features	17	0.7142857142857143	0.7619047619047619	15.0	21.0	1.0	3.0	3.0		0.3157894736842105	0.00045160023561751424	0.00045160023561751424	1.0
mock-ZIEL_2	SRR13005966	mock-ZIEL_2|SRR13005966	TIC	21	19	18	3	17	18	expected_present_features	19	graph	tip	tip	tip	tip	tip	tip	tip	tip	mapped_expected_features	17	100.0	100.0	98.7	98.7	100.0	98.7	98.7	100.0	17.0	6.0	0	0.0	0.14285714285714285	1.0	mapped_inferred_features	17	0.7142857142857143	0.7619047619047619	15.0	21.0	1.0	3.0	3.0		0.3157894736842105	0.0004718877256759355	0.0004718877256759355	1.0
mock-ZIEL_2	SRR13005966	mock-ZIEL_2|SRR13005966	TIC	21	19	18	3	17	18	expected_present_features	19	graph	species	species	species	species	species	species	species	species	mapped_expected_features	17	100.0	100.0	98.7	98.7	100.0	98.7	98.7	100.0	17.0	6.0	0	0.0	0.14285714285714285	1.0	mapped_inferred_features	17	0.7142857142857143	0.7619047619047619	15.0	21.0	1.0	3.0	3.0		0.3157894736842105	0.0004718877256759355	0.0004718877256759355	1.0
mock-ZIEL_2	SRR13005964	mock-ZIEL_2|SRR13005964	TAC	18	19	16	2	14	16	expected_present_features	19	graph	tip	tip	tip	tip	tip	tip	tip	tip	mapped_expected_features	14	100.0	100.0	98.7	98.7	100.0	98.7	98.7	100.0	14.0	2.0	0	0.0	0.1111111111111111	1.0	mapped_inferred_features	14	0.8333333333333334	0.8518518518518519	15.0	18.0	1.0	2.0	2.0		0.10526315789473684	1.482678607171716e-05	1.482678607171716e-05	1.0
mock-ZIEL_2	SRR13005964	mock-ZIEL_2|SRR13005964	TAC	18	19	16	2	14	16	expected_present_features	19	graph	species	species	species	species	species	species	species	species	mapped_expected_features	14	100.0	100.0	98.7	98.7	100.0	98.7	98.7	100.0	14.0	2.0	0	0.0	0.1111111111111111	1.0	mapped_inferred_features	14	0.8333333333333334	0.8518518518518519	15.0	18.0	1.0	2.0	2.0		0.10526315789473684	1.482678607171716e-05	1.482678607171716e-05	1.0
mock-ZIEL_2	SRR13005965	mock-ZIEL_2|SRR13005965	TAC	19	19	16	3	14	16	expected_present_features	19	graph	tip	tip	tip	tip	tip	tip	tip	tip	mapped_expected_features	14	100.0	100.0	98.7	98.7	100.0	98.7	98.7	100.0	14.0	2.0	0	0.0	0.15789473684210525	1.0	mapped_inferred_features	14	0.7894736842105263	0.8070175438596492	15.0	19.0	1.0	3.0	3.0		0.10526315789473684	0.00045160023561751413	0.00045160023561751413	1.0
mock-ZIEL_2	SRR13005965	mock-ZIEL_2|SRR13005965	TAC	19	19	16	3	14	16	expected_present_features	19	graph	species	species	species	species	species	species	species	species	mapped_expected_features	14	100.0	100.0	98.7	98.7	100.0	98.7	98.7	100.0	14.0	2.0	0	0.0	0.15789473684210525	1.0	mapped_inferred_features	14	0.7894736842105263	0.8070175438596492	15.0	19.0	1.0	3.0	3.0		0.10526315789473684	0.00045160023561751413	0.00045160023561751413	1.0
mock-ZIEL_2	SRR13005966	mock-ZIEL_2|SRR13005966	TAC	19	19	16	3	14	16	expected_present_features	19	graph	tip	tip	tip	tip	tip	tip	tip	tip	mapped_expected_features	14	100.0	100.0	98.7	98.7	100.0	98.7	98.7	100.0	14.0	2.0	0	0.0	0.15789473684210525	1.0	mapped_inferred_features	14	0.7894736842105263	0.8070175438596492	15.0	19.0	1.0	3.0	3.0		0.10526315789473684	0.0004718877256759355	0.0004718877256759355	1.0
mock-ZIEL_2	SRR13005966	mock-ZIEL_2|SRR13005966	TAC	19	19	16	3	14	16	expected_present_features	19	graph	species	species	species	species	species	species	species	species	mapped_expected_features	14	100.0	100.0	98.7	98.7	100.0	98.7	98.7	100.0	14.0	2.0	0	0.0	0.15789473684210525	1.0	mapped_inferred_features	14	0.7894736842105263	0.8070175438596492	15.0	19.0	1.0	3.0	3.0		0.10526315789473684	0.0004718877256759355	0.0004718877256759355	1.0
mock-ZYMO	SRR13006004	mock-ZYMO|SRR13006004	ASV	10	8	6	4	6	6	expected_present_features	8	graph	tip	tip	tip	tip	tip	tip	tip	tip	mapped_expected_features	6	100.0	100.0	100.0	100.0	100.0	100.0	100.0	100.0	6.0	0.0	0	0.0	0.4	1.0	mapped_inferred_features	6			0.0	0.0	0.25	1.0	4.0		0.0	0.3562308860326355	0.16501636048675125	0.4632286726301255
mock-ZYMO	SRR13006004	mock-ZYMO|SRR13006004	ASV	10	8	6	4	6	6	expected_present_features	8	graph	species	species	species	species	species	species	species	species	mapped_expected_features	6	100.0	100.0	100.0	100.0	100.0	100.0	100.0	100.0	6.0	0.0	0	0.0	0.4	1.0	mapped_inferred_features	6			0.0	0.0	0.25	1.0	4.0		0.0	0.3562308860326355	0.16501636048675125	0.4632286726301255
mock-ZYMO	SRR13006002	mock-ZYMO|SRR13006002	ASV	9	8	6	3	6	6	expected_present_features	8	graph	tip	tip	tip	tip	tip	tip	tip	tip	mapped_expected_features	6	100.0	100.0	100.0	100.0	100.0	100.0	100.0	100.0	6.0	0.0	0	0.0	0.3333333333333333	1.0	mapped_inferred_features	6			0.0	0.0	0.3333333333333333	1.0	3.0		0.0	0.2854581115158308	0.10142897170075654	0.3553199842952494
mock-ZYMO	SRR13006002	mock-ZYMO|SRR13006002	ASV	9	8	6	3	6	6	expected_present_features	8	graph	species	species	species	species	species	species	species	species	mapped_expected_features	6	100.0	100.0	100.0	100.0	100.0	100.0	100.0	100.0	6.0	0.0	0	0.0	0.3333333333333333	1.0	mapped_inferred_features	6			0.0	0.0	0.3333333333333333	1.0	3.0		0.0	0.2854581115158308	0.10142897170075654	0.3553199842952494
mock-ZYMO	SRR13006003	mock-ZYMO|SRR13006003	ASV	16	8	6	10	6	6	expected_present_features	8	graph	tip	tip	tip	tip	tip	tip	tip	tip	mapped_expected_features	6	100.0	100.0	100.0	100.0	100.0	100.0	100.0	100.0	6.0	0.0	0	0.0	0.625	1.0	mapped_inferred_features	6			0.0	0.0	0.7	7.0	10.0		0.0	0.3757422124783045	0.1626244633232849	0.4328086063331915
mock-ZYMO	SRR13006003	mock-ZYMO|SRR13006003	ASV	16	8	6	10	6	6	expected_present_features	8	graph	species	species	species	species	species	species	species	species	mapped_expected_features	6	100.0	100.0	100.0	100.0	100.0	100.0	100.0	100.0	6.0	0.0	0	0.0	0.625	1.0	mapped_inferred_features	6			0.0	0.0	0.7	7.0	10.0		0.0	0.3757422124783045	0.1626244633232849	0.4328086063331915
mock-ZYMO	SRR13006004	mock-ZYMO|SRR13006004	zOTU	11	8	6	5	6	6	expected_present_features	8	graph	tip	tip	tip	tip	tip	tip	tip	tip	mapped_expected_features	6	100.0	100.0	100.0	100.0	100.0	100.0	100.0	100.0	6.0	0.0	0	0.0	0.45454545454545453	1.0	mapped_inferred_features	6			0.0	0.0	0.4	2.0	5.0		0.0	0.35101436656508483	0.1556639094471049	0.44346877015428887
mock-ZYMO	SRR13006004	mock-ZYMO|SRR13006004	zOTU	11	8	6	5	6	6	expected_present_features	8	graph	species	species	species	species	species	species	species	species	mapped_expected_features	6	100.0	100.0	100.0	100.0	100.0	100.0	100.0	100.0	6.0	0.0	0	0.0	0.45454545454545453	1.0	mapped_inferred_features	6			0.0	0.0	0.4	2.0	5.0		0.0	0.35101436656508483	0.1556639094471049	0.44346877015428887
mock-ZYMO	SRR13006002	mock-ZYMO|SRR13006002	zOTU	10	8	6	4	6	6	expected_present_features	8	graph	tip	tip	tip	tip	tip	tip	tip	tip	mapped_expected_features	6	100.0	100.0	100.0	100.0	100.0	100.0	100.0	100.0	6.0	0.0	0	0.0	0.4	1.0	mapped_inferred_features	6			0.0	0.0	0.5	2.0	4.0		0.0	0.28322344904281516	0.09210421796806736	0.3251998317206563
mock-ZYMO	SRR13006002	mock-ZYMO|SRR13006002	zOTU	10	8	6	4	6	6	expected_present_features	8	graph	species	species	species	species	species	species	species	species	mapped_expected_features	6	100.0	100.0	100.0	100.0	100.0	100.0	100.0	100.0	6.0	0.0	0	0.0	0.4	1.0	mapped_inferred_features	6			0.0	0.0	0.5	2.0	4.0		0.0	0.28322344904281516	0.09210421796806736	0.3251998317206563
mock-ZYMO	SRR13006003	mock-ZYMO|SRR13006003	zOTU	11	8	6	5	6	6	expected_present_features	8	graph	tip	tip	tip	tip	tip	tip	tip	tip	mapped_expected_features	6	100.0	100.0	100.0	100.0	100.0	100.0	100.0	100.0	6.0	0.0	0	0.0	0.45454545454545453	1.0	mapped_inferred_features	6			0.0	0.0	0.4	2.0	5.0		0.0	0.3716538461538462	0.15505769230769234	0.41720997619786815
mock-ZYMO	SRR13006003	mock-ZYMO|SRR13006003	zOTU	11	8	6	5	6	6	expected_present_features	8	graph	species	species	species	species	species	species	species	species	mapped_expected_features	6	100.0	100.0	100.0	100.0	100.0	100.0	100.0	100.0	6.0	0.0	0	0.0	0.45454545454545453	1.0	mapped_inferred_features	6			0.0	0.0	0.4	2.0	5.0		0.0	0.3716538461538462	0.15505769230769234	0.41720997619786815
mock-ZYMO	SRR13006004	mock-ZYMO|SRR13006004	OTU	9	8	7	2	6	7	expected_present_features	8	graph	tip	tip	tip	tip	tip	tip	tip	tip	mapped_expected_features	6	100.0	100.0	97.0	97.0	100.0	97.0	97.0	100.0	6.0	0.0	0	0.0	0.2222222222222222	1.0	mapped_inferred_features	6			0.0	0.0	1.0	2.0	2.0		0.0	0.15566933110426134	0.15566933110426134	1.0
mock-ZYMO	SRR13006004	mock-ZYMO|SRR13006004	OTU	9	8	7	2	6	7	expected_present_features	8	graph	species	species	species	species	species	species	species	species	mapped_expected_features	6	100.0	100.0	97.0	97.0	100.0	97.0	97.0	100.0	6.0	0.0	0	0.0	0.2222222222222222	1.0	mapped_inferred_features	6			0.0	0.0	1.0	2.0	2.0		0.0	0.15566933110426134	0.15566933110426134	1.0
mock-ZYMO	SRR13006002	mock-ZYMO|SRR13006002	OTU	9	8	7	2	6	7	expected_present_features	8	graph	tip	tip	tip	tip	tip	tip	tip	tip	mapped_expected_features	6	100.0	100.0	97.0	97.0	100.0	97.0	97.0	100.0	6.0	0.0	0	0.0	0.2222222222222222	1.0	mapped_inferred_features	6			0.0	0.0	1.0	2.0	2.0		0.0	0.09210421796806735	0.09210421796806735	1.0
mock-ZYMO	SRR13006002	mock-ZYMO|SRR13006002	OTU	9	8	7	2	6	7	expected_present_features	8	graph	species	species	species	species	species	species	species	species	mapped_expected_features	6	100.0	100.0	97.0	97.0	100.0	97.0	97.0	100.0	6.0	0.0	0	0.0	0.2222222222222222	1.0	mapped_inferred_features	6			0.0	0.0	1.0	2.0	2.0		0.0	0.09210421796806735	0.09210421796806735	1.0
mock-ZYMO	SRR13006003	mock-ZYMO|SRR13006003	OTU	9	8	7	2	6	7	expected_present_features	8	graph	tip	tip	tip	tip	tip	tip	tip	tip	mapped_expected_features	6	100.0	100.0	97.0	97.0	100.0	97.0	97.0	100.0	6.0	0.0	0	0.0	0.2222222222222222	1.0	mapped_inferred_features	6			0.0	0.0	1.0	2.0	2.0		0.0	0.15505769230769234	0.15505769230769234	1.0
mock-ZYMO	SRR13006003	mock-ZYMO|SRR13006003	OTU	9	8	7	2	6	7	expected_present_features	8	graph	species	species	species	species	species	species	species	species	mapped_expected_features	6	100.0	100.0	97.0	97.0	100.0	97.0	97.0	100.0	6.0	0.0	0	0.0	0.2222222222222222	1.0	mapped_inferred_features	6			0.0	0.0	1.0	2.0	2.0		0.0	0.15505769230769234	0.15505769230769234	1.0
mock-ZYMO	SRR13006004	mock-ZYMO|SRR13006004	TIC	10	8	7	3	6	7	expected_present_features	8	graph	tip	tip	tip	tip	tip	tip	tip	tip	mapped_expected_features	6	100.0	100.0	98.7	98.7	100.0	98.7	98.7	100.0	6.0	0.0	0	0.0	0.3	1.0	mapped_inferred_features	6	0.7	0.7	7.0	10.0	0.6666666666666666	2.0	3.0		0.0	0.15576839355681324	0.15566390944710493	0.9993292342090554
mock-ZYMO	SRR13006004	mock-ZYMO|SRR13006004	TIC	10	8	7	3	6	7	expected_present_features	8	graph	species	species	species	species	species	species	species	species	mapped_expected_features	6	100.0	100.0	98.7	98.7	100.0	98.7	98.7	100.0	6.0	0.0	0	0.0	0.3	1.0	mapped_inferred_features	6	0.7	0.7	7.0	10.0	0.6666666666666666	2.0	3.0		0.0	0.15576839355681324	0.15566390944710493	0.9993292342090554
mock-ZYMO	SRR13006002	mock-ZYMO|SRR13006002	TIC	9	8	7	2	6	7	expected_present_features	8	graph	tip	tip	tip	tip	tip	tip	tip	tip	mapped_expected_features	6	100.0	100.0	98.7	98.7	100.0	98.7	98.7	100.0	6.0	0.0	0	0.0	0.2222222222222222	1.0	mapped_inferred_features	6	0.7777777777777778	0.7777777777777778	7.0	9.0	1.0	2.0	2.0		0.0	0.09210421796806735	0.09210421796806735	1.0
mock-ZYMO	SRR13006002	mock-ZYMO|SRR13006002	TIC	9	8	7	2	6	7	expected_present_features	8	graph	species	species	species	species	species	species	species	species	mapped_expected_features	6	100.0	100.0	98.7	98.7	100.0	98.7	98.7	100.0	6.0	0.0	0	0.0	0.2222222222222222	1.0	mapped_inferred_features	6	0.7777777777777778	0.7777777777777778	7.0	9.0	1.0	2.0	2.0		0.0	0.09210421796806735	0.09210421796806735	1.0
mock-ZYMO	SRR13006003	mock-ZYMO|SRR13006003	TIC	10	8	7	3	6	7	expected_present_features	8	graph	tip	tip	tip	tip	tip	tip	tip	tip	mapped_expected_features	6	100.0	100.0	98.7	98.7	100.0	98.7	98.7	100.0	6.0	0.0	0	0.0	0.3	1.0	mapped_inferred_features	6	0.7	0.7	7.0	10.0	0.6666666666666666	2.0	3.0		0.0	0.15517307692307694	0.1550576923076923	0.9992564134341305
mock-ZYMO	SRR13006003	mock-ZYMO|SRR13006003	TIC	10	8	7	3	6	7	expected_present_features	8	graph	species	species	species	species	species	species	species	species	mapped_expected_features	6	100.0	100.0	98.7	98.7	100.0	98.7	98.7	100.0	6.0	0.0	0	0.0	0.3	1.0	mapped_inferred_features	6	0.7	0.7	7.0	10.0	0.6666666666666666	2.0	3.0		0.0	0.15517307692307694	0.1550576923076923	0.9992564134341305
mock-ZYMO	SRR13006004	mock-ZYMO|SRR13006004	TAC	10	8	7	3	6	7	expected_present_features	8	graph	tip	tip	tip	tip	tip	tip	tip	tip	mapped_expected_features	6	100.0	100.0	98.7	98.7	100.0	98.7	98.7	100.0	6.0	0.0	0	0.0	0.3	1.0	mapped_inferred_features	6	0.7	0.7	7.0	10.0	0.6666666666666666	2.0	3.0		0.0	0.15576839355681324	0.15566390944710493	0.9993292342090554
mock-ZYMO	SRR13006004	mock-ZYMO|SRR13006004	TAC	10	8	7	3	6	7	expected_present_features	8	graph	species	species	species	species	species	species	species	species	mapped_expected_features	6	100.0	100.0	98.7	98.7	100.0	98.7	98.7	100.0	6.0	0.0	0	0.0	0.3	1.0	mapped_inferred_features	6	0.7	0.7	7.0	10.0	0.6666666666666666	2.0	3.0		0.0	0.15576839355681324	0.15566390944710493	0.9993292342090554
mock-ZYMO	SRR13006002	mock-ZYMO|SRR13006002	TAC	9	8	7	2	6	7	expected_present_features	8	graph	tip	tip	tip	tip	tip	tip	tip	tip	mapped_expected_features	6	100.0	100.0	98.7	98.7	100.0	98.7	98.7	100.0	6.0	0.0	0	0.0	0.2222222222222222	1.0	mapped_inferred_features	6	0.7777777777777778	0.7777777777777778	7.0	9.0	1.0	2.0	2.0		0.0	0.09210421796806735	0.09210421796806735	1.0
mock-ZYMO	SRR13006002	mock-ZYMO|SRR13006002	TAC	9	8	7	2	6	7	expected_present_features	8	graph	species	species	species	species	species	species	species	species	mapped_expected_features	6	100.0	100.0	98.7	98.7	100.0	98.7	98.7	100.0	6.0	0.0	0	0.0	0.2222222222222222	1.0	mapped_inferred_features	6	0.7777777777777778	0.7777777777777778	7.0	9.0	1.0	2.0	2.0		0.0	0.09210421796806735	0.09210421796806735	1.0
mock-ZYMO	SRR13006003	mock-ZYMO|SRR13006003	TAC	10	8	7	3	6	7	expected_present_features	8	graph	tip	tip	tip	tip	tip	tip	tip	tip	mapped_expected_features	6	100.0	100.0	98.7	98.7	100.0	98.7	98.7	100.0	6.0	0.0	0	0.0	0.3	1.0	mapped_inferred_features	6	0.7	0.7	7.0	10.0	0.6666666666666666	2.0	3.0		0.0	0.1551730769230769	0.15505769230769229	0.9992564134341305
mock-ZYMO	SRR13006003	mock-ZYMO|SRR13006003	TAC	10	8	7	3	6	7	expected_present_features	8	graph	species	species	species	species	species	species	species	species	mapped_expected_features	6	100.0	100.0	98.7	98.7	100.0	98.7	98.7	100.0	6.0	0.0	0	0.0	0.3	1.0	mapped_inferred_features	6	0.7	0.7	7.0	10.0	0.6666666666666666	2.0	3.0		0.0	0.1551730769230769	0.15505769230769229	0.9992564134341305
